{
  "Top": "mmult",
  "RtlTop": "mmult",
  "RtlPrefix": "",
  "RtlSubPrefix": "mmult_",
  "SourceLanguage": "cpp",
  "HostMachineBits": "64",
  "FunctionProtocol": "ap_ctrl_hs",
  "ResetStyle": "control",
  "Target": {
    "Family": "virtexuplushbm",
    "Device": "xcu50",
    "Package": "-fsvh2104",
    "Speed": "-2-e",
    "Triple": "fpga64-xilinx-none"
  },
  "Args": {
    "a": {
      "index": "0",
      "direction": "in",
      "srcType": "*",
      "srcSize": "32",
      "hwRefs": [
        {
          "type": "interface",
          "interface": "m_axi_gmem0",
          "name": "",
          "usage": "data",
          "direction": "in"
        },
        {
          "type": "register",
          "interface": "s_axi_control",
          "name": "a_1",
          "usage": "address",
          "direction": "in"
        },
        {
          "type": "register",
          "interface": "s_axi_control",
          "name": "a_2",
          "usage": "address",
          "direction": "in"
        }
      ]
    },
    "b": {
      "index": "1",
      "direction": "in",
      "srcType": "*",
      "srcSize": "32",
      "hwRefs": [
        {
          "type": "interface",
          "interface": "m_axi_gmem1",
          "name": "",
          "usage": "data",
          "direction": "in"
        },
        {
          "type": "register",
          "interface": "s_axi_control",
          "name": "b_1",
          "usage": "address",
          "direction": "in"
        },
        {
          "type": "register",
          "interface": "s_axi_control",
          "name": "b_2",
          "usage": "address",
          "direction": "in"
        }
      ]
    },
    "c": {
      "index": "2",
      "direction": "out",
      "srcType": "*",
      "srcSize": "32",
      "hwRefs": [
        {
          "type": "interface",
          "interface": "m_axi_gmem2",
          "name": "",
          "usage": "data",
          "direction": "out"
        },
        {
          "type": "register",
          "interface": "s_axi_control",
          "name": "c_1",
          "usage": "address",
          "direction": "in"
        },
        {
          "type": "register",
          "interface": "s_axi_control",
          "name": "c_2",
          "usage": "address",
          "direction": "in"
        }
      ]
    }
  },
  "HlsSolution": {
    "FlowTarget": "vivado",
    "ConfigTcl": ["config_interface -m_axi_latency=0"],
    "DirectiveTcl": ["set_directive_top mmult -name mmult"],
    "ProfileOption": "0",
    "ProfileType": "none",
    "KernelName": "mmult"
  },
  "ClockInfo": {
    "ClockName": "ap_clk",
    "ClockPeriod": "10",
    "Uncertainty": "2.7",
    "IsCombinational": "0",
    "II": "128339",
    "Latency": "128338"
  },
  "Xdc": {"OocClocks": ["create_clock -name ap_clk -period 10.000 [get_ports ap_clk]"]},
  "Ipx": {
    "Vendor": "xilinx.com",
    "Library": "hls",
    "Name": "mmult",
    "Version": "1.0",
    "DisplayName": "Mmult",
    "Revision": "2113882075",
    "Description": "An IP generated by Vitis HLS",
    "Taxonomy": "\/VITIS_HLS_IP",
    "AutoFamilySupport": "",
    "ZipFile": "xilinx_com_hls_mmult_1_0.zip"
  },
  "Files": {
    "CSource": ["..\/..\/src\/q_matmul_k_new.cpp"],
    "Vhdl": [
      "impl\/vhdl\/mmult_control_s_axi.vhd",
      "impl\/vhdl\/mmult_fadd_32ns_32ns_32_3_full_dsp_1.vhd",
      "impl\/vhdl\/mmult_flow_control_loop_pipe_sequential_init.vhd",
      "impl\/vhdl\/mmult_fmul_32ns_32ns_32_2_max_dsp_1.vhd",
      "impl\/vhdl\/mmult_gmem0_m_axi.vhd",
      "impl\/vhdl\/mmult_gmem1_m_axi.vhd",
      "impl\/vhdl\/mmult_gmem2_m_axi.vhd",
      "impl\/vhdl\/mmult_localA_RAM_2P_BRAM_2R1W.vhd",
      "impl\/vhdl\/mmult_localB_RAM_2P_BRAM_2R1W.vhd",
      "impl\/vhdl\/mmult_localC_RAM_2P_BRAM_2R1W.vhd",
      "impl\/vhdl\/mmult_mac_muladd_8ns_4ns_4ns_12_4_1.vhd",
      "impl\/vhdl\/mmult_mac_muladd_8ns_8ns_8ns_16_4_1.vhd",
      "impl\/vhdl\/mmult_mac_muladd_10ns_6ns_6ns_15_4_1.vhd",
      "impl\/vhdl\/mmult_mac_muladd_10s_4ns_10ns_10_4_1.vhd",
      "impl\/vhdl\/mmult_mac_muladd_12s_4ns_12ns_12_4_1.vhd",
      "impl\/vhdl\/mmult_mac_muladd_12s_6ns_12ns_12_4_1.vhd",
      "impl\/vhdl\/mmult_mac_muladd_15s_6ns_15ns_15_4_1.vhd",
      "impl\/vhdl\/mmult_mac_muladd_16s_8ns_16ns_16_4_1.vhd",
      "impl\/vhdl\/mmult_mmult_Pipeline_init_inAB.vhd",
      "impl\/vhdl\/mmult_mmult_Pipeline_init_inC.vhd",
      "impl\/vhdl\/mmult_mmult_Pipeline_initC_VITIS_LOOP_77_1.vhd",
      "impl\/vhdl\/mmult_mmult_Pipeline_read_subA.vhd",
      "impl\/vhdl\/mmult_mmult_Pipeline_read_subB.vhd",
      "impl\/vhdl\/mmult_mmult_Pipeline_readA.vhd",
      "impl\/vhdl\/mmult_mmult_Pipeline_readB.vhd",
      "impl\/vhdl\/mmult_mmult_Pipeline_store_tileC.vhd",
      "impl\/vhdl\/mmult_mmult_Pipeline_VITIS_LOOP_173_7.vhd",
      "impl\/vhdl\/mmult_mmult_Pipeline_VITIS_LOOP_223_16.vhd",
      "impl\/vhdl\/mmult_mmult_Pipeline_writeC.vhd",
      "impl\/vhdl\/mmult_mul_8ns_9ns_16_1_1.vhd",
      "impl\/vhdl\/mmult_mux_164_32_1_1.vhd",
      "impl\/vhdl\/mmult_mux_165_32_1_1.vhd",
      "impl\/vhdl\/mmult_mux_646_32_1_1.vhd",
      "impl\/vhdl\/mmult_mux_647_32_1_1.vhd",
      "impl\/vhdl\/mmult_subA_63_RAM_AUTO_1R1W.vhd",
      "impl\/vhdl\/mmult_subA_RAM_AUTO_1R1W.vhd",
      "impl\/vhdl\/mmult.vhd"
    ],
    "Verilog": [
      "impl\/verilog\/mmult_control_s_axi.v",
      "impl\/verilog\/mmult_fadd_32ns_32ns_32_3_full_dsp_1.v",
      "impl\/verilog\/mmult_flow_control_loop_pipe_sequential_init.v",
      "impl\/verilog\/mmult_fmul_32ns_32ns_32_2_max_dsp_1.v",
      "impl\/verilog\/mmult_gmem0_m_axi.v",
      "impl\/verilog\/mmult_gmem1_m_axi.v",
      "impl\/verilog\/mmult_gmem2_m_axi.v",
      "impl\/verilog\/mmult_localA_RAM_2P_BRAM_2R1W.dat",
      "impl\/verilog\/mmult_localA_RAM_2P_BRAM_2R1W.v",
      "impl\/verilog\/mmult_localB_RAM_2P_BRAM_2R1W.dat",
      "impl\/verilog\/mmult_localB_RAM_2P_BRAM_2R1W.v",
      "impl\/verilog\/mmult_localC_RAM_2P_BRAM_2R1W.dat",
      "impl\/verilog\/mmult_localC_RAM_2P_BRAM_2R1W.v",
      "impl\/verilog\/mmult_mac_muladd_8ns_4ns_4ns_12_4_1.v",
      "impl\/verilog\/mmult_mac_muladd_8ns_8ns_8ns_16_4_1.v",
      "impl\/verilog\/mmult_mac_muladd_10ns_6ns_6ns_15_4_1.v",
      "impl\/verilog\/mmult_mac_muladd_10s_4ns_10ns_10_4_1.v",
      "impl\/verilog\/mmult_mac_muladd_12s_4ns_12ns_12_4_1.v",
      "impl\/verilog\/mmult_mac_muladd_12s_6ns_12ns_12_4_1.v",
      "impl\/verilog\/mmult_mac_muladd_15s_6ns_15ns_15_4_1.v",
      "impl\/verilog\/mmult_mac_muladd_16s_8ns_16ns_16_4_1.v",
      "impl\/verilog\/mmult_mmult_Pipeline_init_inAB.v",
      "impl\/verilog\/mmult_mmult_Pipeline_init_inC.v",
      "impl\/verilog\/mmult_mmult_Pipeline_initC_VITIS_LOOP_77_1.v",
      "impl\/verilog\/mmult_mmult_Pipeline_read_subA.v",
      "impl\/verilog\/mmult_mmult_Pipeline_read_subB.v",
      "impl\/verilog\/mmult_mmult_Pipeline_readA.v",
      "impl\/verilog\/mmult_mmult_Pipeline_readB.v",
      "impl\/verilog\/mmult_mmult_Pipeline_store_tileC.v",
      "impl\/verilog\/mmult_mmult_Pipeline_VITIS_LOOP_173_7.v",
      "impl\/verilog\/mmult_mmult_Pipeline_VITIS_LOOP_223_16.v",
      "impl\/verilog\/mmult_mmult_Pipeline_writeC.v",
      "impl\/verilog\/mmult_mul_8ns_9ns_16_1_1.v",
      "impl\/verilog\/mmult_mux_164_32_1_1.v",
      "impl\/verilog\/mmult_mux_165_32_1_1.v",
      "impl\/verilog\/mmult_mux_646_32_1_1.v",
      "impl\/verilog\/mmult_mux_647_32_1_1.v",
      "impl\/verilog\/mmult_subA_63_RAM_AUTO_1R1W.v",
      "impl\/verilog\/mmult_subA_RAM_AUTO_1R1W.v",
      "impl\/verilog\/mmult.v"
    ],
    "SwDriver": [
      "impl\/misc\/drivers\/mmult_v1_0\/data\/mmult.mdd",
      "impl\/misc\/drivers\/mmult_v1_0\/data\/mmult.tcl",
      "impl\/misc\/drivers\/mmult_v1_0\/src\/Makefile",
      "impl\/misc\/drivers\/mmult_v1_0\/src\/xmmult.c",
      "impl\/misc\/drivers\/mmult_v1_0\/src\/xmmult.h",
      "impl\/misc\/drivers\/mmult_v1_0\/src\/xmmult_hw.h",
      "impl\/misc\/drivers\/mmult_v1_0\/src\/xmmult_linux.c",
      "impl\/misc\/drivers\/mmult_v1_0\/src\/xmmult_sinit.c"
    ],
    "IpMisc": ["impl\/misc\/logo.png"],
    "Subcore": [
      "impl\/misc\/mmult_fadd_32ns_32ns_32_3_full_dsp_1_ip.tcl",
      "impl\/misc\/mmult_fmul_32ns_32ns_32_2_max_dsp_1_ip.tcl"
    ],
    "CsynthXml": "syn\/report\/csynth.xml",
    "DebugDir": ".debug",
    "KernelXml": ".autopilot\/db\/kernel.internal.xml",
    "Xo": "",
    "XoHlsDir": "",
    "ProtoInst": [".debug\/mmult.protoinst"]
  },
  "SubcoreInfo": {
    "HasXpmMemory": false,
    "HasClockedDsp": false,
    "Ip": [
      {
        "Name": "mmult_fadd_32ns_32ns_32_3_full_dsp_1_ip",
        "Vlnv": "xilinx.com:ip:floating_point:7.1",
        "Params": "CONFIG.a_precision_type Single CONFIG.a_tuser_width 1 CONFIG.add_sub_value Add CONFIG.b_tuser_width 1 CONFIG.c_a_exponent_width 8 CONFIG.c_a_fraction_width 24 CONFIG.c_compare_operation Programmable CONFIG.c_has_divide_by_zero false CONFIG.c_has_invalid_op false CONFIG.c_has_overflow false CONFIG.c_has_underflow false CONFIG.c_latency 1 CONFIG.c_mult_usage Full_Usage CONFIG.c_optimization Speed_Optimized CONFIG.c_rate 1 CONFIG.c_result_exponent_width 8 CONFIG.c_result_fraction_width 24 CONFIG.component_name mmult_fadd_32ns_32ns_32_3_full_dsp_1_ip CONFIG.flow_control NonBlocking CONFIG.has_a_tlast false CONFIG.has_a_tuser false CONFIG.has_aclken true CONFIG.has_aresetn false CONFIG.has_b_tlast false CONFIG.has_b_tuser false CONFIG.has_operation_tlast false CONFIG.has_operation_tuser false CONFIG.has_result_tready false CONFIG.maximum_latency false CONFIG.operation_tuser_width 1 CONFIG.operation_type Add_Subtract CONFIG.result_precision_type Single CONFIG.result_tlast_behv Null"
      },
      {
        "Name": "mmult_fmul_32ns_32ns_32_2_max_dsp_1_ip",
        "Vlnv": "xilinx.com:ip:floating_point:7.1",
        "Params": "CONFIG.a_precision_type Single CONFIG.a_tuser_width 1 CONFIG.add_sub_value Both CONFIG.b_tuser_width 1 CONFIG.c_a_exponent_width 8 CONFIG.c_a_fraction_width 24 CONFIG.c_compare_operation Programmable CONFIG.c_has_divide_by_zero false CONFIG.c_has_invalid_op false CONFIG.c_has_overflow false CONFIG.c_has_underflow false CONFIG.c_latency 0 CONFIG.c_mult_usage Max_Usage CONFIG.c_optimization Speed_Optimized CONFIG.c_rate 1 CONFIG.c_result_exponent_width 8 CONFIG.c_result_fraction_width 24 CONFIG.component_name mmult_fmul_32ns_32ns_32_2_max_dsp_1_ip CONFIG.flow_control NonBlocking CONFIG.has_a_tlast false CONFIG.has_a_tuser false CONFIG.has_aclken false CONFIG.has_aresetn false CONFIG.has_b_tlast false CONFIG.has_b_tuser false CONFIG.has_operation_tlast false CONFIG.has_operation_tuser false CONFIG.has_result_tready false CONFIG.maximum_latency false CONFIG.operation_tuser_width 1 CONFIG.operation_type Multiply CONFIG.result_precision_type Single CONFIG.result_tlast_behv Null"
      }
    ]
  },
  "Interfaces": {
    "s_axi_control": {
      "type": "axi4lite",
      "busTypeName": "aximm",
      "mode": "slave",
      "dataWidth": "32",
      "addrWidth": "6",
      "portPrefix": "s_axi_control_",
      "paramPrefix": "C_S_AXI_CONTROL_",
      "ports": [
        "s_axi_control_ARADDR",
        "s_axi_control_ARREADY",
        "s_axi_control_ARVALID",
        "s_axi_control_AWADDR",
        "s_axi_control_AWREADY",
        "s_axi_control_AWVALID",
        "s_axi_control_BREADY",
        "s_axi_control_BRESP",
        "s_axi_control_BVALID",
        "s_axi_control_RDATA",
        "s_axi_control_RREADY",
        "s_axi_control_RRESP",
        "s_axi_control_RVALID",
        "s_axi_control_WDATA",
        "s_axi_control_WREADY",
        "s_axi_control_WSTRB",
        "s_axi_control_WVALID"
      ],
      "registers": [
        {
          "offset": "0x00",
          "name": "CTRL",
          "access": "RW",
          "description": "Control signals",
          "range": "32",
          "fields": [
            {
              "offset": "0",
              "width": "1",
              "name": "AP_START",
              "access": "RW",
              "description": "Control signal Register for 'ap_start'."
            },
            {
              "offset": "1",
              "width": "1",
              "name": "AP_DONE",
              "access": "R",
              "description": "Control signal Register for 'ap_done'."
            },
            {
              "offset": "2",
              "width": "1",
              "name": "AP_IDLE",
              "access": "R",
              "description": "Control signal Register for 'ap_idle'."
            },
            {
              "offset": "3",
              "width": "1",
              "name": "AP_READY",
              "access": "R",
              "description": "Control signal Register for 'ap_ready'."
            },
            {
              "offset": "4",
              "width": "3",
              "name": "RESERVED_1",
              "access": "R",
              "description": "Reserved.  0s on read."
            },
            {
              "offset": "7",
              "width": "1",
              "name": "AUTO_RESTART",
              "access": "RW",
              "description": "Control signal Register for 'auto_restart'."
            },
            {
              "offset": "8",
              "width": "1",
              "name": "RESERVED_2",
              "access": "R",
              "description": "Reserved.  0s on read."
            },
            {
              "offset": "9",
              "width": "1",
              "name": "INTERRUPT",
              "access": "R",
              "description": "Control signal Register for 'interrupt'."
            },
            {
              "offset": "10",
              "width": "22",
              "name": "RESERVED_3",
              "access": "R",
              "description": "Reserved.  0s on read."
            }
          ]
        },
        {
          "offset": "0x04",
          "name": "GIER",
          "access": "RW",
          "description": "Global Interrupt Enable Register",
          "range": "32",
          "fields": [
            {
              "offset": "0",
              "width": "1",
              "name": "Enable",
              "access": "RW",
              "description": "Master enable for the device interrupt output to the system interrupt controller: 0 = Disabled, 1 = Enabled"
            },
            {
              "offset": "1",
              "width": "31",
              "name": "RESERVED",
              "access": "R",
              "description": "Reserved.  0s on read."
            }
          ]
        },
        {
          "offset": "0x08",
          "name": "IP_IER",
          "access": "RW",
          "description": "IP Interrupt Enable Register",
          "range": "32",
          "fields": [
            {
              "offset": "0",
              "width": "1",
              "name": "CHAN0_INT_EN",
              "access": "RW",
              "description": "Enable Channel 0 (ap_done) Interrupt.  0 = Disabled, 1 = Enabled."
            },
            {
              "offset": "1",
              "width": "1",
              "name": "CHAN1_INT_EN",
              "access": "RW",
              "description": "Enable Channel 1 (ap_ready) Interrupt.  0 = Disabled, 1 = Enabled."
            },
            {
              "offset": "2",
              "width": "30",
              "name": "RESERVED_0",
              "access": "R",
              "description": "Reserved.  0s on read."
            }
          ]
        },
        {
          "offset": "0x0c",
          "name": "IP_ISR",
          "access": "RW",
          "description": "IP Interrupt Status Register",
          "range": "32",
          "fields": [
            {
              "offset": "0",
              "width": "1",
              "name": "CHAN0_INT_ST",
              "access": "R",
              "description": "Channel 0 (ap_done) Interrupt Status. 0 = No Channel 0 interrupt, 1 = Channel 0 interrupt."
            },
            {
              "offset": "1",
              "width": "1",
              "name": "CHAN1_INT_ST",
              "access": "R",
              "description": "Channel 1 (ap_ready) Interrupt Status. 0 = No Channel 1 interrupt, 1 = Channel 1 interrupt."
            },
            {
              "offset": "2",
              "width": "30",
              "name": "RESERVED_0",
              "access": "R",
              "description": "Reserved.  0s on read."
            }
          ]
        },
        {
          "offset": "0x10",
          "name": "a_1",
          "access": "W",
          "description": "Data signal of a",
          "range": "32",
          "fields": [{
              "offset": "0",
              "width": "32",
              "name": "a",
              "access": "W",
              "description": "Bit 31 to 0 of a"
            }]
        },
        {
          "offset": "0x14",
          "name": "a_2",
          "access": "W",
          "description": "Data signal of a",
          "range": "32",
          "fields": [{
              "offset": "0",
              "width": "32",
              "name": "a",
              "access": "W",
              "description": "Bit 63 to 32 of a"
            }]
        },
        {
          "offset": "0x1c",
          "name": "b_1",
          "access": "W",
          "description": "Data signal of b",
          "range": "32",
          "fields": [{
              "offset": "0",
              "width": "32",
              "name": "b",
              "access": "W",
              "description": "Bit 31 to 0 of b"
            }]
        },
        {
          "offset": "0x20",
          "name": "b_2",
          "access": "W",
          "description": "Data signal of b",
          "range": "32",
          "fields": [{
              "offset": "0",
              "width": "32",
              "name": "b",
              "access": "W",
              "description": "Bit 63 to 32 of b"
            }]
        },
        {
          "offset": "0x28",
          "name": "c_1",
          "access": "W",
          "description": "Data signal of c",
          "range": "32",
          "fields": [{
              "offset": "0",
              "width": "32",
              "name": "c",
              "access": "W",
              "description": "Bit 31 to 0 of c"
            }]
        },
        {
          "offset": "0x2c",
          "name": "c_2",
          "access": "W",
          "description": "Data signal of c",
          "range": "32",
          "fields": [{
              "offset": "0",
              "width": "32",
              "name": "c",
              "access": "W",
              "description": "Bit 63 to 32 of c"
            }]
        }
      ],
      "constraints": [
        {
          "constraint_type": "pragma interface",
          "mode": "s_axilite",
          "register_option": "0",
          "offset": "16",
          "argName": "a"
        },
        {
          "constraint_type": "pragma interface",
          "mode": "s_axilite",
          "register_option": "0",
          "offset": "28",
          "argName": "b"
        },
        {
          "constraint_type": "pragma interface",
          "mode": "s_axilite",
          "register_option": "0",
          "offset": "40",
          "argName": "c"
        }
      ]
    },
    "ap_clk": {
      "type": "clock",
      "busTypeName": "clock",
      "mode": "slave",
      "busParams": {
        "ASSOCIATED_BUSIF": "s_axi_control:m_axi_gmem0:m_axi_gmem1:m_axi_gmem2",
        "ASSOCIATED_RESET": "ap_rst_n"
      },
      "portMap": {"ap_clk": "CLK"},
      "ports": ["ap_clk"]
    },
    "ap_rst_n": {
      "type": "reset",
      "busTypeName": "reset",
      "mode": "slave",
      "busParams": {"POLARITY": "ACTIVE_LOW"},
      "portMap": {"ap_rst_n": "RST"},
      "ports": ["ap_rst_n"]
    },
    "interrupt": {
      "type": "interrupt",
      "busTypeName": "interrupt",
      "mode": "master",
      "dataWidth": "1",
      "busParams": {"SENSITIVITY": "LEVEL_HIGH"},
      "portMap": {"interrupt": "INTERRUPT"},
      "ports": ["interrupt"]
    },
    "m_axi_gmem0": {
      "type": "axi4full",
      "busTypeName": "aximm",
      "mode": "master",
      "dataWidth": "32",
      "addrWidth": "64",
      "portPrefix": "m_axi_gmem0_",
      "paramPrefix": "C_M_AXI_GMEM0_",
      "preferredUsageValue": "MEMORY",
      "busParams": {
        "NUM_READ_OUTSTANDING": "16",
        "NUM_WRITE_OUTSTANDING": "16",
        "MAX_READ_BURST_LENGTH": "16",
        "MAX_WRITE_BURST_LENGTH": "16",
        "MAX_BURST_LENGTH": "256",
        "PROTOCOL": "AXI4",
        "READ_WRITE_MODE": "READ_ONLY",
        "HAS_BURST": "0",
        "SUPPORTS_NARROW_BURST": "0"
      },
      "ports": [
        "m_axi_gmem0_ARADDR",
        "m_axi_gmem0_ARBURST",
        "m_axi_gmem0_ARCACHE",
        "m_axi_gmem0_ARID",
        "m_axi_gmem0_ARLEN",
        "m_axi_gmem0_ARLOCK",
        "m_axi_gmem0_ARPROT",
        "m_axi_gmem0_ARQOS",
        "m_axi_gmem0_ARREADY",
        "m_axi_gmem0_ARREGION",
        "m_axi_gmem0_ARSIZE",
        "m_axi_gmem0_ARUSER",
        "m_axi_gmem0_ARVALID",
        "m_axi_gmem0_AWADDR",
        "m_axi_gmem0_AWBURST",
        "m_axi_gmem0_AWCACHE",
        "m_axi_gmem0_AWID",
        "m_axi_gmem0_AWLEN",
        "m_axi_gmem0_AWLOCK",
        "m_axi_gmem0_AWPROT",
        "m_axi_gmem0_AWQOS",
        "m_axi_gmem0_AWREADY",
        "m_axi_gmem0_AWREGION",
        "m_axi_gmem0_AWSIZE",
        "m_axi_gmem0_AWUSER",
        "m_axi_gmem0_AWVALID",
        "m_axi_gmem0_BID",
        "m_axi_gmem0_BREADY",
        "m_axi_gmem0_BRESP",
        "m_axi_gmem0_BUSER",
        "m_axi_gmem0_BVALID",
        "m_axi_gmem0_RDATA",
        "m_axi_gmem0_RID",
        "m_axi_gmem0_RLAST",
        "m_axi_gmem0_RREADY",
        "m_axi_gmem0_RRESP",
        "m_axi_gmem0_RUSER",
        "m_axi_gmem0_RVALID",
        "m_axi_gmem0_WDATA",
        "m_axi_gmem0_WID",
        "m_axi_gmem0_WLAST",
        "m_axi_gmem0_WREADY",
        "m_axi_gmem0_WSTRB",
        "m_axi_gmem0_WUSER",
        "m_axi_gmem0_WVALID"
      ],
      "constraints": [
        {
          "constraint_type": "pragma interface",
          "mode": "m_axi",
          "register_option": "0",
          "offset": "slave",
          "latency": "0",
          "num_read_outstanding": "16",
          "num_write_outstanding": "16",
          "max_read_burst_length": "16",
          "max_write_burst_length": "16",
          "max_widen_bitwidth": "0",
          "argName": "a"
        },
        {
          "constraint_type": "bitwidth",
          "orig_bitwidth": "32",
          "final_bitwidth": "32",
          "argName": "a"
        }
      ]
    },
    "m_axi_gmem1": {
      "type": "axi4full",
      "busTypeName": "aximm",
      "mode": "master",
      "dataWidth": "32",
      "addrWidth": "64",
      "portPrefix": "m_axi_gmem1_",
      "paramPrefix": "C_M_AXI_GMEM1_",
      "preferredUsageValue": "MEMORY",
      "busParams": {
        "NUM_READ_OUTSTANDING": "16",
        "NUM_WRITE_OUTSTANDING": "16",
        "MAX_READ_BURST_LENGTH": "16",
        "MAX_WRITE_BURST_LENGTH": "16",
        "MAX_BURST_LENGTH": "256",
        "PROTOCOL": "AXI4",
        "READ_WRITE_MODE": "READ_ONLY",
        "HAS_BURST": "0",
        "SUPPORTS_NARROW_BURST": "0"
      },
      "ports": [
        "m_axi_gmem1_ARADDR",
        "m_axi_gmem1_ARBURST",
        "m_axi_gmem1_ARCACHE",
        "m_axi_gmem1_ARID",
        "m_axi_gmem1_ARLEN",
        "m_axi_gmem1_ARLOCK",
        "m_axi_gmem1_ARPROT",
        "m_axi_gmem1_ARQOS",
        "m_axi_gmem1_ARREADY",
        "m_axi_gmem1_ARREGION",
        "m_axi_gmem1_ARSIZE",
        "m_axi_gmem1_ARUSER",
        "m_axi_gmem1_ARVALID",
        "m_axi_gmem1_AWADDR",
        "m_axi_gmem1_AWBURST",
        "m_axi_gmem1_AWCACHE",
        "m_axi_gmem1_AWID",
        "m_axi_gmem1_AWLEN",
        "m_axi_gmem1_AWLOCK",
        "m_axi_gmem1_AWPROT",
        "m_axi_gmem1_AWQOS",
        "m_axi_gmem1_AWREADY",
        "m_axi_gmem1_AWREGION",
        "m_axi_gmem1_AWSIZE",
        "m_axi_gmem1_AWUSER",
        "m_axi_gmem1_AWVALID",
        "m_axi_gmem1_BID",
        "m_axi_gmem1_BREADY",
        "m_axi_gmem1_BRESP",
        "m_axi_gmem1_BUSER",
        "m_axi_gmem1_BVALID",
        "m_axi_gmem1_RDATA",
        "m_axi_gmem1_RID",
        "m_axi_gmem1_RLAST",
        "m_axi_gmem1_RREADY",
        "m_axi_gmem1_RRESP",
        "m_axi_gmem1_RUSER",
        "m_axi_gmem1_RVALID",
        "m_axi_gmem1_WDATA",
        "m_axi_gmem1_WID",
        "m_axi_gmem1_WLAST",
        "m_axi_gmem1_WREADY",
        "m_axi_gmem1_WSTRB",
        "m_axi_gmem1_WUSER",
        "m_axi_gmem1_WVALID"
      ],
      "constraints": [
        {
          "constraint_type": "pragma interface",
          "mode": "m_axi",
          "register_option": "0",
          "offset": "slave",
          "latency": "0",
          "num_read_outstanding": "16",
          "num_write_outstanding": "16",
          "max_read_burst_length": "16",
          "max_write_burst_length": "16",
          "max_widen_bitwidth": "0",
          "argName": "b"
        },
        {
          "constraint_type": "bitwidth",
          "orig_bitwidth": "32",
          "final_bitwidth": "32",
          "argName": "b"
        }
      ]
    },
    "m_axi_gmem2": {
      "type": "axi4full",
      "busTypeName": "aximm",
      "mode": "master",
      "dataWidth": "32",
      "addrWidth": "64",
      "portPrefix": "m_axi_gmem2_",
      "paramPrefix": "C_M_AXI_GMEM2_",
      "preferredUsageValue": "MEMORY",
      "busParams": {
        "NUM_READ_OUTSTANDING": "16",
        "NUM_WRITE_OUTSTANDING": "16",
        "MAX_READ_BURST_LENGTH": "16",
        "MAX_WRITE_BURST_LENGTH": "16",
        "MAX_BURST_LENGTH": "256",
        "PROTOCOL": "AXI4",
        "READ_WRITE_MODE": "WRITE_ONLY",
        "HAS_BURST": "0",
        "SUPPORTS_NARROW_BURST": "0"
      },
      "ports": [
        "m_axi_gmem2_ARADDR",
        "m_axi_gmem2_ARBURST",
        "m_axi_gmem2_ARCACHE",
        "m_axi_gmem2_ARID",
        "m_axi_gmem2_ARLEN",
        "m_axi_gmem2_ARLOCK",
        "m_axi_gmem2_ARPROT",
        "m_axi_gmem2_ARQOS",
        "m_axi_gmem2_ARREADY",
        "m_axi_gmem2_ARREGION",
        "m_axi_gmem2_ARSIZE",
        "m_axi_gmem2_ARUSER",
        "m_axi_gmem2_ARVALID",
        "m_axi_gmem2_AWADDR",
        "m_axi_gmem2_AWBURST",
        "m_axi_gmem2_AWCACHE",
        "m_axi_gmem2_AWID",
        "m_axi_gmem2_AWLEN",
        "m_axi_gmem2_AWLOCK",
        "m_axi_gmem2_AWPROT",
        "m_axi_gmem2_AWQOS",
        "m_axi_gmem2_AWREADY",
        "m_axi_gmem2_AWREGION",
        "m_axi_gmem2_AWSIZE",
        "m_axi_gmem2_AWUSER",
        "m_axi_gmem2_AWVALID",
        "m_axi_gmem2_BID",
        "m_axi_gmem2_BREADY",
        "m_axi_gmem2_BRESP",
        "m_axi_gmem2_BUSER",
        "m_axi_gmem2_BVALID",
        "m_axi_gmem2_RDATA",
        "m_axi_gmem2_RID",
        "m_axi_gmem2_RLAST",
        "m_axi_gmem2_RREADY",
        "m_axi_gmem2_RRESP",
        "m_axi_gmem2_RUSER",
        "m_axi_gmem2_RVALID",
        "m_axi_gmem2_WDATA",
        "m_axi_gmem2_WID",
        "m_axi_gmem2_WLAST",
        "m_axi_gmem2_WREADY",
        "m_axi_gmem2_WSTRB",
        "m_axi_gmem2_WUSER",
        "m_axi_gmem2_WVALID"
      ],
      "constraints": [
        {
          "constraint_type": "pragma interface",
          "mode": "m_axi",
          "register_option": "0",
          "offset": "slave",
          "latency": "0",
          "num_read_outstanding": "16",
          "num_write_outstanding": "16",
          "max_read_burst_length": "16",
          "max_write_burst_length": "16",
          "max_widen_bitwidth": "0",
          "argName": "c"
        },
        {
          "constraint_type": "bitwidth",
          "orig_bitwidth": "32",
          "final_bitwidth": "32",
          "argName": "c"
        }
      ]
    }
  },
  "RtlPorts": {
    "s_axi_control_AWVALID": {
      "dir": "in",
      "width": "1"
    },
    "s_axi_control_AWREADY": {
      "dir": "out",
      "width": "1"
    },
    "s_axi_control_AWADDR": {
      "dir": "in",
      "width": "6"
    },
    "s_axi_control_WVALID": {
      "dir": "in",
      "width": "1"
    },
    "s_axi_control_WREADY": {
      "dir": "out",
      "width": "1"
    },
    "s_axi_control_WDATA": {
      "dir": "in",
      "width": "32"
    },
    "s_axi_control_WSTRB": {
      "dir": "in",
      "width": "4"
    },
    "s_axi_control_ARVALID": {
      "dir": "in",
      "width": "1"
    },
    "s_axi_control_ARREADY": {
      "dir": "out",
      "width": "1"
    },
    "s_axi_control_ARADDR": {
      "dir": "in",
      "width": "6"
    },
    "s_axi_control_RVALID": {
      "dir": "out",
      "width": "1"
    },
    "s_axi_control_RREADY": {
      "dir": "in",
      "width": "1"
    },
    "s_axi_control_RDATA": {
      "dir": "out",
      "width": "32"
    },
    "s_axi_control_RRESP": {
      "dir": "out",
      "width": "2"
    },
    "s_axi_control_BVALID": {
      "dir": "out",
      "width": "1"
    },
    "s_axi_control_BREADY": {
      "dir": "in",
      "width": "1"
    },
    "s_axi_control_BRESP": {
      "dir": "out",
      "width": "2"
    },
    "ap_clk": {
      "dir": "in",
      "width": "1"
    },
    "ap_rst_n": {
      "dir": "in",
      "width": "1"
    },
    "interrupt": {
      "dir": "out",
      "width": "1"
    },
    "m_axi_gmem0_AWVALID": {
      "dir": "out",
      "width": "1"
    },
    "m_axi_gmem0_AWREADY": {
      "dir": "in",
      "width": "1"
    },
    "m_axi_gmem0_AWADDR": {
      "dir": "out",
      "width": "64"
    },
    "m_axi_gmem0_AWID": {
      "dir": "out",
      "width": "1",
      "isVector": "true"
    },
    "m_axi_gmem0_AWLEN": {
      "dir": "out",
      "width": "8"
    },
    "m_axi_gmem0_AWSIZE": {
      "dir": "out",
      "width": "3"
    },
    "m_axi_gmem0_AWBURST": {
      "dir": "out",
      "width": "2"
    },
    "m_axi_gmem0_AWLOCK": {
      "dir": "out",
      "width": "2"
    },
    "m_axi_gmem0_AWCACHE": {
      "dir": "out",
      "width": "4"
    },
    "m_axi_gmem0_AWPROT": {
      "dir": "out",
      "width": "3"
    },
    "m_axi_gmem0_AWQOS": {
      "dir": "out",
      "width": "4"
    },
    "m_axi_gmem0_AWREGION": {
      "dir": "out",
      "width": "4"
    },
    "m_axi_gmem0_AWUSER": {
      "dir": "out",
      "width": "1",
      "isVector": "true"
    },
    "m_axi_gmem0_WVALID": {
      "dir": "out",
      "width": "1"
    },
    "m_axi_gmem0_WREADY": {
      "dir": "in",
      "width": "1"
    },
    "m_axi_gmem0_WDATA": {
      "dir": "out",
      "width": "32"
    },
    "m_axi_gmem0_WSTRB": {
      "dir": "out",
      "width": "4"
    },
    "m_axi_gmem0_WLAST": {
      "dir": "out",
      "width": "1"
    },
    "m_axi_gmem0_WID": {
      "dir": "out",
      "width": "1",
      "isVector": "true"
    },
    "m_axi_gmem0_WUSER": {
      "dir": "out",
      "width": "1",
      "isVector": "true"
    },
    "m_axi_gmem0_ARVALID": {
      "dir": "out",
      "width": "1"
    },
    "m_axi_gmem0_ARREADY": {
      "dir": "in",
      "width": "1"
    },
    "m_axi_gmem0_ARADDR": {
      "dir": "out",
      "width": "64"
    },
    "m_axi_gmem0_ARID": {
      "dir": "out",
      "width": "1",
      "isVector": "true"
    },
    "m_axi_gmem0_ARLEN": {
      "dir": "out",
      "width": "8"
    },
    "m_axi_gmem0_ARSIZE": {
      "dir": "out",
      "width": "3"
    },
    "m_axi_gmem0_ARBURST": {
      "dir": "out",
      "width": "2"
    },
    "m_axi_gmem0_ARLOCK": {
      "dir": "out",
      "width": "2"
    },
    "m_axi_gmem0_ARCACHE": {
      "dir": "out",
      "width": "4"
    },
    "m_axi_gmem0_ARPROT": {
      "dir": "out",
      "width": "3"
    },
    "m_axi_gmem0_ARQOS": {
      "dir": "out",
      "width": "4"
    },
    "m_axi_gmem0_ARREGION": {
      "dir": "out",
      "width": "4"
    },
    "m_axi_gmem0_ARUSER": {
      "dir": "out",
      "width": "1",
      "isVector": "true"
    },
    "m_axi_gmem0_RVALID": {
      "dir": "in",
      "width": "1"
    },
    "m_axi_gmem0_RREADY": {
      "dir": "out",
      "width": "1"
    },
    "m_axi_gmem0_RDATA": {
      "dir": "in",
      "width": "32"
    },
    "m_axi_gmem0_RLAST": {
      "dir": "in",
      "width": "1"
    },
    "m_axi_gmem0_RID": {
      "dir": "in",
      "width": "1",
      "isVector": "true"
    },
    "m_axi_gmem0_RUSER": {
      "dir": "in",
      "width": "1",
      "isVector": "true"
    },
    "m_axi_gmem0_RRESP": {
      "dir": "in",
      "width": "2"
    },
    "m_axi_gmem0_BVALID": {
      "dir": "in",
      "width": "1"
    },
    "m_axi_gmem0_BREADY": {
      "dir": "out",
      "width": "1"
    },
    "m_axi_gmem0_BRESP": {
      "dir": "in",
      "width": "2"
    },
    "m_axi_gmem0_BID": {
      "dir": "in",
      "width": "1",
      "isVector": "true"
    },
    "m_axi_gmem0_BUSER": {
      "dir": "in",
      "width": "1",
      "isVector": "true"
    },
    "m_axi_gmem1_AWVALID": {
      "dir": "out",
      "width": "1"
    },
    "m_axi_gmem1_AWREADY": {
      "dir": "in",
      "width": "1"
    },
    "m_axi_gmem1_AWADDR": {
      "dir": "out",
      "width": "64"
    },
    "m_axi_gmem1_AWID": {
      "dir": "out",
      "width": "1",
      "isVector": "true"
    },
    "m_axi_gmem1_AWLEN": {
      "dir": "out",
      "width": "8"
    },
    "m_axi_gmem1_AWSIZE": {
      "dir": "out",
      "width": "3"
    },
    "m_axi_gmem1_AWBURST": {
      "dir": "out",
      "width": "2"
    },
    "m_axi_gmem1_AWLOCK": {
      "dir": "out",
      "width": "2"
    },
    "m_axi_gmem1_AWCACHE": {
      "dir": "out",
      "width": "4"
    },
    "m_axi_gmem1_AWPROT": {
      "dir": "out",
      "width": "3"
    },
    "m_axi_gmem1_AWQOS": {
      "dir": "out",
      "width": "4"
    },
    "m_axi_gmem1_AWREGION": {
      "dir": "out",
      "width": "4"
    },
    "m_axi_gmem1_AWUSER": {
      "dir": "out",
      "width": "1",
      "isVector": "true"
    },
    "m_axi_gmem1_WVALID": {
      "dir": "out",
      "width": "1"
    },
    "m_axi_gmem1_WREADY": {
      "dir": "in",
      "width": "1"
    },
    "m_axi_gmem1_WDATA": {
      "dir": "out",
      "width": "32"
    },
    "m_axi_gmem1_WSTRB": {
      "dir": "out",
      "width": "4"
    },
    "m_axi_gmem1_WLAST": {
      "dir": "out",
      "width": "1"
    },
    "m_axi_gmem1_WID": {
      "dir": "out",
      "width": "1",
      "isVector": "true"
    },
    "m_axi_gmem1_WUSER": {
      "dir": "out",
      "width": "1",
      "isVector": "true"
    },
    "m_axi_gmem1_ARVALID": {
      "dir": "out",
      "width": "1"
    },
    "m_axi_gmem1_ARREADY": {
      "dir": "in",
      "width": "1"
    },
    "m_axi_gmem1_ARADDR": {
      "dir": "out",
      "width": "64"
    },
    "m_axi_gmem1_ARID": {
      "dir": "out",
      "width": "1",
      "isVector": "true"
    },
    "m_axi_gmem1_ARLEN": {
      "dir": "out",
      "width": "8"
    },
    "m_axi_gmem1_ARSIZE": {
      "dir": "out",
      "width": "3"
    },
    "m_axi_gmem1_ARBURST": {
      "dir": "out",
      "width": "2"
    },
    "m_axi_gmem1_ARLOCK": {
      "dir": "out",
      "width": "2"
    },
    "m_axi_gmem1_ARCACHE": {
      "dir": "out",
      "width": "4"
    },
    "m_axi_gmem1_ARPROT": {
      "dir": "out",
      "width": "3"
    },
    "m_axi_gmem1_ARQOS": {
      "dir": "out",
      "width": "4"
    },
    "m_axi_gmem1_ARREGION": {
      "dir": "out",
      "width": "4"
    },
    "m_axi_gmem1_ARUSER": {
      "dir": "out",
      "width": "1",
      "isVector": "true"
    },
    "m_axi_gmem1_RVALID": {
      "dir": "in",
      "width": "1"
    },
    "m_axi_gmem1_RREADY": {
      "dir": "out",
      "width": "1"
    },
    "m_axi_gmem1_RDATA": {
      "dir": "in",
      "width": "32"
    },
    "m_axi_gmem1_RLAST": {
      "dir": "in",
      "width": "1"
    },
    "m_axi_gmem1_RID": {
      "dir": "in",
      "width": "1",
      "isVector": "true"
    },
    "m_axi_gmem1_RUSER": {
      "dir": "in",
      "width": "1",
      "isVector": "true"
    },
    "m_axi_gmem1_RRESP": {
      "dir": "in",
      "width": "2"
    },
    "m_axi_gmem1_BVALID": {
      "dir": "in",
      "width": "1"
    },
    "m_axi_gmem1_BREADY": {
      "dir": "out",
      "width": "1"
    },
    "m_axi_gmem1_BRESP": {
      "dir": "in",
      "width": "2"
    },
    "m_axi_gmem1_BID": {
      "dir": "in",
      "width": "1",
      "isVector": "true"
    },
    "m_axi_gmem1_BUSER": {
      "dir": "in",
      "width": "1",
      "isVector": "true"
    },
    "m_axi_gmem2_AWVALID": {
      "dir": "out",
      "width": "1"
    },
    "m_axi_gmem2_AWREADY": {
      "dir": "in",
      "width": "1"
    },
    "m_axi_gmem2_AWADDR": {
      "dir": "out",
      "width": "64"
    },
    "m_axi_gmem2_AWID": {
      "dir": "out",
      "width": "1",
      "isVector": "true"
    },
    "m_axi_gmem2_AWLEN": {
      "dir": "out",
      "width": "8"
    },
    "m_axi_gmem2_AWSIZE": {
      "dir": "out",
      "width": "3"
    },
    "m_axi_gmem2_AWBURST": {
      "dir": "out",
      "width": "2"
    },
    "m_axi_gmem2_AWLOCK": {
      "dir": "out",
      "width": "2"
    },
    "m_axi_gmem2_AWCACHE": {
      "dir": "out",
      "width": "4"
    },
    "m_axi_gmem2_AWPROT": {
      "dir": "out",
      "width": "3"
    },
    "m_axi_gmem2_AWQOS": {
      "dir": "out",
      "width": "4"
    },
    "m_axi_gmem2_AWREGION": {
      "dir": "out",
      "width": "4"
    },
    "m_axi_gmem2_AWUSER": {
      "dir": "out",
      "width": "1",
      "isVector": "true"
    },
    "m_axi_gmem2_WVALID": {
      "dir": "out",
      "width": "1"
    },
    "m_axi_gmem2_WREADY": {
      "dir": "in",
      "width": "1"
    },
    "m_axi_gmem2_WDATA": {
      "dir": "out",
      "width": "32"
    },
    "m_axi_gmem2_WSTRB": {
      "dir": "out",
      "width": "4"
    },
    "m_axi_gmem2_WLAST": {
      "dir": "out",
      "width": "1"
    },
    "m_axi_gmem2_WID": {
      "dir": "out",
      "width": "1",
      "isVector": "true"
    },
    "m_axi_gmem2_WUSER": {
      "dir": "out",
      "width": "1",
      "isVector": "true"
    },
    "m_axi_gmem2_ARVALID": {
      "dir": "out",
      "width": "1"
    },
    "m_axi_gmem2_ARREADY": {
      "dir": "in",
      "width": "1"
    },
    "m_axi_gmem2_ARADDR": {
      "dir": "out",
      "width": "64"
    },
    "m_axi_gmem2_ARID": {
      "dir": "out",
      "width": "1",
      "isVector": "true"
    },
    "m_axi_gmem2_ARLEN": {
      "dir": "out",
      "width": "8"
    },
    "m_axi_gmem2_ARSIZE": {
      "dir": "out",
      "width": "3"
    },
    "m_axi_gmem2_ARBURST": {
      "dir": "out",
      "width": "2"
    },
    "m_axi_gmem2_ARLOCK": {
      "dir": "out",
      "width": "2"
    },
    "m_axi_gmem2_ARCACHE": {
      "dir": "out",
      "width": "4"
    },
    "m_axi_gmem2_ARPROT": {
      "dir": "out",
      "width": "3"
    },
    "m_axi_gmem2_ARQOS": {
      "dir": "out",
      "width": "4"
    },
    "m_axi_gmem2_ARREGION": {
      "dir": "out",
      "width": "4"
    },
    "m_axi_gmem2_ARUSER": {
      "dir": "out",
      "width": "1",
      "isVector": "true"
    },
    "m_axi_gmem2_RVALID": {
      "dir": "in",
      "width": "1"
    },
    "m_axi_gmem2_RREADY": {
      "dir": "out",
      "width": "1"
    },
    "m_axi_gmem2_RDATA": {
      "dir": "in",
      "width": "32"
    },
    "m_axi_gmem2_RLAST": {
      "dir": "in",
      "width": "1"
    },
    "m_axi_gmem2_RID": {
      "dir": "in",
      "width": "1",
      "isVector": "true"
    },
    "m_axi_gmem2_RUSER": {
      "dir": "in",
      "width": "1",
      "isVector": "true"
    },
    "m_axi_gmem2_RRESP": {
      "dir": "in",
      "width": "2"
    },
    "m_axi_gmem2_BVALID": {
      "dir": "in",
      "width": "1"
    },
    "m_axi_gmem2_BREADY": {
      "dir": "out",
      "width": "1"
    },
    "m_axi_gmem2_BRESP": {
      "dir": "in",
      "width": "2"
    },
    "m_axi_gmem2_BID": {
      "dir": "in",
      "width": "1",
      "isVector": "true"
    },
    "m_axi_gmem2_BUSER": {
      "dir": "in",
      "width": "1",
      "isVector": "true"
    }
  },
  "ModuleInfo": {
    "Hierarchy": {
      "ModuleName": "mmult",
      "Instances": [
        {
          "ModuleName": "mmult_Pipeline_readA",
          "InstanceName": "grp_mmult_Pipeline_readA_fu_23498"
        },
        {
          "ModuleName": "mmult_Pipeline_readB",
          "InstanceName": "grp_mmult_Pipeline_readB_fu_23634"
        },
        {
          "ModuleName": "mmult_Pipeline_initC_VITIS_LOOP_77_1",
          "InstanceName": "grp_mmult_Pipeline_initC_VITIS_LOOP_77_1_fu_23674"
        },
        {
          "ModuleName": "mmult_Pipeline_init_inC",
          "InstanceName": "grp_mmult_Pipeline_init_inC_fu_23710"
        },
        {
          "ModuleName": "mmult_Pipeline_read_subA",
          "InstanceName": "grp_mmult_Pipeline_read_subA_fu_24226"
        },
        {
          "ModuleName": "mmult_Pipeline_read_subB",
          "InstanceName": "grp_mmult_Pipeline_read_subB_fu_24423"
        },
        {
          "ModuleName": "mmult_Pipeline_init_inAB",
          "InstanceName": "grp_mmult_Pipeline_init_inAB_fu_26519"
        },
        {
          "ModuleName": "mmult_Pipeline_VITIS_LOOP_173_7",
          "InstanceName": "grp_mmult_Pipeline_VITIS_LOOP_173_7_fu_27483"
        },
        {
          "ModuleName": "mmult_Pipeline_VITIS_LOOP_223_16",
          "InstanceName": "grp_mmult_Pipeline_VITIS_LOOP_223_16_fu_31135"
        },
        {
          "ModuleName": "mmult_Pipeline_writeC",
          "InstanceName": "grp_mmult_Pipeline_writeC_fu_31440"
        }
      ]
    },
    "Info": {
      "mmult_Pipeline_readA": {
        "FunctionProtocol": "ap_ctrl_hs",
        "isTaskLevelControl": "0",
        "isPipelined": "0",
        "isCombinational": "0",
        "isOneStateSeq": "0"
      },
      "mmult_Pipeline_readB": {
        "FunctionProtocol": "ap_ctrl_hs",
        "isTaskLevelControl": "0",
        "isPipelined": "0",
        "isCombinational": "0",
        "isOneStateSeq": "0"
      },
      "mmult_Pipeline_initC_VITIS_LOOP_77_1": {
        "FunctionProtocol": "ap_ctrl_hs",
        "isTaskLevelControl": "0",
        "isPipelined": "1",
        "isCombinational": "0",
        "isOneStateSeq": "0"
      },
      "mmult_Pipeline_init_inC": {
        "FunctionProtocol": "ap_ctrl_hs",
        "isTaskLevelControl": "0",
        "isPipelined": "1",
        "isCombinational": "0",
        "isOneStateSeq": "0"
      },
      "mmult_Pipeline_read_subA": {
        "FunctionProtocol": "ap_ctrl_hs",
        "isTaskLevelControl": "0",
        "isPipelined": "1",
        "isCombinational": "0",
        "isOneStateSeq": "0"
      },
      "mmult_Pipeline_read_subB": {
        "FunctionProtocol": "ap_ctrl_hs",
        "isTaskLevelControl": "0",
        "isPipelined": "1",
        "isCombinational": "0",
        "isOneStateSeq": "0"
      },
      "mmult_Pipeline_init_inAB": {
        "FunctionProtocol": "ap_ctrl_hs",
        "isTaskLevelControl": "0",
        "isPipelined": "1",
        "isCombinational": "0",
        "isOneStateSeq": "0"
      },
      "mmult_Pipeline_VITIS_LOOP_173_7": {
        "FunctionProtocol": "ap_ctrl_hs",
        "isTaskLevelControl": "0",
        "isPipelined": "1",
        "isCombinational": "0",
        "isOneStateSeq": "0"
      },
      "mmult_Pipeline_VITIS_LOOP_223_16": {
        "FunctionProtocol": "ap_ctrl_hs",
        "isTaskLevelControl": "0",
        "isPipelined": "1",
        "isCombinational": "0",
        "isOneStateSeq": "0"
      },
      "mmult_Pipeline_writeC": {
        "FunctionProtocol": "ap_ctrl_hs",
        "isTaskLevelControl": "0",
        "isPipelined": "0",
        "isCombinational": "0",
        "isOneStateSeq": "0"
      },
      "mmult": {
        "FunctionProtocol": "ap_ctrl_hs",
        "isTaskLevelControl": "0",
        "isPipelined": "0",
        "isCombinational": "0",
        "isOneStateSeq": "0"
      }
    },
    "Metrics": {
      "mmult_Pipeline_readA": {
        "Latency": {
          "LatencyBest": "12617",
          "LatencyAvg": "12617",
          "LatencyWorst": "12617",
          "PipelineII": "12617",
          "PipelineDepth": "",
          "PipelineType": "no"
        },
        "Timing": {
          "Target": "10.00",
          "Uncertainty": "2.70",
          "Estimate": "7.300"
        },
        "Loops": [{
            "Name": "readA",
            "TripCount": "12608",
            "Latency": "12609",
            "PipelineII": "1",
            "PipelineDepth": "3"
          }],
        "Area": {
          "FF": "122",
          "AVAIL_FF": "1743360",
          "UTIL_FF": "~0",
          "LUT": "318",
          "AVAIL_LUT": "871680",
          "UTIL_LUT": "~0",
          "BRAM_18K": "0",
          "AVAIL_BRAM": "2688",
          "UTIL_BRAM": "0",
          "DSP": "0",
          "AVAIL_DSP": "5952",
          "UTIL_DSP": "0",
          "URAM": "0",
          "AVAIL_URAM": "640",
          "UTIL_URAM": "0"
        }
      },
      "mmult_Pipeline_readB": {
        "Latency": {
          "LatencyBest": "12618",
          "LatencyAvg": "12618",
          "LatencyWorst": "12618",
          "PipelineII": "12618",
          "PipelineDepth": "",
          "PipelineType": "no"
        },
        "Timing": {
          "Target": "10.00",
          "Uncertainty": "2.70",
          "Estimate": "7.300"
        },
        "Loops": [{
            "Name": "readB",
            "TripCount": "12608",
            "Latency": "12610",
            "PipelineII": "1",
            "PipelineDepth": "4"
          }],
        "Area": {
          "DSP": "1",
          "AVAIL_DSP": "5952",
          "UTIL_DSP": "~0",
          "FF": "211",
          "AVAIL_FF": "1743360",
          "UTIL_FF": "~0",
          "LUT": "350",
          "AVAIL_LUT": "871680",
          "UTIL_LUT": "~0",
          "BRAM_18K": "0",
          "AVAIL_BRAM": "2688",
          "UTIL_BRAM": "0",
          "URAM": "0",
          "AVAIL_URAM": "640",
          "UTIL_URAM": "0"
        }
      },
      "mmult_Pipeline_initC_VITIS_LOOP_77_1": {
        "Latency": {
          "LatencyBest": "38813",
          "LatencyAvg": "38813",
          "LatencyWorst": "38813",
          "PipelineII": "38813",
          "PipelineDepth": "",
          "PipelineType": "no"
        },
        "Timing": {
          "Target": "10.00",
          "Uncertainty": "2.70",
          "Estimate": "2.004"
        },
        "Loops": [{
            "Name": "initC_VITIS_LOOP_77_1",
            "TripCount": "38809",
            "Latency": "38811",
            "PipelineII": "1",
            "PipelineDepth": "4"
          }],
        "Area": {
          "DSP": "1",
          "AVAIL_DSP": "5952",
          "UTIL_DSP": "~0",
          "FF": "115",
          "AVAIL_FF": "1743360",
          "UTIL_FF": "~0",
          "LUT": "199",
          "AVAIL_LUT": "871680",
          "UTIL_LUT": "~0",
          "BRAM_18K": "0",
          "AVAIL_BRAM": "2688",
          "UTIL_BRAM": "0",
          "URAM": "0",
          "AVAIL_URAM": "640",
          "UTIL_URAM": "0"
        }
      },
      "mmult_Pipeline_init_inC": {
        "Latency": {
          "LatencyBest": "18",
          "LatencyAvg": "18",
          "LatencyWorst": "18",
          "PipelineII": "18",
          "PipelineDepth": "",
          "PipelineType": "no"
        },
        "Timing": {
          "Target": "10.00",
          "Uncertainty": "2.70",
          "Estimate": "1.094"
        },
        "Loops": [{
            "Name": "init_inC",
            "TripCount": "16",
            "Latency": "16",
            "PipelineII": "1",
            "PipelineDepth": "1"
          }],
        "Area": {
          "FF": "8199",
          "AVAIL_FF": "1743360",
          "UTIL_FF": "~0",
          "LUT": "2353",
          "AVAIL_LUT": "871680",
          "UTIL_LUT": "~0",
          "BRAM_18K": "0",
          "AVAIL_BRAM": "2688",
          "UTIL_BRAM": "0",
          "DSP": "0",
          "AVAIL_DSP": "5952",
          "UTIL_DSP": "0",
          "URAM": "0",
          "AVAIL_URAM": "640",
          "UTIL_URAM": "0"
        }
      },
      "mmult_Pipeline_read_subA": {
        "Latency": {
          "LatencyBest": "19",
          "LatencyAvg": "19",
          "LatencyWorst": "19",
          "PipelineII": "19",
          "PipelineDepth": "",
          "PipelineType": "no"
        },
        "Timing": {
          "Target": "10.00",
          "Uncertainty": "2.70",
          "Estimate": "2.282"
        },
        "Loops": [{
            "Name": "read_subA",
            "TripCount": "16",
            "Latency": "17",
            "PipelineII": "1",
            "PipelineDepth": "3"
          }],
        "Area": {
          "FF": "590",
          "AVAIL_FF": "1743360",
          "UTIL_FF": "~0",
          "LUT": "106",
          "AVAIL_LUT": "871680",
          "UTIL_LUT": "~0",
          "BRAM_18K": "0",
          "AVAIL_BRAM": "2688",
          "UTIL_BRAM": "0",
          "DSP": "0",
          "AVAIL_DSP": "5952",
          "UTIL_DSP": "0",
          "URAM": "0",
          "AVAIL_URAM": "640",
          "UTIL_URAM": "0"
        }
      },
      "mmult_Pipeline_read_subB": {
        "Latency": {
          "LatencyBest": "67",
          "LatencyAvg": "67",
          "LatencyWorst": "67",
          "PipelineII": "67",
          "PipelineDepth": "",
          "PipelineType": "no"
        },
        "Timing": {
          "Target": "10.00",
          "Uncertainty": "2.70",
          "Estimate": "1.925"
        },
        "Loops": [{
            "Name": "read_subB",
            "TripCount": "64",
            "Latency": "65",
            "PipelineII": "1",
            "PipelineDepth": "3"
          }],
        "Area": {
          "FF": "32803",
          "AVAIL_FF": "1743360",
          "UTIL_FF": "1",
          "LUT": "15667",
          "AVAIL_LUT": "871680",
          "UTIL_LUT": "1",
          "BRAM_18K": "0",
          "AVAIL_BRAM": "2688",
          "UTIL_BRAM": "0",
          "DSP": "0",
          "AVAIL_DSP": "5952",
          "UTIL_DSP": "0",
          "URAM": "0",
          "AVAIL_URAM": "640",
          "UTIL_URAM": "0"
        }
      },
      "mmult_Pipeline_init_inAB": {
        "Latency": {
          "LatencyBest": "18",
          "LatencyAvg": "18",
          "LatencyWorst": "18",
          "PipelineII": "18",
          "PipelineDepth": "",
          "PipelineType": "no"
        },
        "Timing": {
          "Target": "10.00",
          "Uncertainty": "2.70",
          "Estimate": "1.094"
        },
        "Loops": [{
            "Name": "init_inAB",
            "TripCount": "16",
            "Latency": "16",
            "PipelineII": "1",
            "PipelineDepth": "1"
          }],
        "Area": {
          "FF": "15367",
          "AVAIL_FF": "1743360",
          "UTIL_FF": "~0",
          "LUT": "4369",
          "AVAIL_LUT": "871680",
          "UTIL_LUT": "~0",
          "BRAM_18K": "0",
          "AVAIL_BRAM": "2688",
          "UTIL_BRAM": "0",
          "DSP": "0",
          "AVAIL_DSP": "5952",
          "UTIL_DSP": "0",
          "URAM": "0",
          "AVAIL_URAM": "640",
          "UTIL_URAM": "0"
        }
      },
      "mmult_Pipeline_VITIS_LOOP_173_7": {
        "Latency": {
          "LatencyBest": "193",
          "LatencyAvg": "193",
          "LatencyWorst": "193",
          "PipelineII": "193",
          "PipelineDepth": "",
          "PipelineType": "no"
        },
        "Timing": {
          "Target": "10.00",
          "Uncertainty": "2.70",
          "Estimate": "6.536"
        },
        "Loops": [{
            "Name": "VITIS_LOOP_173_7",
            "TripCount": "94",
            "Latency": "191",
            "PipelineII": "2",
            "PipelineDepth": "6"
          }],
        "Area": {
          "DSP": "608",
          "AVAIL_DSP": "5952",
          "UTIL_DSP": "10",
          "FF": "95874",
          "AVAIL_FF": "1743360",
          "UTIL_FF": "5",
          "LUT": "61632",
          "AVAIL_LUT": "871680",
          "UTIL_LUT": "7",
          "BRAM_18K": "0",
          "AVAIL_BRAM": "2688",
          "UTIL_BRAM": "0",
          "URAM": "0",
          "AVAIL_URAM": "640",
          "UTIL_URAM": "0"
        }
      },
      "mmult_Pipeline_VITIS_LOOP_223_16": {
        "Latency": {
          "LatencyBest": "26",
          "LatencyAvg": "26",
          "LatencyWorst": "26",
          "PipelineII": "26",
          "PipelineDepth": "",
          "PipelineType": "no"
        },
        "Timing": {
          "Target": "10.00",
          "Uncertainty": "2.70",
          "Estimate": "6.149"
        },
        "Loops": [{
            "Name": "VITIS_LOOP_223_16",
            "TripCount": "16",
            "Latency": "24",
            "PipelineII": "1",
            "PipelineDepth": "10"
          }],
        "Area": {
          "DSP": "1",
          "AVAIL_DSP": "5952",
          "UTIL_DSP": "~0",
          "FF": "4584",
          "AVAIL_FF": "1743360",
          "UTIL_FF": "~0",
          "LUT": "2556",
          "AVAIL_LUT": "871680",
          "UTIL_LUT": "~0",
          "BRAM_18K": "0",
          "AVAIL_BRAM": "2688",
          "UTIL_BRAM": "0",
          "URAM": "0",
          "AVAIL_URAM": "640",
          "UTIL_URAM": "0"
        }
      },
      "mmult_Pipeline_writeC": {
        "Latency": {
          "LatencyBest": "38820",
          "LatencyAvg": "38820",
          "LatencyWorst": "38820",
          "PipelineII": "38820",
          "PipelineDepth": "",
          "PipelineType": "no"
        },
        "Timing": {
          "Target": "10.00",
          "Uncertainty": "2.70",
          "Estimate": "7.300"
        },
        "Loops": [{
            "Name": "writeC",
            "TripCount": "38809",
            "Latency": "38814",
            "PipelineII": "1",
            "PipelineDepth": "7"
          }],
        "Area": {
          "DSP": "1",
          "AVAIL_DSP": "5952",
          "UTIL_DSP": "~0",
          "FF": "218",
          "AVAIL_FF": "1743360",
          "UTIL_FF": "~0",
          "LUT": "416",
          "AVAIL_LUT": "871680",
          "UTIL_LUT": "~0",
          "BRAM_18K": "0",
          "AVAIL_BRAM": "2688",
          "UTIL_BRAM": "0",
          "URAM": "0",
          "AVAIL_URAM": "640",
          "UTIL_URAM": "0"
        }
      },
      "mmult": {
        "Latency": {
          "LatencyBest": "128338",
          "LatencyAvg": "128338",
          "LatencyWorst": "128338",
          "PipelineII": "128339",
          "PipelineDepth": "",
          "PipelineType": "no"
        },
        "Timing": {
          "Target": "10.00",
          "Uncertainty": "2.70",
          "Estimate": "7.300"
        },
        "Loops": [{
            "Name": "tile_outer_loop_VITIS_LOOP_105_2",
            "TripCount": "169",
            "Latency": "50700",
            "PipelineII": "",
            "PipelineDepth": "300"
          }],
        "Area": {
          "BRAM_18K": "224",
          "AVAIL_BRAM": "2688",
          "UTIL_BRAM": "8",
          "DSP": "644",
          "AVAIL_DSP": "5952",
          "UTIL_DSP": "10",
          "FF": "255031",
          "AVAIL_FF": "1743360",
          "UTIL_FF": "14",
          "LUT": "111943",
          "AVAIL_LUT": "871680",
          "UTIL_LUT": "12",
          "URAM": "0",
          "AVAIL_URAM": "640",
          "UTIL_URAM": "0"
        }
      }
    }
  },
  "GenerateBdFiles": "0",
  "GenData": {
    "DataVersion": "0.2",
    "Time": "2024-12-26 01:55:15 CST",
    "ToolName": "vitis_hls",
    "ToolVersion": "2022.1"
  }
}
