<?xml version="1.0" encoding="utf-8"?>
<Messages>
	<Message severity="INFO" prefix="[HLS 200-111]" key="HLS_111_966" tag="RUNTIME" content="Finished File checks and directory preparation: CPU user time: 0 seconds. CPU system time: 0.01 seconds. Elapsed time: 0.01 seconds; current allocated memory: 732.355 MB." resolution=""/>
	<Message severity="INFO" prefix="[HLS 200-10]" key="HLS_10_1312" tag="" content="Analyzing design file &apos;src/q_matmul_k_new.cpp&apos; ..." resolution=""/>
	<Message severity="INFO" prefix="[HLS 200-111]" key="HLS_111_966" tag="RUNTIME" content="Finished Source Code Analysis and Preprocessing: CPU user time: 0.88 seconds. CPU system time: 0.13 seconds. Elapsed time: 1.16 seconds; current allocated memory: 215.527 MB." resolution=""/>
	<Message severity="INFO" prefix="[HLS 200-777]" key="HLS 200-777" tag="" content="Using interface defaults for &apos;Vivado&apos; flow target." resolution=""/>
	<Message severity="INFO" prefix="[HLS 214-291]" key="HLS 214-291" tag="" content="Loop &apos;VITIS_LOOP_113_3&apos; is marked as complete unroll implied by the pipeline pragma (src/q_matmul_k_new.cpp:113:20)" resolution=""/>
	<Message severity="INFO" prefix="[HLS 214-291]" key="HLS 214-291" tag="" content="Loop &apos;VITIS_LOOP_126_4&apos; is marked as complete unroll implied by the pipeline pragma (src/q_matmul_k_new.cpp:126:20)" resolution=""/>
	<Message severity="INFO" prefix="[HLS 214-291]" key="HLS 214-291" tag="" content="Loop &apos;VITIS_LOOP_140_5&apos; is marked as complete unroll implied by the pipeline pragma (src/q_matmul_k_new.cpp:140:20)" resolution=""/>
	<Message severity="INFO" prefix="[HLS 214-291]" key="HLS 214-291" tag="" content="Loop &apos;VITIS_LOOP_166_6&apos; is marked as complete unroll implied by the pipeline pragma (src/q_matmul_k_new.cpp:166:20)" resolution=""/>
	<Message severity="INFO" prefix="[HLS 214-291]" key="HLS 214-291" tag="" content="Loop &apos;VITIS_LOOP_176_8&apos; is marked as complete unroll implied by the pipeline pragma (src/q_matmul_k_new.cpp:176:20)" resolution=""/>
	<Message severity="INFO" prefix="[HLS 214-291]" key="HLS 214-291" tag="" content="Loop &apos;VITIS_LOOP_177_9&apos; is marked as complete unroll implied by the pipeline pragma (src/q_matmul_k_new.cpp:177:39)" resolution=""/>
	<Message severity="INFO" prefix="[HLS 214-291]" key="HLS 214-291" tag="" content="Loop &apos;VITIS_LOOP_183_10&apos; is marked as complete unroll implied by the pipeline pragma (src/q_matmul_k_new.cpp:183:36)" resolution=""/>
	<Message severity="INFO" prefix="[HLS 214-291]" key="HLS 214-291" tag="" content="Loop &apos;VITIS_LOOP_184_11&apos; is marked as complete unroll implied by the pipeline pragma (src/q_matmul_k_new.cpp:184:40)" resolution=""/>
	<Message severity="INFO" prefix="[HLS 214-291]" key="HLS 214-291" tag="" content="Loop &apos;VITIS_LOOP_191_12&apos; is marked as complete unroll implied by the pipeline pragma (src/q_matmul_k_new.cpp:191:36)" resolution=""/>
	<Message severity="INFO" prefix="[HLS 214-291]" key="HLS 214-291" tag="" content="Loop &apos;VITIS_LOOP_199_13&apos; is marked as complete unroll implied by the pipeline pragma (src/q_matmul_k_new.cpp:199:36)" resolution=""/>
	<Message severity="INFO" prefix="[HLS 214-291]" key="HLS 214-291" tag="" content="Loop &apos;VITIS_LOOP_209_14&apos; is marked as complete unroll implied by the pipeline pragma (src/q_matmul_k_new.cpp:209:36)" resolution=""/>
	<Message severity="INFO" prefix="[HLS 214-291]" key="HLS 214-291" tag="" content="Loop &apos;VITIS_LOOP_210_15&apos; is marked as complete unroll implied by the pipeline pragma (src/q_matmul_k_new.cpp:210:40)" resolution=""/>
	<Message severity="INFO" prefix="[HLS 214-291]" key="HLS 214-291" tag="" content="Loop &apos;VITIS_LOOP_225_17&apos; is marked as complete unroll implied by the pipeline pragma (src/q_matmul_k_new.cpp:225:21)" resolution=""/>
	<Message severity="INFO" prefix="[HLS 214-186]" key="HLS 214-186" tag="" content="Unrolling loop &apos;VITIS_LOOP_113_3&apos; (src/q_matmul_k_new.cpp:113:20) in function &apos;mmult&apos; completely with a factor of 16 (src/q_matmul_k_new.cpp:23:0)" resolution=""/>
	<Message severity="INFO" prefix="[HLS 214-186]" key="HLS 214-186" tag="" content="Unrolling loop &apos;VITIS_LOOP_126_4&apos; (src/q_matmul_k_new.cpp:126:20) in function &apos;mmult&apos; completely with a factor of 64 (src/q_matmul_k_new.cpp:23:0)" resolution=""/>
	<Message severity="INFO" prefix="[HLS 214-186]" key="HLS 214-186" tag="" content="Unrolling loop &apos;VITIS_LOOP_140_5&apos; (src/q_matmul_k_new.cpp:140:20) in function &apos;mmult&apos; completely with a factor of 16 (src/q_matmul_k_new.cpp:23:0)" resolution=""/>
	<Message severity="INFO" prefix="[HLS 214-186]" key="HLS 214-186" tag="" content="Unrolling loop &apos;VITIS_LOOP_166_6&apos; (src/q_matmul_k_new.cpp:166:20) in function &apos;mmult&apos; completely with a factor of 16 (src/q_matmul_k_new.cpp:23:0)" resolution=""/>
	<Message severity="INFO" prefix="[HLS 214-186]" key="HLS 214-186" tag="" content="Unrolling loop &apos;VITIS_LOOP_176_8&apos; (src/q_matmul_k_new.cpp:176:20) in function &apos;mmult&apos; completely with a factor of 16 (src/q_matmul_k_new.cpp:23:0)" resolution=""/>
	<Message severity="INFO" prefix="[HLS 214-186]" key="HLS 214-186" tag="" content="Unrolling loop &apos;VITIS_LOOP_177_9&apos; (src/q_matmul_k_new.cpp:177:39) in function &apos;mmult&apos; completely with a factor of 15 (src/q_matmul_k_new.cpp:23:0)" resolution=""/>
	<Message severity="INFO" prefix="[HLS 214-186]" key="HLS 214-186" tag="" content="Unrolling loop &apos;VITIS_LOOP_183_10&apos; (src/q_matmul_k_new.cpp:183:36) in function &apos;mmult&apos; completely with a factor of 15 (src/q_matmul_k_new.cpp:23:0)" resolution=""/>
	<Message severity="INFO" prefix="[HLS 214-186]" key="HLS 214-186" tag="" content="Unrolling loop &apos;VITIS_LOOP_184_11&apos; (src/q_matmul_k_new.cpp:184:40) in function &apos;mmult&apos; completely with a factor of 16 (src/q_matmul_k_new.cpp:23:0)" resolution=""/>
	<Message severity="INFO" prefix="[HLS 214-186]" key="HLS 214-186" tag="" content="Unrolling loop &apos;VITIS_LOOP_191_12&apos; (src/q_matmul_k_new.cpp:191:36) in function &apos;mmult&apos; completely with a factor of 16 (src/q_matmul_k_new.cpp:23:0)" resolution=""/>
	<Message severity="INFO" prefix="[HLS 214-186]" key="HLS 214-186" tag="" content="Unrolling loop &apos;VITIS_LOOP_199_13&apos; (src/q_matmul_k_new.cpp:199:36) in function &apos;mmult&apos; completely with a factor of 16 (src/q_matmul_k_new.cpp:23:0)" resolution=""/>
	<Message severity="INFO" prefix="[HLS 214-186]" key="HLS 214-186" tag="" content="Unrolling loop &apos;VITIS_LOOP_209_14&apos; (src/q_matmul_k_new.cpp:209:36) in function &apos;mmult&apos; completely with a factor of 16 (src/q_matmul_k_new.cpp:23:0)" resolution=""/>
	<Message severity="INFO" prefix="[HLS 214-186]" key="HLS 214-186" tag="" content="Unrolling loop &apos;VITIS_LOOP_210_15&apos; (src/q_matmul_k_new.cpp:210:40) in function &apos;mmult&apos; completely with a factor of 16 (src/q_matmul_k_new.cpp:23:0)" resolution=""/>
	<Message severity="INFO" prefix="[HLS 214-186]" key="HLS 214-186" tag="" content="Unrolling loop &apos;VITIS_LOOP_225_17&apos; (src/q_matmul_k_new.cpp:225:21) in function &apos;mmult&apos; completely with a factor of 16 (src/q_matmul_k_new.cpp:23:0)" resolution=""/>
	<Message severity="INFO" prefix="[HLS 214-248]" key="HLS 214-248" tag="" content="Applying array_partition to &apos;subA&apos;: Complete partitioning on dimension 2. (src/q_matmul_k_new.cpp:91:11)" resolution=""/>
	<Message severity="INFO" prefix="[HLS 214-248]" key="HLS 214-248" tag="" content="Applying array_partition to &apos;subB&apos;: Complete partitioning on dimension 1. (src/q_matmul_k_new.cpp:94:8)" resolution=""/>
	<Message severity="INFO" prefix="[HLS 214-248]" key="HLS 214-248" tag="" content="Applying array_partition to &apos;inC&apos;: Complete partitioning on dimension 1. Complete partitioning on dimension 2. (src/q_matmul_k_new.cpp:99:8)" resolution=""/>
	<Message severity="INFO" prefix="[HLS 214-248]" key="HLS 214-248" tag="" content="Applying array_partition to &apos;inA&apos;: Complete partitioning on dimension 1. Complete partitioning on dimension 2. (src/q_matmul_k_new.cpp:158:19)" resolution=""/>
	<Message severity="INFO" prefix="[HLS 214-248]" key="HLS 214-248" tag="" content="Applying array_partition to &apos;inB&apos;: Complete partitioning on dimension 1. Complete partitioning on dimension 2. (src/q_matmul_k_new.cpp:160:8)" resolution=""/>
	<Message severity="INFO" prefix="[HLS 214-270]" key="HLS 214-270" tag="" content="Inferring pragma &apos;array_partition type=complete dim=2&apos; for array &apos;mmult::localA&apos; due to pipeline pragma (src/q_matmul_k_new.cpp:125:9)" resolution=""/>
	<Message severity="INFO" prefix="[HLS 214-270]" key="HLS 214-270" tag="" content="Inferring pragma &apos;array_partition type=cyclic factor=16 dim=2&apos; for array &apos;mmult::localB&apos; due to pipeline pragma (src/q_matmul_k_new.cpp:139:9)" resolution=""/>
	<Message severity="INFO" prefix="[HLS 214-270]" key="HLS 214-270" tag="" content="Inferring pragma &apos;array_partition type=cyclic factor=16 dim=2&apos; for array &apos;mmult::localC&apos; due to pipeline pragma (src/q_matmul_k_new.cpp:224:9)" resolution=""/>
	<Message severity="INFO" prefix="[HLS 214-248]" key="HLS 214-248" tag="" content="Applying array_partition to &apos;_ZZ5mmultE6localC&apos;: Cyclic partitioning with factor 16 on dimension 2. (src/q_matmul_k_new.cpp:42:0)" resolution=""/>
	<Message severity="INFO" prefix="[HLS 214-248]" key="HLS 214-248" tag="" content="Applying array_partition to &apos;_ZZ5mmultE6localB&apos;: Cyclic partitioning with factor 16 on dimension 2. (src/q_matmul_k_new.cpp:40:0)" resolution=""/>
	<Message severity="INFO" prefix="[HLS 214-248]" key="HLS 214-248" tag="" content="Applying array_partition to &apos;_ZZ5mmultE6localA&apos;: Complete partitioning on dimension 2. (src/q_matmul_k_new.cpp:38:0)" resolution=""/>
	<Message severity="INFO" prefix="[HLS 200-111]" key="HLS_111_966" tag="RUNTIME" content="Finished Compiling Optimization and Transform: CPU user time: 11.47 seconds. CPU system time: 0.26 seconds. Elapsed time: 12.72 seconds; current allocated memory: 216.527 MB." resolution=""/>
	<Message severity="INFO" prefix="[HLS 200-111]" key="HLS_111_966" tag="RUNTIME" content="Finished Checking Pragmas: CPU user time: 0 seconds. CPU system time: 0 seconds. Elapsed time: 0 seconds; current allocated memory: 216.527 MB." resolution=""/>
	<Message severity="INFO" prefix="[HLS 200-10]" key="HLS_10_1467" tag="" content="Starting code transformations ..." resolution=""/>
	<Message severity="INFO" prefix="[HLS 200-111]" key="HLS_111_966" tag="RUNTIME" content="Finished Standard Transforms: CPU user time: 10.52 seconds. CPU system time: 0.02 seconds. Elapsed time: 10.6 seconds; current allocated memory: 278.582 MB." resolution=""/>
	<Message severity="INFO" prefix="[HLS 200-10]" key="HLS_10_1472" tag="" content="Checking synthesizability ..." resolution=""/>
	<Message severity="INFO" prefix="[HLS 200-111]" key="HLS_111_966" tag="RUNTIME" content="Finished Checking Synthesizability: CPU user time: 6.97 seconds. CPU system time: 0 seconds. Elapsed time: 7.21 seconds; current allocated memory: 286.336 MB." resolution=""/>
	<Message severity="INFO" prefix="[XFORM 203-102]" key="XFORM_AUTO_PARTITION_STATUS_120" tag="" content="Partitioning array &apos;subB&apos; (src/q_matmul_k_new.cpp:94) automatically." resolution=""/>
	<Message severity="INFO" prefix="[XFORM 203-102]" key="XFORM_AUTO_PARTITION_STATUS_120" tag="" content="Partitioning array &apos;subB.1&apos; (src/q_matmul_k_new.cpp:94) automatically." resolution=""/>
	<Message severity="INFO" prefix="[XFORM 203-102]" key="XFORM_AUTO_PARTITION_STATUS_120" tag="" content="Partitioning array &apos;subB.2&apos; (src/q_matmul_k_new.cpp:94) automatically." resolution=""/>
	<Message severity="INFO" prefix="[XFORM 203-102]" key="XFORM_AUTO_PARTITION_STATUS_120" tag="" content="Partitioning array &apos;subB.3&apos; (src/q_matmul_k_new.cpp:94) automatically." resolution=""/>
	<Message severity="INFO" prefix="[XFORM 203-102]" key="XFORM_AUTO_PARTITION_STATUS_120" tag="" content="Partitioning array &apos;subB.4&apos; (src/q_matmul_k_new.cpp:94) automatically." resolution=""/>
	<Message severity="INFO" prefix="[XFORM 203-102]" key="XFORM_AUTO_PARTITION_STATUS_120" tag="" content="Partitioning array &apos;subB.5&apos; (src/q_matmul_k_new.cpp:94) automatically." resolution=""/>
	<Message severity="INFO" prefix="[XFORM 203-102]" key="XFORM_AUTO_PARTITION_STATUS_120" tag="" content="Partitioning array &apos;subB.6&apos; (src/q_matmul_k_new.cpp:94) automatically." resolution=""/>
	<Message severity="INFO" prefix="[XFORM 203-102]" key="XFORM_AUTO_PARTITION_STATUS_120" tag="" content="Partitioning array &apos;subB.7&apos; (src/q_matmul_k_new.cpp:94) automatically." resolution=""/>
	<Message severity="INFO" prefix="[XFORM 203-102]" key="XFORM_AUTO_PARTITION_STATUS_120" tag="" content="Partitioning array &apos;subB.8&apos; (src/q_matmul_k_new.cpp:94) automatically." resolution=""/>
	<Message severity="INFO" prefix="[XFORM 203-102]" key="XFORM_AUTO_PARTITION_STATUS_120" tag="" content="Partitioning array &apos;subB.9&apos; (src/q_matmul_k_new.cpp:94) automatically." resolution=""/>
	<Message severity="INFO" prefix="[XFORM 203-102]" key="XFORM_AUTO_PARTITION_STATUS_120" tag="" content="Partitioning array &apos;subB.10&apos; (src/q_matmul_k_new.cpp:94) automatically." resolution=""/>
	<Message severity="INFO" prefix="[XFORM 203-102]" key="XFORM_AUTO_PARTITION_STATUS_120" tag="" content="Partitioning array &apos;subB.11&apos; (src/q_matmul_k_new.cpp:94) automatically." resolution=""/>
	<Message severity="INFO" prefix="[XFORM 203-102]" key="XFORM_AUTO_PARTITION_STATUS_120" tag="" content="Partitioning array &apos;subB.12&apos; (src/q_matmul_k_new.cpp:94) automatically." resolution=""/>
	<Message severity="INFO" prefix="[XFORM 203-102]" key="XFORM_AUTO_PARTITION_STATUS_120" tag="" content="Partitioning array &apos;subB.13&apos; (src/q_matmul_k_new.cpp:94) automatically." resolution=""/>
	<Message severity="INFO" prefix="[XFORM 203-102]" key="XFORM_AUTO_PARTITION_STATUS_120" tag="" content="Partitioning array &apos;subB.14&apos; (src/q_matmul_k_new.cpp:94) automatically." resolution=""/>
	<Message severity="INFO" prefix="[XFORM 203-102]" key="XFORM_AUTO_PARTITION_STATUS_120" tag="" content="Partitioning array &apos;subB.15&apos; (src/q_matmul_k_new.cpp:94) automatically." resolution=""/>
	<Message severity="INFO" prefix="[XFORM 203-102]" key="XFORM_AUTO_PARTITION_STATUS_120" tag="" content="Partitioning array &apos;subB.16&apos; (src/q_matmul_k_new.cpp:94) automatically." resolution=""/>
	<Message severity="INFO" prefix="[XFORM 203-102]" key="XFORM_AUTO_PARTITION_STATUS_120" tag="" content="Partitioning array &apos;subB.17&apos; (src/q_matmul_k_new.cpp:94) automatically." resolution=""/>
	<Message severity="INFO" prefix="[XFORM 203-102]" key="XFORM_AUTO_PARTITION_STATUS_120" tag="" content="Partitioning array &apos;subB.18&apos; (src/q_matmul_k_new.cpp:94) automatically." resolution=""/>
	<Message severity="INFO" prefix="[XFORM 203-102]" key="XFORM_AUTO_PARTITION_STATUS_120" tag="" content="Partitioning array &apos;subB.19&apos; (src/q_matmul_k_new.cpp:94) automatically." resolution=""/>
	<Message severity="INFO" prefix="[XFORM 203-102]" key="XFORM_AUTO_PARTITION_STATUS_120" tag="" content="Partitioning array &apos;subB.20&apos; (src/q_matmul_k_new.cpp:94) automatically." resolution=""/>
	<Message severity="INFO" prefix="[XFORM 203-102]" key="XFORM_AUTO_PARTITION_STATUS_120" tag="" content="Partitioning array &apos;subB.21&apos; (src/q_matmul_k_new.cpp:94) automatically." resolution=""/>
	<Message severity="INFO" prefix="[XFORM 203-102]" key="XFORM_AUTO_PARTITION_STATUS_120" tag="" content="Partitioning array &apos;subB.22&apos; (src/q_matmul_k_new.cpp:94) automatically." resolution=""/>
	<Message severity="INFO" prefix="[XFORM 203-102]" key="XFORM_AUTO_PARTITION_STATUS_120" tag="" content="Partitioning array &apos;subB.23&apos; (src/q_matmul_k_new.cpp:94) automatically." resolution=""/>
	<Message severity="INFO" prefix="[XFORM 203-102]" key="XFORM_AUTO_PARTITION_STATUS_120" tag="" content="Partitioning array &apos;subB.24&apos; (src/q_matmul_k_new.cpp:94) automatically." resolution=""/>
	<Message severity="INFO" prefix="[XFORM 203-102]" key="XFORM_AUTO_PARTITION_STATUS_120" tag="" content="Partitioning array &apos;subB.25&apos; (src/q_matmul_k_new.cpp:94) automatically." resolution=""/>
	<Message severity="INFO" prefix="[XFORM 203-102]" key="XFORM_AUTO_PARTITION_STATUS_120" tag="" content="Partitioning array &apos;subB.26&apos; (src/q_matmul_k_new.cpp:94) automatically." resolution=""/>
	<Message severity="INFO" prefix="[XFORM 203-102]" key="XFORM_AUTO_PARTITION_STATUS_120" tag="" content="Partitioning array &apos;subB.27&apos; (src/q_matmul_k_new.cpp:94) automatically." resolution=""/>
	<Message severity="INFO" prefix="[XFORM 203-102]" key="XFORM_AUTO_PARTITION_STATUS_120" tag="" content="Partitioning array &apos;subB.28&apos; (src/q_matmul_k_new.cpp:94) automatically." resolution=""/>
	<Message severity="INFO" prefix="[XFORM 203-102]" key="XFORM_AUTO_PARTITION_STATUS_120" tag="" content="Partitioning array &apos;subB.29&apos; (src/q_matmul_k_new.cpp:94) automatically." resolution=""/>
	<Message severity="INFO" prefix="[XFORM 203-102]" key="XFORM_AUTO_PARTITION_STATUS_120" tag="" content="Partitioning array &apos;subB.30&apos; (src/q_matmul_k_new.cpp:94) automatically." resolution=""/>
	<Message severity="INFO" prefix="[XFORM 203-102]" key="XFORM_AUTO_PARTITION_STATUS_120" tag="" content="Partitioning array &apos;subB.31&apos; (src/q_matmul_k_new.cpp:94) automatically." resolution=""/>
	<Message severity="INFO" prefix="[XFORM 203-102]" key="XFORM_AUTO_PARTITION_STATUS_120" tag="" content="Partitioning array &apos;subB.32&apos; (src/q_matmul_k_new.cpp:94) automatically." resolution=""/>
	<Message severity="INFO" prefix="[XFORM 203-102]" key="XFORM_AUTO_PARTITION_STATUS_120" tag="" content="Partitioning array &apos;subB.33&apos; (src/q_matmul_k_new.cpp:94) automatically." resolution=""/>
	<Message severity="INFO" prefix="[XFORM 203-102]" key="XFORM_AUTO_PARTITION_STATUS_120" tag="" content="Partitioning array &apos;subB.34&apos; (src/q_matmul_k_new.cpp:94) automatically." resolution=""/>
	<Message severity="INFO" prefix="[XFORM 203-102]" key="XFORM_AUTO_PARTITION_STATUS_120" tag="" content="Partitioning array &apos;subB.35&apos; (src/q_matmul_k_new.cpp:94) automatically." resolution=""/>
	<Message severity="INFO" prefix="[XFORM 203-102]" key="XFORM_AUTO_PARTITION_STATUS_120" tag="" content="Partitioning array &apos;subB.36&apos; (src/q_matmul_k_new.cpp:94) automatically." resolution=""/>
	<Message severity="INFO" prefix="[XFORM 203-102]" key="XFORM_AUTO_PARTITION_STATUS_120" tag="" content="Partitioning array &apos;subB.37&apos; (src/q_matmul_k_new.cpp:94) automatically." resolution=""/>
	<Message severity="INFO" prefix="[XFORM 203-102]" key="XFORM_AUTO_PARTITION_STATUS_120" tag="" content="Partitioning array &apos;subB.38&apos; (src/q_matmul_k_new.cpp:94) automatically." resolution=""/>
	<Message severity="INFO" prefix="[XFORM 203-102]" key="XFORM_AUTO_PARTITION_STATUS_120" tag="" content="Partitioning array &apos;subB.39&apos; (src/q_matmul_k_new.cpp:94) automatically." resolution=""/>
	<Message severity="INFO" prefix="[XFORM 203-102]" key="XFORM_AUTO_PARTITION_STATUS_120" tag="" content="Partitioning array &apos;subB.40&apos; (src/q_matmul_k_new.cpp:94) automatically." resolution=""/>
	<Message severity="INFO" prefix="[XFORM 203-102]" key="XFORM_AUTO_PARTITION_STATUS_120" tag="" content="Partitioning array &apos;subB.41&apos; (src/q_matmul_k_new.cpp:94) automatically." resolution=""/>
	<Message severity="INFO" prefix="[XFORM 203-102]" key="XFORM_AUTO_PARTITION_STATUS_120" tag="" content="Partitioning array &apos;subB.42&apos; (src/q_matmul_k_new.cpp:94) automatically." resolution=""/>
	<Message severity="INFO" prefix="[XFORM 203-102]" key="XFORM_AUTO_PARTITION_STATUS_120" tag="" content="Partitioning array &apos;subB.43&apos; (src/q_matmul_k_new.cpp:94) automatically." resolution=""/>
	<Message severity="INFO" prefix="[XFORM 203-102]" key="XFORM_AUTO_PARTITION_STATUS_120" tag="" content="Partitioning array &apos;subB.44&apos; (src/q_matmul_k_new.cpp:94) automatically." resolution=""/>
	<Message severity="INFO" prefix="[XFORM 203-102]" key="XFORM_AUTO_PARTITION_STATUS_120" tag="" content="Partitioning array &apos;subB.45&apos; (src/q_matmul_k_new.cpp:94) automatically." resolution=""/>
	<Message severity="INFO" prefix="[XFORM 203-102]" key="XFORM_AUTO_PARTITION_STATUS_120" tag="" content="Partitioning array &apos;subB.46&apos; (src/q_matmul_k_new.cpp:94) automatically." resolution=""/>
	<Message severity="INFO" prefix="[XFORM 203-102]" key="XFORM_AUTO_PARTITION_STATUS_120" tag="" content="Partitioning array &apos;subB.47&apos; (src/q_matmul_k_new.cpp:94) automatically." resolution=""/>
	<Message severity="INFO" prefix="[XFORM 203-102]" key="XFORM_AUTO_PARTITION_STATUS_120" tag="" content="Partitioning array &apos;subB.48&apos; (src/q_matmul_k_new.cpp:94) automatically." resolution=""/>
	<Message severity="INFO" prefix="[XFORM 203-102]" key="XFORM_AUTO_PARTITION_STATUS_120" tag="" content="Partitioning array &apos;subB.49&apos; (src/q_matmul_k_new.cpp:94) automatically." resolution=""/>
	<Message severity="INFO" prefix="[XFORM 203-102]" key="XFORM_AUTO_PARTITION_STATUS_120" tag="" content="Partitioning array &apos;subB.50&apos; (src/q_matmul_k_new.cpp:94) automatically." resolution=""/>
	<Message severity="INFO" prefix="[XFORM 203-102]" key="XFORM_AUTO_PARTITION_STATUS_120" tag="" content="Partitioning array &apos;subB.51&apos; (src/q_matmul_k_new.cpp:94) automatically." resolution=""/>
	<Message severity="INFO" prefix="[XFORM 203-102]" key="XFORM_AUTO_PARTITION_STATUS_120" tag="" content="Partitioning array &apos;subB.52&apos; (src/q_matmul_k_new.cpp:94) automatically." resolution=""/>
	<Message severity="INFO" prefix="[XFORM 203-102]" key="XFORM_AUTO_PARTITION_STATUS_120" tag="" content="Partitioning array &apos;subB.53&apos; (src/q_matmul_k_new.cpp:94) automatically." resolution=""/>
	<Message severity="INFO" prefix="[XFORM 203-102]" key="XFORM_AUTO_PARTITION_STATUS_120" tag="" content="Partitioning array &apos;subB.54&apos; (src/q_matmul_k_new.cpp:94) automatically." resolution=""/>
	<Message severity="INFO" prefix="[XFORM 203-102]" key="XFORM_AUTO_PARTITION_STATUS_120" tag="" content="Partitioning array &apos;subB.55&apos; (src/q_matmul_k_new.cpp:94) automatically." resolution=""/>
	<Message severity="INFO" prefix="[XFORM 203-102]" key="XFORM_AUTO_PARTITION_STATUS_120" tag="" content="Partitioning array &apos;subB.56&apos; (src/q_matmul_k_new.cpp:94) automatically." resolution=""/>
	<Message severity="INFO" prefix="[XFORM 203-102]" key="XFORM_AUTO_PARTITION_STATUS_120" tag="" content="Partitioning array &apos;subB.57&apos; (src/q_matmul_k_new.cpp:94) automatically." resolution=""/>
	<Message severity="INFO" prefix="[XFORM 203-102]" key="XFORM_AUTO_PARTITION_STATUS_120" tag="" content="Partitioning array &apos;subB.58&apos; (src/q_matmul_k_new.cpp:94) automatically." resolution=""/>
	<Message severity="INFO" prefix="[XFORM 203-102]" key="XFORM_AUTO_PARTITION_STATUS_120" tag="" content="Partitioning array &apos;subB.59&apos; (src/q_matmul_k_new.cpp:94) automatically." resolution=""/>
	<Message severity="INFO" prefix="[XFORM 203-102]" key="XFORM_AUTO_PARTITION_STATUS_120" tag="" content="Partitioning array &apos;subB.60&apos; (src/q_matmul_k_new.cpp:94) automatically." resolution=""/>
	<Message severity="INFO" prefix="[XFORM 203-102]" key="XFORM_AUTO_PARTITION_STATUS_120" tag="" content="Partitioning array &apos;subB.61&apos; (src/q_matmul_k_new.cpp:94) automatically." resolution=""/>
	<Message severity="INFO" prefix="[XFORM 203-102]" key="XFORM_AUTO_PARTITION_STATUS_120" tag="" content="Partitioning array &apos;subB.62&apos; (src/q_matmul_k_new.cpp:94) automatically." resolution=""/>
	<Message severity="INFO" prefix="[XFORM 203-102]" key="XFORM_AUTO_PARTITION_STATUS_120" tag="" content="Partitioning array &apos;subB.63&apos; (src/q_matmul_k_new.cpp:94) automatically." resolution=""/>
	<Message severity="INFO" prefix="[XFORM 203-401]" key="XFORM_IFCONV_STATUS_239" tag="" content="Performing if-conversion on hyperblock from (src/q_matmul_k_new.cpp:174:9) to (src/q_matmul_k_new.cpp:173:31) in function &apos;mmult&apos;... converting 65 basic blocks." resolution=""/>
	<Message severity="INFO" prefix="[HLS 200-111]" key="HLS_111_966" tag="RUNTIME" content="Finished Loop, function and other optimizations: CPU user time: 17.91 seconds. CPU system time: 0.06 seconds. Elapsed time: 18.66 seconds; current allocated memory: 393.336 MB." resolution=""/>
	<Message severity="INFO" prefix="[XFORM 203-541]" key="XFORM_LOOPFLAT_STATUS_218" tag="" content="Flattening a loop nest &apos;initC&apos; (src/q_matmul_k_new.cpp:76:14) in function &apos;mmult&apos;." resolution=""/>
	<Message severity="WARNING" prefix="[HLS 200-960]" key="HLS 200-960" tag="LOOP,VITIS_LATENCY" content="Cannot flatten loop &apos;VITIS_LOOP_105_2&apos; (src/q_matmul_k_new.cpp:105:36) in function &apos;mmult&apos; more than one sub loop." resolution="http://www.xilinx.com/cgi-bin/docs/rdoc?v=2022.1;t=hls+guidance;d=200-960.html"/>
	<Message severity="INFO" prefix="[XFORM 203-541]" key="XFORM_LOOPFLAT_STATUS_218" tag="" content="Flattening a loop nest &apos;tile_outer_loop&apos; (src/q_matmul_k_new.cpp:104:14) in function &apos;mmult&apos;." resolution=""/>
	<Message severity="WARNING" prefix="[HLS 200-1946]" key="HLS 200-1946" tag="" content="Dependence pragma (src/q_matmul_k_new.cpp:222:9) in loop &apos;VITIS_LOOP_105_2&apos; may become invalid because the loop was flattened with the outer loop &apos;tile_outer_loop&apos;." resolution=""/>
	<Message severity="WARNING" prefix="[HLS 200-1946]" key="HLS 200-1946" tag="" content="Dependence pragma (src/q_matmul_k_new.cpp:222:9) in loop &apos;VITIS_LOOP_105_2&apos; may become invalid because the loop was flattened with the outer loop &apos;tile_outer_loop&apos;." resolution=""/>
	<Message severity="WARNING" prefix="[HLS 200-1946]" key="HLS 200-1946" tag="" content="Dependence pragma (src/q_matmul_k_new.cpp:222:9) in loop &apos;VITIS_LOOP_105_2&apos; may become invalid because the loop was flattened with the outer loop &apos;tile_outer_loop&apos;." resolution=""/>
	<Message severity="WARNING" prefix="[HLS 200-1946]" key="HLS 200-1946" tag="" content="Dependence pragma (src/q_matmul_k_new.cpp:222:9) in loop &apos;VITIS_LOOP_105_2&apos; may become invalid because the loop was flattened with the outer loop &apos;tile_outer_loop&apos;." resolution=""/>
	<Message severity="WARNING" prefix="[HLS 200-1946]" key="HLS 200-1946" tag="" content="Dependence pragma (src/q_matmul_k_new.cpp:222:9) in loop &apos;VITIS_LOOP_105_2&apos; may become invalid because the loop was flattened with the outer loop &apos;tile_outer_loop&apos;." resolution=""/>
	<Message severity="WARNING" prefix="[HLS 200-1946]" key="HLS 200-1946" tag="" content="Dependence pragma (src/q_matmul_k_new.cpp:222:9) in loop &apos;VITIS_LOOP_105_2&apos; may become invalid because the loop was flattened with the outer loop &apos;tile_outer_loop&apos;." resolution=""/>
	<Message severity="WARNING" prefix="[HLS 200-1946]" key="HLS 200-1946" tag="" content="Dependence pragma (src/q_matmul_k_new.cpp:222:9) in loop &apos;VITIS_LOOP_105_2&apos; may become invalid because the loop was flattened with the outer loop &apos;tile_outer_loop&apos;." resolution=""/>
	<Message severity="WARNING" prefix="[HLS 200-1946]" key="HLS 200-1946" tag="" content="Dependence pragma (src/q_matmul_k_new.cpp:222:9) in loop &apos;VITIS_LOOP_105_2&apos; may become invalid because the loop was flattened with the outer loop &apos;tile_outer_loop&apos;." resolution=""/>
	<Message severity="WARNING" prefix="[HLS 200-1946]" key="HLS 200-1946" tag="" content="Dependence pragma (src/q_matmul_k_new.cpp:222:9) in loop &apos;VITIS_LOOP_105_2&apos; may become invalid because the loop was flattened with the outer loop &apos;tile_outer_loop&apos;." resolution=""/>
	<Message severity="WARNING" prefix="[HLS 200-1946]" key="HLS 200-1946" tag="" content="Dependence pragma (src/q_matmul_k_new.cpp:222:9) in loop &apos;VITIS_LOOP_105_2&apos; may become invalid because the loop was flattened with the outer loop &apos;tile_outer_loop&apos;." resolution=""/>
	<Message severity="WARNING" prefix="[HLS 200-1946]" key="HLS 200-1946" tag="" content="Dependence pragma (src/q_matmul_k_new.cpp:222:9) in loop &apos;VITIS_LOOP_105_2&apos; may become invalid because the loop was flattened with the outer loop &apos;tile_outer_loop&apos;." resolution=""/>
	<Message severity="WARNING" prefix="[HLS 200-1946]" key="HLS 200-1946" tag="" content="Dependence pragma (src/q_matmul_k_new.cpp:222:9) in loop &apos;VITIS_LOOP_105_2&apos; may become invalid because the loop was flattened with the outer loop &apos;tile_outer_loop&apos;." resolution=""/>
	<Message severity="WARNING" prefix="[HLS 200-1946]" key="HLS 200-1946" tag="" content="Dependence pragma (src/q_matmul_k_new.cpp:222:9) in loop &apos;VITIS_LOOP_105_2&apos; may become invalid because the loop was flattened with the outer loop &apos;tile_outer_loop&apos;." resolution=""/>
	<Message severity="WARNING" prefix="[HLS 200-1946]" key="HLS 200-1946" tag="" content="Dependence pragma (src/q_matmul_k_new.cpp:222:9) in loop &apos;VITIS_LOOP_105_2&apos; may become invalid because the loop was flattened with the outer loop &apos;tile_outer_loop&apos;." resolution=""/>
	<Message severity="WARNING" prefix="[HLS 200-1946]" key="HLS 200-1946" tag="" content="Dependence pragma (src/q_matmul_k_new.cpp:222:9) in loop &apos;VITIS_LOOP_105_2&apos; may become invalid because the loop was flattened with the outer loop &apos;tile_outer_loop&apos;." resolution=""/>
	<Message severity="WARNING" prefix="[HLS 200-1946]" key="HLS 200-1946" tag="" content="Dependence pragma (src/q_matmul_k_new.cpp:222:9) in loop &apos;VITIS_LOOP_105_2&apos; may become invalid because the loop was flattened with the outer loop &apos;tile_outer_loop&apos;." resolution=""/>
	<Message severity="INFO" prefix="[HLS 200-472]" key="HLS 200-472" tag="" content="Inferring partial write operation for &apos;localA&apos; (src/q_matmul_k_new.cpp:57:22)" resolution=""/>
	<Message severity="INFO" prefix="[HLS 200-472]" key="HLS 200-472" tag="" content="Inferring partial write operation for &apos;localB&apos; (src/q_matmul_k_new.cpp:68:22)" resolution=""/>
	<Message severity="INFO" prefix="[HLS 200-472]" key="HLS 200-472" tag="" content="Inferring partial write operation for &apos;localC&apos; (src/q_matmul_k_new.cpp:79:15)" resolution=""/>
	<Message severity="INFO" prefix="[HLS 200-472]" key="HLS 200-472" tag="" content="Inferring partial write operation for &apos;localC&apos; (src/q_matmul_k_new.cpp:231:54)" resolution=""/>
	<Message severity="INFO" prefix="[HLS 200-472]" key="HLS 200-472" tag="" content="Inferring partial write operation for &apos;subA&apos; (src/q_matmul_k_new.cpp:132:36)" resolution=""/>
	<Message severity="INFO" prefix="[HLS 200-472]" key="HLS 200-472" tag="" content="Inferring partial write operation for &apos;subA&apos; (src/q_matmul_k_new.cpp:130:36)" resolution=""/>
	<Message severity="WARNING" prefix="[ANALYSIS 214-52]" key="ANALYSIS_USER_SET_DEP_242" tag="" content="Found false inter dependency for variable &apos;_ZZ5mmultE6localC_15&apos;." resolution=""/>
	<Message severity="WARNING" prefix="[ANALYSIS 214-52]" key="ANALYSIS_USER_SET_DEP_242" tag="" content="Found false inter dependency for variable &apos;_ZZ5mmultE6localC_14&apos;." resolution=""/>
	<Message severity="WARNING" prefix="[ANALYSIS 214-52]" key="ANALYSIS_USER_SET_DEP_242" tag="" content="Found false inter dependency for variable &apos;_ZZ5mmultE6localC_13&apos;." resolution=""/>
	<Message severity="WARNING" prefix="[ANALYSIS 214-52]" key="ANALYSIS_USER_SET_DEP_242" tag="" content="Found false inter dependency for variable &apos;_ZZ5mmultE6localC_12&apos;." resolution=""/>
	<Message severity="WARNING" prefix="[ANALYSIS 214-52]" key="ANALYSIS_USER_SET_DEP_242" tag="" content="Found false inter dependency for variable &apos;_ZZ5mmultE6localC_11&apos;." resolution=""/>
	<Message severity="WARNING" prefix="[ANALYSIS 214-52]" key="ANALYSIS_USER_SET_DEP_242" tag="" content="Found false inter dependency for variable &apos;_ZZ5mmultE6localC_10&apos;." resolution=""/>
	<Message severity="WARNING" prefix="[ANALYSIS 214-52]" key="ANALYSIS_USER_SET_DEP_242" tag="" content="Found false inter dependency for variable &apos;localC.27&apos;." resolution=""/>
	<Message severity="WARNING" prefix="[ANALYSIS 214-52]" key="ANALYSIS_USER_SET_DEP_242" tag="" content="Found false inter dependency for variable &apos;localC.26&apos;." resolution=""/>
	<Message severity="WARNING" prefix="[ANALYSIS 214-52]" key="ANALYSIS_USER_SET_DEP_242" tag="" content="Found false inter dependency for variable &apos;localC.25&apos;." resolution=""/>
	<Message severity="WARNING" prefix="[ANALYSIS 214-52]" key="ANALYSIS_USER_SET_DEP_242" tag="" content="Found false inter dependency for variable &apos;localC.24&apos;." resolution=""/>
	<Message severity="WARNING" prefix="[ANALYSIS 214-52]" key="ANALYSIS_USER_SET_DEP_242" tag="" content="Found false inter dependency for variable &apos;localC.23&apos;." resolution=""/>
	<Message severity="WARNING" prefix="[ANALYSIS 214-52]" key="ANALYSIS_USER_SET_DEP_242" tag="" content="Found false inter dependency for variable &apos;localC.22&apos;." resolution=""/>
	<Message severity="WARNING" prefix="[ANALYSIS 214-52]" key="ANALYSIS_USER_SET_DEP_242" tag="" content="Found false inter dependency for variable &apos;localC.21&apos;." resolution=""/>
	<Message severity="WARNING" prefix="[ANALYSIS 214-52]" key="ANALYSIS_USER_SET_DEP_242" tag="" content="Found false inter dependency for variable &apos;localC.20&apos;." resolution=""/>
	<Message severity="WARNING" prefix="[ANALYSIS 214-52]" key="ANALYSIS_USER_SET_DEP_242" tag="" content="Found false inter dependency for variable &apos;localC.19&apos;." resolution=""/>
	<Message severity="WARNING" prefix="[ANALYSIS 214-52]" key="ANALYSIS_USER_SET_DEP_242" tag="" content="Found false inter dependency for variable &apos;localC&apos;." resolution=""/>
	<Message severity="WARNING" prefix="[ANALYSIS 214-52]" key="ANALYSIS_USER_SET_DEP_242" tag="" content="Found false inter dependency for variable &apos;_ZZ5mmultE6localC_15&apos;." resolution=""/>
	<Message severity="WARNING" prefix="[ANALYSIS 214-52]" key="ANALYSIS_USER_SET_DEP_242" tag="" content="Found false inter dependency for variable &apos;_ZZ5mmultE6localC_14&apos;." resolution=""/>
	<Message severity="WARNING" prefix="[ANALYSIS 214-52]" key="ANALYSIS_USER_SET_DEP_242" tag="" content="Found false inter dependency for variable &apos;_ZZ5mmultE6localC_13&apos;." resolution=""/>
	<Message severity="WARNING" prefix="[ANALYSIS 214-52]" key="ANALYSIS_USER_SET_DEP_242" tag="" content="Found false inter dependency for variable &apos;_ZZ5mmultE6localC_12&apos;." resolution=""/>
	<Message severity="WARNING" prefix="[ANALYSIS 214-52]" key="ANALYSIS_USER_SET_DEP_242" tag="" content="Found false inter dependency for variable &apos;_ZZ5mmultE6localC_11&apos;." resolution=""/>
	<Message severity="WARNING" prefix="[ANALYSIS 214-52]" key="ANALYSIS_USER_SET_DEP_242" tag="" content="Found false inter dependency for variable &apos;_ZZ5mmultE6localC_10&apos;." resolution=""/>
	<Message severity="WARNING" prefix="[ANALYSIS 214-52]" key="ANALYSIS_USER_SET_DEP_242" tag="" content="Found false inter dependency for variable &apos;localC.27&apos;." resolution=""/>
	<Message severity="WARNING" prefix="[ANALYSIS 214-52]" key="ANALYSIS_USER_SET_DEP_242" tag="" content="Found false inter dependency for variable &apos;localC.26&apos;." resolution=""/>
	<Message severity="WARNING" prefix="[ANALYSIS 214-52]" key="ANALYSIS_USER_SET_DEP_242" tag="" content="Found false inter dependency for variable &apos;localC.25&apos;." resolution=""/>
	<Message severity="WARNING" prefix="[ANALYSIS 214-52]" key="ANALYSIS_USER_SET_DEP_242" tag="" content="Found false inter dependency for variable &apos;localC.24&apos;." resolution=""/>
	<Message severity="WARNING" prefix="[ANALYSIS 214-52]" key="ANALYSIS_USER_SET_DEP_242" tag="" content="Found false inter dependency for variable &apos;localC.23&apos;." resolution=""/>
	<Message severity="WARNING" prefix="[ANALYSIS 214-52]" key="ANALYSIS_USER_SET_DEP_242" tag="" content="Found false inter dependency for variable &apos;localC.22&apos;." resolution=""/>
	<Message severity="WARNING" prefix="[ANALYSIS 214-52]" key="ANALYSIS_USER_SET_DEP_242" tag="" content="Found false inter dependency for variable &apos;localC.21&apos;." resolution=""/>
	<Message severity="WARNING" prefix="[ANALYSIS 214-52]" key="ANALYSIS_USER_SET_DEP_242" tag="" content="Found false inter dependency for variable &apos;localC.20&apos;." resolution=""/>
	<Message severity="WARNING" prefix="[ANALYSIS 214-52]" key="ANALYSIS_USER_SET_DEP_242" tag="" content="Found false inter dependency for variable &apos;localC.19&apos;." resolution=""/>
	<Message severity="WARNING" prefix="[ANALYSIS 214-52]" key="ANALYSIS_USER_SET_DEP_242" tag="" content="Found false inter dependency for variable &apos;localC&apos;." resolution=""/>
	<Message severity="INFO" prefix="[HLS 200-444]" key="HLS 200-444" tag="AXI,VITIS_INTERFACE" content="Inferring multiple bus burst write of a total cumulative length 38809 on port &apos;gmem2&apos; (src/q_matmul_k_new.cpp:250:16). These data requests might be further partitioned to multiple requests during RTL generation, based on max_read_burst_length or max_write_burst_length settings." resolution=""/>
	<Message severity="INFO" prefix="[HLS 200-444]" key="HLS 200-444" tag="AXI,VITIS_INTERFACE" content="Inferring multiple bus burst read of a total cumulative length 12608 on port &apos;gmem1&apos; (src/q_matmul_k_new.cpp:68:24). These data requests might be further partitioned to multiple requests during RTL generation, based on max_read_burst_length or max_write_burst_length settings." resolution=""/>
	<Message severity="INFO" prefix="[HLS 200-444]" key="HLS 200-444" tag="AXI,VITIS_INTERFACE" content="Inferring multiple bus burst read of a total cumulative length 12608 on port &apos;gmem0&apos; (src/q_matmul_k_new.cpp:57:24). These data requests might be further partitioned to multiple requests during RTL generation, based on max_read_burst_length or max_write_burst_length settings." resolution=""/>
	<Message severity="INFO" prefix="[HLS 200-111]" key="HLS_111_966" tag="RUNTIME" content="Finished Architecture Synthesis: CPU user time: 8.45 seconds. CPU system time: 0.08 seconds. Elapsed time: 9.62 seconds; current allocated memory: 543.434 MB." resolution=""/>
	<Message severity="INFO" prefix="[HLS 200-10]" key="HLS_10_1317" tag="" content="Starting hardware synthesis ..." resolution=""/>
	<Message severity="INFO" prefix="[HLS 200-10]" key="HLS_10_1385" tag="" content="Synthesizing &apos;mmult&apos; ..." resolution=""/>
	<Message severity="INFO" prefix="[HLS 200-10]" key="HLS_10_1477" tag="" content="----------------------------------------------------------------" resolution=""/>
	<Message severity="INFO" prefix="[HLS 200-42]" key="HLS_42_1438" tag="" content="-- Implementing module &apos;mmult_Pipeline_readA&apos;" resolution=""/>
	<Message severity="INFO" prefix="[HLS 200-10]" key="HLS_10_1478" tag="" content="----------------------------------------------------------------" resolution=""/>
	<Message severity="INFO" prefix="[SCHED 204-11]" key="SCHED_SCHED_STATUS_597" tag="" content="Starting scheduling ..." resolution=""/>
	<Message severity="INFO" prefix="[SCHED 204-61]" key="SCHED_PIPELINING_STATUS_41" tag="" content="Pipelining loop &apos;readA&apos;." resolution=""/>
	<Message severity="INFO" prefix="[HLS 200-1470]" key="HLS 200-1470" tag="SCHEDULE,VITIS_THROUGHPUT" content="Pipelining result : Target II = 1, Final II = 1, Depth = 3, loop &apos;readA&apos;" resolution=""/>
	<Message severity="INFO" prefix="[SCHED 204-11]" key="SCHED_SCHED_STATUS_596" tag="" content="Finished scheduling." resolution=""/>
	<Message severity="INFO" prefix="[HLS 200-111]" key="HLS_111_966" tag="RUNTIME" content="Finished Scheduling: CPU user time: 17.4 seconds. CPU system time: 0.02 seconds. Elapsed time: 17.52 seconds; current allocated memory: 558.125 MB." resolution=""/>
	<Message severity="INFO" prefix="[BIND 205-100]" key="BIND_100_926" tag="" content="Starting micro-architecture generation ..." resolution=""/>
	<Message severity="INFO" prefix="[BIND 205-101]" key="BIND_101_698" tag="" content="Performing variable lifetime analysis." resolution=""/>
	<Message severity="INFO" prefix="[BIND 205-101]" key="BIND_101_697" tag="" content="Exploring resource sharing." resolution=""/>
	<Message severity="INFO" prefix="[BIND 205-101]" key="BIND_101_693" tag="" content="Binding ..." resolution=""/>
	<Message severity="INFO" prefix="[BIND 205-100]" key="BIND_100_925" tag="" content="Finished micro-architecture generation." resolution=""/>
	<Message severity="INFO" prefix="[HLS 200-111]" key="HLS_111_966" tag="RUNTIME" content="Finished Binding: CPU user time: 0.14 seconds. CPU system time: 0.01 seconds. Elapsed time: 0.18 seconds; current allocated memory: 558.125 MB." resolution=""/>
	<Message severity="INFO" prefix="[HLS 200-10]" key="HLS_10_1477" tag="" content="----------------------------------------------------------------" resolution=""/>
	<Message severity="INFO" prefix="[HLS 200-42]" key="HLS_42_1438" tag="" content="-- Implementing module &apos;mmult_Pipeline_readB&apos;" resolution=""/>
	<Message severity="INFO" prefix="[HLS 200-10]" key="HLS_10_1478" tag="" content="----------------------------------------------------------------" resolution=""/>
	<Message severity="INFO" prefix="[SCHED 204-11]" key="SCHED_SCHED_STATUS_597" tag="" content="Starting scheduling ..." resolution=""/>
	<Message severity="INFO" prefix="[HLS 200-486]" key="HLS 200-486" tag="" content="Changing DSP latency (root=mul_ln68) to 3 in order to utilize available DSP registers." resolution=""/>
	<Message severity="INFO" prefix="[SCHED 204-61]" key="SCHED_PIPELINING_STATUS_41" tag="" content="Pipelining loop &apos;readB&apos;." resolution=""/>
	<Message severity="INFO" prefix="[HLS 200-1470]" key="HLS 200-1470" tag="SCHEDULE,VITIS_THROUGHPUT" content="Pipelining result : Target II = 1, Final II = 1, Depth = 4, loop &apos;readB&apos;" resolution=""/>
	<Message severity="INFO" prefix="[SCHED 204-11]" key="SCHED_SCHED_STATUS_596" tag="" content="Finished scheduling." resolution=""/>
	<Message severity="INFO" prefix="[HLS 200-111]" key="HLS_111_966" tag="RUNTIME" content="Finished Scheduling: CPU user time: 0.18 seconds. CPU system time: 0 seconds. Elapsed time: 0.48 seconds; current allocated memory: 558.125 MB." resolution=""/>
	<Message severity="INFO" prefix="[BIND 205-100]" key="BIND_100_926" tag="" content="Starting micro-architecture generation ..." resolution=""/>
	<Message severity="INFO" prefix="[BIND 205-101]" key="BIND_101_698" tag="" content="Performing variable lifetime analysis." resolution=""/>
	<Message severity="INFO" prefix="[BIND 205-101]" key="BIND_101_697" tag="" content="Exploring resource sharing." resolution=""/>
	<Message severity="INFO" prefix="[BIND 205-101]" key="BIND_101_693" tag="" content="Binding ..." resolution=""/>
	<Message severity="INFO" prefix="[BIND 205-100]" key="BIND_100_925" tag="" content="Finished micro-architecture generation." resolution=""/>
	<Message severity="INFO" prefix="[HLS 200-111]" key="HLS_111_966" tag="RUNTIME" content="Finished Binding: CPU user time: 0.1 seconds. CPU system time: 0.01 seconds. Elapsed time: 0.41 seconds; current allocated memory: 558.125 MB." resolution=""/>
	<Message severity="INFO" prefix="[HLS 200-10]" key="HLS_10_1477" tag="" content="----------------------------------------------------------------" resolution=""/>
	<Message severity="INFO" prefix="[HLS 200-42]" key="HLS_42_1438" tag="" content="-- Implementing module &apos;mmult_Pipeline_initC_VITIS_LOOP_77_1&apos;" resolution=""/>
	<Message severity="INFO" prefix="[HLS 200-10]" key="HLS_10_1478" tag="" content="----------------------------------------------------------------" resolution=""/>
	<Message severity="INFO" prefix="[SCHED 204-11]" key="SCHED_SCHED_STATUS_597" tag="" content="Starting scheduling ..." resolution=""/>
	<Message severity="INFO" prefix="[HLS 200-486]" key="HLS 200-486" tag="" content="Changing DSP latency (root=mul_ln79) to 3 in order to utilize available DSP registers." resolution=""/>
	<Message severity="INFO" prefix="[SCHED 204-61]" key="SCHED_PIPELINING_STATUS_41" tag="" content="Pipelining loop &apos;initC_VITIS_LOOP_77_1&apos;." resolution=""/>
	<Message severity="INFO" prefix="[HLS 200-1470]" key="HLS 200-1470" tag="SCHEDULE,VITIS_THROUGHPUT" content="Pipelining result : Target II = 1, Final II = 1, Depth = 4, loop &apos;initC_VITIS_LOOP_77_1&apos;" resolution=""/>
	<Message severity="INFO" prefix="[SCHED 204-11]" key="SCHED_SCHED_STATUS_596" tag="" content="Finished scheduling." resolution=""/>
	<Message severity="INFO" prefix="[HLS 200-111]" key="HLS_111_966" tag="RUNTIME" content="Finished Scheduling: CPU user time: 0.1 seconds. CPU system time: 0 seconds. Elapsed time: 0.35 seconds; current allocated memory: 558.125 MB." resolution=""/>
	<Message severity="INFO" prefix="[BIND 205-100]" key="BIND_100_926" tag="" content="Starting micro-architecture generation ..." resolution=""/>
	<Message severity="INFO" prefix="[BIND 205-101]" key="BIND_101_698" tag="" content="Performing variable lifetime analysis." resolution=""/>
	<Message severity="INFO" prefix="[BIND 205-101]" key="BIND_101_697" tag="" content="Exploring resource sharing." resolution=""/>
	<Message severity="INFO" prefix="[BIND 205-101]" key="BIND_101_693" tag="" content="Binding ..." resolution=""/>
	<Message severity="INFO" prefix="[BIND 205-100]" key="BIND_100_925" tag="" content="Finished micro-architecture generation." resolution=""/>
	<Message severity="INFO" prefix="[HLS 200-111]" key="HLS_111_966" tag="RUNTIME" content="Finished Binding: CPU user time: 0.05 seconds. CPU system time: 0 seconds. Elapsed time: 0.07 seconds; current allocated memory: 558.125 MB." resolution=""/>
	<Message severity="INFO" prefix="[HLS 200-10]" key="HLS_10_1477" tag="" content="----------------------------------------------------------------" resolution=""/>
	<Message severity="INFO" prefix="[HLS 200-42]" key="HLS_42_1438" tag="" content="-- Implementing module &apos;mmult_Pipeline_init_inC&apos;" resolution=""/>
	<Message severity="INFO" prefix="[HLS 200-10]" key="HLS_10_1478" tag="" content="----------------------------------------------------------------" resolution=""/>
	<Message severity="INFO" prefix="[SCHED 204-11]" key="SCHED_SCHED_STATUS_597" tag="" content="Starting scheduling ..." resolution=""/>
	<Message severity="INFO" prefix="[SCHED 204-61]" key="SCHED_PIPELINING_STATUS_41" tag="" content="Pipelining loop &apos;init_inC&apos;." resolution=""/>
	<Message severity="INFO" prefix="[HLS 200-1470]" key="HLS 200-1470" tag="SCHEDULE,VITIS_THROUGHPUT" content="Pipelining result : Target II = NA, Final II = 1, Depth = 1, loop &apos;init_inC&apos;" resolution=""/>
	<Message severity="INFO" prefix="[SCHED 204-11]" key="SCHED_SCHED_STATUS_596" tag="" content="Finished scheduling." resolution=""/>
	<Message severity="INFO" prefix="[HLS 200-111]" key="HLS_111_966" tag="RUNTIME" content="Finished Scheduling: CPU user time: 0.67 seconds. CPU system time: 0 seconds. Elapsed time: 0.91 seconds; current allocated memory: 565.797 MB." resolution=""/>
	<Message severity="INFO" prefix="[BIND 205-100]" key="BIND_100_926" tag="" content="Starting micro-architecture generation ..." resolution=""/>
	<Message severity="INFO" prefix="[BIND 205-101]" key="BIND_101_698" tag="" content="Performing variable lifetime analysis." resolution=""/>
	<Message severity="INFO" prefix="[BIND 205-101]" key="BIND_101_697" tag="" content="Exploring resource sharing." resolution=""/>
	<Message severity="INFO" prefix="[BIND 205-101]" key="BIND_101_693" tag="" content="Binding ..." resolution=""/>
	<Message severity="INFO" prefix="[BIND 205-100]" key="BIND_100_925" tag="" content="Finished micro-architecture generation." resolution=""/>
	<Message severity="INFO" prefix="[HLS 200-111]" key="HLS_111_966" tag="RUNTIME" content="Finished Binding: CPU user time: 0.09 seconds. CPU system time: 0.01 seconds. Elapsed time: 0.25 seconds; current allocated memory: 565.797 MB." resolution=""/>
	<Message severity="INFO" prefix="[HLS 200-10]" key="HLS_10_1477" tag="" content="----------------------------------------------------------------" resolution=""/>
	<Message severity="INFO" prefix="[HLS 200-42]" key="HLS_42_1438" tag="" content="-- Implementing module &apos;mmult_Pipeline_read_subA&apos;" resolution=""/>
	<Message severity="INFO" prefix="[HLS 200-10]" key="HLS_10_1478" tag="" content="----------------------------------------------------------------" resolution=""/>
	<Message severity="INFO" prefix="[SCHED 204-11]" key="SCHED_SCHED_STATUS_597" tag="" content="Starting scheduling ..." resolution=""/>
	<Message severity="INFO" prefix="[SCHED 204-61]" key="SCHED_PIPELINING_STATUS_41" tag="" content="Pipelining loop &apos;read_subA&apos;." resolution=""/>
	<Message severity="INFO" prefix="[HLS 200-1470]" key="HLS 200-1470" tag="SCHEDULE,VITIS_THROUGHPUT" content="Pipelining result : Target II = NA, Final II = 1, Depth = 3, loop &apos;read_subA&apos;" resolution=""/>
	<Message severity="INFO" prefix="[SCHED 204-11]" key="SCHED_SCHED_STATUS_596" tag="" content="Finished scheduling." resolution=""/>
	<Message severity="INFO" prefix="[HLS 200-111]" key="HLS_111_966" tag="RUNTIME" content="Finished Scheduling: CPU user time: 0.43 seconds. CPU system time: 0 seconds. Elapsed time: 0.54 seconds; current allocated memory: 570.027 MB." resolution=""/>
	<Message severity="INFO" prefix="[BIND 205-100]" key="BIND_100_926" tag="" content="Starting micro-architecture generation ..." resolution=""/>
	<Message severity="INFO" prefix="[BIND 205-101]" key="BIND_101_698" tag="" content="Performing variable lifetime analysis." resolution=""/>
	<Message severity="INFO" prefix="[BIND 205-101]" key="BIND_101_697" tag="" content="Exploring resource sharing." resolution=""/>
	<Message severity="INFO" prefix="[BIND 205-101]" key="BIND_101_693" tag="" content="Binding ..." resolution=""/>
	<Message severity="INFO" prefix="[BIND 205-100]" key="BIND_100_925" tag="" content="Finished micro-architecture generation." resolution=""/>
	<Message severity="INFO" prefix="[HLS 200-111]" key="HLS_111_966" tag="RUNTIME" content="Finished Binding: CPU user time: 0.4 seconds. CPU system time: 0.01 seconds. Elapsed time: 0.48 seconds; current allocated memory: 570.027 MB." resolution=""/>
	<Message severity="INFO" prefix="[HLS 200-10]" key="HLS_10_1477" tag="" content="----------------------------------------------------------------" resolution=""/>
	<Message severity="INFO" prefix="[HLS 200-42]" key="HLS_42_1438" tag="" content="-- Implementing module &apos;mmult_Pipeline_read_subB&apos;" resolution=""/>
	<Message severity="INFO" prefix="[HLS 200-10]" key="HLS_10_1478" tag="" content="----------------------------------------------------------------" resolution=""/>
	<Message severity="INFO" prefix="[SCHED 204-11]" key="SCHED_SCHED_STATUS_597" tag="" content="Starting scheduling ..." resolution=""/>
	<Message severity="INFO" prefix="[SCHED 204-61]" key="SCHED_PIPELINING_STATUS_41" tag="" content="Pipelining loop &apos;read_subB&apos;." resolution=""/>
	<Message severity="INFO" prefix="[HLS 200-1470]" key="HLS 200-1470" tag="SCHEDULE,VITIS_THROUGHPUT" content="Pipelining result : Target II = NA, Final II = 1, Depth = 3, loop &apos;read_subB&apos;" resolution=""/>
	<Message severity="INFO" prefix="[SCHED 204-11]" key="SCHED_SCHED_STATUS_596" tag="" content="Finished scheduling." resolution=""/>
	<Message severity="INFO" prefix="[HLS 200-111]" key="HLS_111_966" tag="RUNTIME" content="Finished Scheduling: CPU user time: 8.33 seconds. CPU system time: 0.01 seconds. Elapsed time: 8.4 seconds; current allocated memory: 651.766 MB." resolution=""/>
	<Message severity="INFO" prefix="[BIND 205-100]" key="BIND_100_926" tag="" content="Starting micro-architecture generation ..." resolution=""/>
	<Message severity="INFO" prefix="[BIND 205-101]" key="BIND_101_698" tag="" content="Performing variable lifetime analysis." resolution=""/>
	<Message severity="INFO" prefix="[BIND 205-101]" key="BIND_101_697" tag="" content="Exploring resource sharing." resolution=""/>
	<Message severity="INFO" prefix="[BIND 205-101]" key="BIND_101_693" tag="" content="Binding ..." resolution=""/>
	<Message severity="INFO" prefix="[BIND 205-100]" key="BIND_100_925" tag="" content="Finished micro-architecture generation." resolution=""/>
	<Message severity="INFO" prefix="[HLS 200-111]" key="HLS_111_966" tag="RUNTIME" content="Finished Binding: CPU user time: 1.73 seconds. CPU system time: 0.01 seconds. Elapsed time: 2.06 seconds; current allocated memory: 651.766 MB." resolution=""/>
	<Message severity="INFO" prefix="[HLS 200-10]" key="HLS_10_1477" tag="" content="----------------------------------------------------------------" resolution=""/>
	<Message severity="INFO" prefix="[HLS 200-42]" key="HLS_42_1438" tag="" content="-- Implementing module &apos;mmult_Pipeline_init_inAB&apos;" resolution=""/>
	<Message severity="INFO" prefix="[HLS 200-10]" key="HLS_10_1478" tag="" content="----------------------------------------------------------------" resolution=""/>
	<Message severity="INFO" prefix="[SCHED 204-11]" key="SCHED_SCHED_STATUS_597" tag="" content="Starting scheduling ..." resolution=""/>
	<Message severity="INFO" prefix="[SCHED 204-61]" key="SCHED_PIPELINING_STATUS_41" tag="" content="Pipelining loop &apos;init_inAB&apos;." resolution=""/>
	<Message severity="INFO" prefix="[HLS 200-1470]" key="HLS 200-1470" tag="SCHEDULE,VITIS_THROUGHPUT" content="Pipelining result : Target II = NA, Final II = 1, Depth = 1, loop &apos;init_inAB&apos;" resolution=""/>
	<Message severity="INFO" prefix="[SCHED 204-11]" key="SCHED_SCHED_STATUS_596" tag="" content="Finished scheduling." resolution=""/>
	<Message severity="INFO" prefix="[HLS 200-111]" key="HLS_111_966" tag="RUNTIME" content="Finished Scheduling: CPU user time: 3.03 seconds. CPU system time: 0.02 seconds. Elapsed time: 3.66 seconds; current allocated memory: 651.766 MB." resolution=""/>
	<Message severity="INFO" prefix="[BIND 205-100]" key="BIND_100_926" tag="" content="Starting micro-architecture generation ..." resolution=""/>
	<Message severity="INFO" prefix="[BIND 205-101]" key="BIND_101_698" tag="" content="Performing variable lifetime analysis." resolution=""/>
	<Message severity="INFO" prefix="[BIND 205-101]" key="BIND_101_697" tag="" content="Exploring resource sharing." resolution=""/>
	<Message severity="INFO" prefix="[BIND 205-101]" key="BIND_101_693" tag="" content="Binding ..." resolution=""/>
	<Message severity="INFO" prefix="[BIND 205-100]" key="BIND_100_925" tag="" content="Finished micro-architecture generation." resolution=""/>
	<Message severity="INFO" prefix="[HLS 200-111]" key="HLS_111_966" tag="RUNTIME" content="Finished Binding: CPU user time: 0.16 seconds. CPU system time: 0.01 seconds. Elapsed time: 0.3 seconds; current allocated memory: 651.766 MB." resolution=""/>
	<Message severity="INFO" prefix="[HLS 200-10]" key="HLS_10_1477" tag="" content="----------------------------------------------------------------" resolution=""/>
	<Message severity="INFO" prefix="[HLS 200-42]" key="HLS_42_1438" tag="" content="-- Implementing module &apos;mmult_Pipeline_VITIS_LOOP_173_7&apos;" resolution=""/>
	<Message severity="INFO" prefix="[HLS 200-10]" key="HLS_10_1478" tag="" content="----------------------------------------------------------------" resolution=""/>
	<Message severity="INFO" prefix="[SCHED 204-11]" key="SCHED_SCHED_STATUS_597" tag="" content="Starting scheduling ..." resolution=""/>
	<Message severity="INFO" prefix="[SCHED 204-61]" key="SCHED_PIPELINING_STATUS_41" tag="" content="Pipelining loop &apos;VITIS_LOOP_173_7&apos;." resolution=""/>
	<Message severity="WARNING" prefix="[HLS 200-880]" key="HLS 200-880" tag="LOOP,SCHEDULE,VITIS_THROUGHPUT" content="The II Violation in module &apos;mmult_Pipeline_VITIS_LOOP_173_7&apos; (loop &apos;VITIS_LOOP_173_7&apos;): Unable to enforce a carried dependence constraint (II = 1, distance = 1, offset = 0) between &apos;store&apos; operation (&apos;inC_write_ln173&apos;, src/q_matmul_k_new.cpp:173) of variable &apos;add1&apos;, src/q_matmul_k_new.cpp:211 on local variable &apos;inC&apos; and &apos;load&apos; operation (&apos;inC_load&apos;, src/q_matmul_k_new.cpp:211) on local variable &apos;inC&apos;." resolution="http://www.xilinx.com/cgi-bin/docs/rdoc?v=2022.1;t=hls+guidance;d=200-880.html"/>
	<Message severity="INFO" prefix="[HLS 200-1470]" key="HLS 200-1470" tag="SCHEDULE,VITIS_THROUGHPUT" content="Pipelining result : Target II = NA, Final II = 2, Depth = 7, loop &apos;VITIS_LOOP_173_7&apos;" resolution=""/>
	<Message severity="INFO" prefix="[SCHED 204-11]" key="SCHED_SCHED_STATUS_596" tag="" content="Finished scheduling." resolution=""/>
	<Message severity="INFO" prefix="[HLS 200-111]" key="HLS_111_966" tag="RUNTIME" content="Finished Scheduling: CPU user time: 24.12 seconds. CPU system time: 0.02 seconds. Elapsed time: 24.65 seconds; current allocated memory: 708.480 MB." resolution=""/>
	<Message severity="INFO" prefix="[BIND 205-100]" key="BIND_100_926" tag="" content="Starting micro-architecture generation ..." resolution=""/>
	<Message severity="INFO" prefix="[BIND 205-101]" key="BIND_101_698" tag="" content="Performing variable lifetime analysis." resolution=""/>
	<Message severity="INFO" prefix="[BIND 205-101]" key="BIND_101_697" tag="" content="Exploring resource sharing." resolution=""/>
	<Message severity="INFO" prefix="[BIND 205-101]" key="BIND_101_693" tag="" content="Binding ..." resolution=""/>
	<Message severity="INFO" prefix="[BIND 205-100]" key="BIND_100_925" tag="" content="Finished micro-architecture generation." resolution=""/>
	<Message severity="INFO" prefix="[HLS 200-111]" key="HLS_111_966" tag="RUNTIME" content="Finished Binding: CPU user time: 2.86 seconds. CPU system time: 0.02 seconds. Elapsed time: 3.19 seconds; current allocated memory: 708.480 MB." resolution=""/>
	<Message severity="INFO" prefix="[HLS 200-10]" key="HLS_10_1477" tag="" content="----------------------------------------------------------------" resolution=""/>
	<Message severity="INFO" prefix="[HLS 200-42]" key="HLS_42_1438" tag="" content="-- Implementing module &apos;mmult_Pipeline_VITIS_LOOP_223_16&apos;" resolution=""/>
	<Message severity="INFO" prefix="[HLS 200-10]" key="HLS_10_1478" tag="" content="----------------------------------------------------------------" resolution=""/>
	<Message severity="INFO" prefix="[SCHED 204-11]" key="SCHED_SCHED_STATUS_597" tag="" content="Starting scheduling ..." resolution=""/>
	<Message severity="INFO" prefix="[HLS 200-486]" key="HLS 200-486" tag="" content="Changing DSP latency (root=mul_ln231) to 3 in order to utilize available DSP registers." resolution=""/>
	<Message severity="INFO" prefix="[SCHED 204-61]" key="SCHED_PIPELINING_STATUS_41" tag="" content="Pipelining loop &apos;VITIS_LOOP_223_16&apos;." resolution=""/>
	<Message severity="INFO" prefix="[HLS 200-1470]" key="HLS 200-1470" tag="SCHEDULE,VITIS_THROUGHPUT" content="Pipelining result : Target II = 1, Final II = 1, Depth = 10, loop &apos;VITIS_LOOP_223_16&apos;" resolution=""/>
	<Message severity="INFO" prefix="[SCHED 204-11]" key="SCHED_SCHED_STATUS_596" tag="" content="Finished scheduling." resolution=""/>
	<Message severity="INFO" prefix="[HLS 200-111]" key="HLS_111_966" tag="RUNTIME" content="Finished Scheduling: CPU user time: 2.02 seconds. CPU system time: 0.01 seconds. Elapsed time: 2.43 seconds; current allocated memory: 708.480 MB." resolution=""/>
	<Message severity="INFO" prefix="[BIND 205-100]" key="BIND_100_926" tag="" content="Starting micro-architecture generation ..." resolution=""/>
	<Message severity="INFO" prefix="[BIND 205-101]" key="BIND_101_698" tag="" content="Performing variable lifetime analysis." resolution=""/>
	<Message severity="INFO" prefix="[BIND 205-101]" key="BIND_101_697" tag="" content="Exploring resource sharing." resolution=""/>
	<Message severity="INFO" prefix="[BIND 205-101]" key="BIND_101_693" tag="" content="Binding ..." resolution=""/>
	<Message severity="INFO" prefix="[BIND 205-100]" key="BIND_100_925" tag="" content="Finished micro-architecture generation." resolution=""/>
	<Message severity="INFO" prefix="[HLS 200-111]" key="HLS_111_966" tag="RUNTIME" content="Finished Binding: CPU user time: 0.18 seconds. CPU system time: 0.01 seconds. Elapsed time: 0.31 seconds; current allocated memory: 708.480 MB." resolution=""/>
	<Message severity="INFO" prefix="[HLS 200-10]" key="HLS_10_1477" tag="" content="----------------------------------------------------------------" resolution=""/>
	<Message severity="INFO" prefix="[HLS 200-42]" key="HLS_42_1438" tag="" content="-- Implementing module &apos;mmult_Pipeline_writeC&apos;" resolution=""/>
	<Message severity="INFO" prefix="[HLS 200-10]" key="HLS_10_1478" tag="" content="----------------------------------------------------------------" resolution=""/>
	<Message severity="INFO" prefix="[SCHED 204-11]" key="SCHED_SCHED_STATUS_597" tag="" content="Starting scheduling ..." resolution=""/>
	<Message severity="INFO" prefix="[HLS 200-486]" key="HLS 200-486" tag="" content="Changing DSP latency (root=mul_ln250) to 3 in order to utilize available DSP registers." resolution=""/>
	<Message severity="INFO" prefix="[SCHED 204-61]" key="SCHED_PIPELINING_STATUS_41" tag="" content="Pipelining loop &apos;writeC&apos;." resolution=""/>
	<Message severity="INFO" prefix="[HLS 200-1470]" key="HLS 200-1470" tag="SCHEDULE,VITIS_THROUGHPUT" content="Pipelining result : Target II = 1, Final II = 1, Depth = 7, loop &apos;writeC&apos;" resolution=""/>
	<Message severity="INFO" prefix="[SCHED 204-11]" key="SCHED_SCHED_STATUS_596" tag="" content="Finished scheduling." resolution=""/>
	<Message severity="INFO" prefix="[HLS 200-111]" key="HLS_111_966" tag="RUNTIME" content="Finished Scheduling: CPU user time: 0.26 seconds. CPU system time: 0 seconds. Elapsed time: 0.35 seconds; current allocated memory: 708.480 MB." resolution=""/>
	<Message severity="INFO" prefix="[BIND 205-100]" key="BIND_100_926" tag="" content="Starting micro-architecture generation ..." resolution=""/>
	<Message severity="INFO" prefix="[BIND 205-101]" key="BIND_101_698" tag="" content="Performing variable lifetime analysis." resolution=""/>
	<Message severity="INFO" prefix="[BIND 205-101]" key="BIND_101_697" tag="" content="Exploring resource sharing." resolution=""/>
	<Message severity="INFO" prefix="[BIND 205-101]" key="BIND_101_693" tag="" content="Binding ..." resolution=""/>
	<Message severity="INFO" prefix="[BIND 205-100]" key="BIND_100_925" tag="" content="Finished micro-architecture generation." resolution=""/>
	<Message severity="INFO" prefix="[HLS 200-111]" key="HLS_111_966" tag="RUNTIME" content="Finished Binding: CPU user time: 0.15 seconds. CPU system time: 0 seconds. Elapsed time: 0.43 seconds; current allocated memory: 708.480 MB." resolution=""/>
	<Message severity="INFO" prefix="[HLS 200-10]" key="HLS_10_1477" tag="" content="----------------------------------------------------------------" resolution=""/>
	<Message severity="INFO" prefix="[HLS 200-42]" key="HLS_42_1438" tag="" content="-- Implementing module &apos;mmult&apos;" resolution=""/>
	<Message severity="INFO" prefix="[HLS 200-10]" key="HLS_10_1478" tag="" content="----------------------------------------------------------------" resolution=""/>
	<Message severity="INFO" prefix="[SCHED 204-11]" key="SCHED_SCHED_STATUS_597" tag="" content="Starting scheduling ..." resolution=""/>
	<Message severity="INFO" prefix="[SCHED 204-11]" key="SCHED_SCHED_STATUS_596" tag="" content="Finished scheduling." resolution=""/>
	<Message severity="INFO" prefix="[HLS 200-111]" key="HLS_111_966" tag="RUNTIME" content="Finished Scheduling: CPU user time: 9.36 seconds. CPU system time: 0.01 seconds. Elapsed time: 9.61 seconds; current allocated memory: 795.008 MB." resolution=""/>
	<Message severity="INFO" prefix="[BIND 205-100]" key="BIND_100_926" tag="" content="Starting micro-architecture generation ..." resolution=""/>
	<Message severity="INFO" prefix="[BIND 205-101]" key="BIND_101_698" tag="" content="Performing variable lifetime analysis." resolution=""/>
	<Message severity="INFO" prefix="[BIND 205-101]" key="BIND_101_697" tag="" content="Exploring resource sharing." resolution=""/>
	<Message severity="INFO" prefix="[BIND 205-101]" key="BIND_101_693" tag="" content="Binding ..." resolution=""/>
	<Message severity="INFO" prefix="[BIND 205-100]" key="BIND_100_925" tag="" content="Finished micro-architecture generation." resolution=""/>
	<Message severity="INFO" prefix="[HLS 200-111]" key="HLS_111_966" tag="RUNTIME" content="Finished Binding: CPU user time: 8.61 seconds. CPU system time: 0.01 seconds. Elapsed time: 8.95 seconds; current allocated memory: 795.008 MB." resolution=""/>
	<Message severity="INFO" prefix="[HLS 200-10]" key="HLS_10_1483" tag="" content="----------------------------------------------------------------" resolution=""/>
	<Message severity="INFO" prefix="[HLS 200-10]" key="HLS_10_1484" tag="" content="-- Generating RTL for module &apos;mmult_Pipeline_readA&apos;" resolution=""/>
	<Message severity="INFO" prefix="[HLS 200-10]" key="HLS_10_1485" tag="" content="----------------------------------------------------------------" resolution=""/>
	<Message severity="INFO" prefix="[RTGEN 206-100]" key="RTGEN_100_856" tag="" content="Finished creating RTL model for &apos;mmult_Pipeline_readA&apos;." resolution=""/>
	<Message severity="INFO" prefix="[HLS 200-111]" key="HLS_111_966" tag="RUNTIME" content="Finished Creating RTL model: CPU user time: 3.8 seconds. CPU system time: 0.01 seconds. Elapsed time: 4.41 seconds; current allocated memory: 795.008 MB." resolution=""/>
	<Message severity="INFO" prefix="[HLS 200-10]" key="HLS_10_1483" tag="" content="----------------------------------------------------------------" resolution=""/>
	<Message severity="INFO" prefix="[HLS 200-10]" key="HLS_10_1484" tag="" content="-- Generating RTL for module &apos;mmult_Pipeline_readB&apos;" resolution=""/>
	<Message severity="INFO" prefix="[HLS 200-10]" key="HLS_10_1485" tag="" content="----------------------------------------------------------------" resolution=""/>
	<Message severity="INFO" prefix="[RTGEN 206-100]" key="RTGEN_100_855" tag="" content="Generating core module &apos;mac_muladd_10s_4ns_10ns_10_4_1&apos;: 1 instance(s)." resolution=""/>
	<Message severity="INFO" prefix="[RTGEN 206-100]" key="RTGEN_100_856" tag="" content="Finished creating RTL model for &apos;mmult_Pipeline_readB&apos;." resolution=""/>
	<Message severity="INFO" prefix="[HLS 200-111]" key="HLS_111_966" tag="RUNTIME" content="Finished Creating RTL model: CPU user time: 0.17 seconds. CPU system time: 0 seconds. Elapsed time: 0.25 seconds; current allocated memory: 795.008 MB." resolution=""/>
	<Message severity="INFO" prefix="[HLS 200-10]" key="HLS_10_1483" tag="" content="----------------------------------------------------------------" resolution=""/>
	<Message severity="INFO" prefix="[HLS 200-10]" key="HLS_10_1484" tag="" content="-- Generating RTL for module &apos;mmult_Pipeline_initC_VITIS_LOOP_77_1&apos;" resolution=""/>
	<Message severity="INFO" prefix="[HLS 200-10]" key="HLS_10_1485" tag="" content="----------------------------------------------------------------" resolution=""/>
	<Message severity="INFO" prefix="[HLS 200-1030]" key="HLS 200-1030" tag="" content="Apply Unified Pipeline Control on module &apos;mmult_Pipeline_initC_VITIS_LOOP_77_1&apos; pipeline &apos;initC_VITIS_LOOP_77_1&apos; pipeline type &apos;loop pipeline&apos;" resolution=""/>
	<Message severity="INFO" prefix="[RTGEN 206-100]" key="RTGEN_100_855" tag="" content="Generating core module &apos;mac_muladd_8ns_4ns_4ns_12_4_1&apos;: 1 instance(s)." resolution=""/>
	<Message severity="INFO" prefix="[RTGEN 206-100]" key="RTGEN_100_856" tag="" content="Finished creating RTL model for &apos;mmult_Pipeline_initC_VITIS_LOOP_77_1&apos;." resolution=""/>
	<Message severity="INFO" prefix="[HLS 200-111]" key="HLS_111_966" tag="RUNTIME" content="Finished Creating RTL model: CPU user time: 0.09 seconds. CPU system time: 0.01 seconds. Elapsed time: 0.15 seconds; current allocated memory: 795.008 MB." resolution=""/>
	<Message severity="INFO" prefix="[HLS 200-10]" key="HLS_10_1483" tag="" content="----------------------------------------------------------------" resolution=""/>
	<Message severity="INFO" prefix="[HLS 200-10]" key="HLS_10_1484" tag="" content="-- Generating RTL for module &apos;mmult_Pipeline_init_inC&apos;" resolution=""/>
	<Message severity="INFO" prefix="[HLS 200-10]" key="HLS_10_1485" tag="" content="----------------------------------------------------------------" resolution=""/>
	<Message severity="INFO" prefix="[RTGEN 206-104]" key="RTGEN_104_852" tag="" content="Estimated max fanout for &apos;mmult_Pipeline_init_inC&apos; is 8449 from HDL expression: ((icmp_ln111_fu_6728_p2 == 1&apos;d1) &amp; (ap_start_int == 1&apos;b1) &amp; (1&apos;b1 == ap_CS_fsm_state1))" resolution=""/>
	<Message severity="INFO" prefix="[RTGEN 206-100]" key="RTGEN_100_856" tag="" content="Finished creating RTL model for &apos;mmult_Pipeline_init_inC&apos;." resolution=""/>
	<Message severity="INFO" prefix="[HLS 200-111]" key="HLS_111_966" tag="RUNTIME" content="Finished Creating RTL model: CPU user time: 0.17 seconds. CPU system time: 0 seconds. Elapsed time: 0.23 seconds; current allocated memory: 795.008 MB." resolution=""/>
	<Message severity="INFO" prefix="[HLS 200-10]" key="HLS_10_1483" tag="" content="----------------------------------------------------------------" resolution=""/>
	<Message severity="INFO" prefix="[HLS 200-10]" key="HLS_10_1484" tag="" content="-- Generating RTL for module &apos;mmult_Pipeline_read_subA&apos;" resolution=""/>
	<Message severity="INFO" prefix="[HLS 200-10]" key="HLS_10_1485" tag="" content="----------------------------------------------------------------" resolution=""/>
	<Message severity="INFO" prefix="[HLS 200-1030]" key="HLS 200-1030" tag="" content="Apply Unified Pipeline Control on module &apos;mmult_Pipeline_read_subA&apos; pipeline &apos;read_subA&apos; pipeline type &apos;loop pipeline&apos;" resolution=""/>
	<Message severity="INFO" prefix="[RTGEN 206-100]" key="RTGEN_100_856" tag="" content="Finished creating RTL model for &apos;mmult_Pipeline_read_subA&apos;." resolution=""/>
	<Message severity="INFO" prefix="[HLS 200-111]" key="HLS_111_966" tag="RUNTIME" content="Finished Creating RTL model: CPU user time: 0.3 seconds. CPU system time: 0.01 seconds. Elapsed time: 0.59 seconds; current allocated memory: 813.793 MB." resolution=""/>
	<Message severity="INFO" prefix="[HLS 200-10]" key="HLS_10_1483" tag="" content="----------------------------------------------------------------" resolution=""/>
	<Message severity="INFO" prefix="[HLS 200-10]" key="HLS_10_1484" tag="" content="-- Generating RTL for module &apos;mmult_Pipeline_read_subB&apos;" resolution=""/>
	<Message severity="INFO" prefix="[HLS 200-10]" key="HLS_10_1485" tag="" content="----------------------------------------------------------------" resolution=""/>
	<Message severity="INFO" prefix="[HLS 200-1030]" key="HLS 200-1030" tag="" content="Apply Unified Pipeline Control on module &apos;mmult_Pipeline_read_subB&apos; pipeline &apos;read_subB&apos; pipeline type &apos;loop pipeline&apos;" resolution=""/>
	<Message severity="INFO" prefix="[RTGEN 206-104]" key="RTGEN_104_852" tag="" content="Estimated max fanout for &apos;mmult_Pipeline_read_subB&apos; is 32768, found 3 HDL expressions with this fanout: (1&apos;b0 == ap_block_pp0_stage0_11001), ((ap_loop_init == 1&apos;b1) &amp; (1&apos;b1 == ap_CS_fsm_pp0_stage0)), ((icmp_ln138_reg_47886 == 1&apos;d1) &amp; (1&apos;b0 == ap_block_pp0_stage0_01001) &amp; (1&apos;b1 == ap_CS_fsm_pp0_stage0))" resolution=""/>
	<Message severity="INFO" prefix="[RTGEN 206-100]" key="RTGEN_100_856" tag="" content="Finished creating RTL model for &apos;mmult_Pipeline_read_subB&apos;." resolution=""/>
	<Message severity="INFO" prefix="[HLS 200-111]" key="HLS_111_966" tag="RUNTIME" content="Finished Creating RTL model: CPU user time: 1.37 seconds. CPU system time: 0.02 seconds. Elapsed time: 1.7 seconds; current allocated memory: 855.188 MB." resolution=""/>
	<Message severity="INFO" prefix="[HLS 200-10]" key="HLS_10_1483" tag="" content="----------------------------------------------------------------" resolution=""/>
	<Message severity="INFO" prefix="[HLS 200-10]" key="HLS_10_1484" tag="" content="-- Generating RTL for module &apos;mmult_Pipeline_init_inAB&apos;" resolution=""/>
	<Message severity="INFO" prefix="[HLS 200-10]" key="HLS_10_1485" tag="" content="----------------------------------------------------------------" resolution=""/>
	<Message severity="INFO" prefix="[RTGEN 206-104]" key="RTGEN_104_852" tag="" content="Estimated max fanout for &apos;mmult_Pipeline_init_inAB&apos; is 15841 from HDL expression: ((ap_start_int == 1&apos;b1) &amp; (icmp_ln164_fu_12552_p2 == 1&apos;d1) &amp; (1&apos;b1 == ap_CS_fsm_state1))" resolution=""/>
	<Message severity="INFO" prefix="[RTGEN 206-100]" key="RTGEN_100_856" tag="" content="Finished creating RTL model for &apos;mmult_Pipeline_init_inAB&apos;." resolution=""/>
	<Message severity="INFO" prefix="[HLS 200-111]" key="HLS_111_966" tag="RUNTIME" content="Finished Creating RTL model: CPU user time: 6.03 seconds. CPU system time: 0.13 seconds. Elapsed time: 7.24 seconds; current allocated memory: 1006.887 MB." resolution=""/>
	<Message severity="INFO" prefix="[HLS 200-10]" key="HLS_10_1483" tag="" content="----------------------------------------------------------------" resolution=""/>
	<Message severity="INFO" prefix="[HLS 200-10]" key="HLS_10_1484" tag="" content="-- Generating RTL for module &apos;mmult_Pipeline_VITIS_LOOP_173_7&apos;" resolution=""/>
	<Message severity="INFO" prefix="[HLS 200-10]" key="HLS_10_1485" tag="" content="----------------------------------------------------------------" resolution=""/>
	<Message severity="INFO" prefix="[HLS 200-1030]" key="HLS 200-1030" tag="" content="Apply Unified Pipeline Control on module &apos;mmult_Pipeline_VITIS_LOOP_173_7&apos; pipeline &apos;VITIS_LOOP_173_7&apos; pipeline type &apos;loop pipeline&apos;" resolution=""/>
	<Message severity="INFO" prefix="[RTGEN 206-104]" key="RTGEN_104_852" tag="" content="Estimated max fanout for &apos;mmult_Pipeline_VITIS_LOOP_173_7&apos; is 18439 from HDL expression: ((1&apos;b0 == ap_block_pp0_stage0_11001) &amp; (1&apos;b1 == ap_CS_fsm_pp0_stage0) &amp; (ap_loop_init == 1&apos;b1))" resolution=""/>
	<Message severity="INFO" prefix="[RTGEN 206-100]" key="RTGEN_100_855" tag="" content="Generating core module &apos;fadd_32ns_32ns_32_3_full_dsp_1&apos;: 128 instance(s)." resolution=""/>
	<Message severity="INFO" prefix="[RTGEN 206-100]" key="RTGEN_100_855" tag="" content="Generating core module &apos;fmul_32ns_32ns_32_2_max_dsp_1&apos;: 128 instance(s)." resolution=""/>
	<Message severity="INFO" prefix="[RTGEN 206-100]" key="RTGEN_100_855" tag="" content="Generating core module &apos;mux_646_32_1_1&apos;: 30 instance(s)." resolution=""/>
	<Message severity="INFO" prefix="[RTGEN 206-100]" key="RTGEN_100_855" tag="" content="Generating core module &apos;mux_647_32_1_1&apos;: 2 instance(s)." resolution=""/>
	<Message severity="INFO" prefix="[RTGEN 206-100]" key="RTGEN_100_856" tag="" content="Finished creating RTL model for &apos;mmult_Pipeline_VITIS_LOOP_173_7&apos;." resolution=""/>
	<Message severity="INFO" prefix="[HLS 200-111]" key="HLS_111_966" tag="RUNTIME" content="Finished Creating RTL model: CPU user time: 11.85 seconds. CPU system time: 0.06 seconds. Elapsed time: 12.98 seconds; current allocated memory: 1.080 GB." resolution=""/>
	<Message severity="INFO" prefix="[HLS 200-10]" key="HLS_10_1483" tag="" content="----------------------------------------------------------------" resolution=""/>
	<Message severity="INFO" prefix="[HLS 200-10]" key="HLS_10_1484" tag="" content="-- Generating RTL for module &apos;mmult_Pipeline_VITIS_LOOP_223_16&apos;" resolution=""/>
	<Message severity="INFO" prefix="[HLS 200-10]" key="HLS_10_1485" tag="" content="----------------------------------------------------------------" resolution=""/>
	<Message severity="INFO" prefix="[HLS 200-1030]" key="HLS 200-1030" tag="" content="Apply Unified Pipeline Control on module &apos;mmult_Pipeline_VITIS_LOOP_223_16&apos; pipeline &apos;VITIS_LOOP_223_16&apos; pipeline type &apos;loop pipeline&apos;" resolution=""/>
	<Message severity="INFO" prefix="[RTGEN 206-100]" key="RTGEN_100_855" tag="" content="Generating core module &apos;fadd_32ns_32ns_32_3_full_dsp_1&apos;: 16 instance(s)." resolution=""/>
	<Message severity="INFO" prefix="[RTGEN 206-100]" key="RTGEN_100_855" tag="" content="Generating core module &apos;mac_muladd_8ns_4ns_4ns_12_4_1&apos;: 1 instance(s)." resolution=""/>
	<Message severity="INFO" prefix="[RTGEN 206-100]" key="RTGEN_100_855" tag="" content="Generating core module &apos;mux_165_32_1_1&apos;: 16 instance(s)." resolution=""/>
	<Message severity="INFO" prefix="[RTGEN 206-100]" key="RTGEN_100_856" tag="" content="Finished creating RTL model for &apos;mmult_Pipeline_VITIS_LOOP_223_16&apos;." resolution=""/>
	<Message severity="INFO" prefix="[HLS 200-111]" key="HLS_111_966" tag="RUNTIME" content="Finished Creating RTL model: CPU user time: 4.59 seconds. CPU system time: 0.05 seconds. Elapsed time: 5.92 seconds; current allocated memory: 1.189 GB." resolution=""/>
	<Message severity="INFO" prefix="[HLS 200-10]" key="HLS_10_1483" tag="" content="----------------------------------------------------------------" resolution=""/>
	<Message severity="INFO" prefix="[HLS 200-10]" key="HLS_10_1484" tag="" content="-- Generating RTL for module &apos;mmult_Pipeline_writeC&apos;" resolution=""/>
	<Message severity="INFO" prefix="[HLS 200-10]" key="HLS_10_1485" tag="" content="----------------------------------------------------------------" resolution=""/>
	<Message severity="INFO" prefix="[RTGEN 206-100]" key="RTGEN_100_855" tag="" content="Generating core module &apos;mac_muladd_12s_4ns_12ns_12_4_1&apos;: 1 instance(s)." resolution=""/>
	<Message severity="INFO" prefix="[RTGEN 206-100]" key="RTGEN_100_855" tag="" content="Generating core module &apos;mux_164_32_1_1&apos;: 1 instance(s)." resolution=""/>
	<Message severity="INFO" prefix="[RTGEN 206-100]" key="RTGEN_100_856" tag="" content="Finished creating RTL model for &apos;mmult_Pipeline_writeC&apos;." resolution=""/>
	<Message severity="INFO" prefix="[HLS 200-111]" key="HLS_111_966" tag="RUNTIME" content="Finished Creating RTL model: CPU user time: 0.42 seconds. CPU system time: 0.02 seconds. Elapsed time: 0.54 seconds; current allocated memory: 1.196 GB." resolution=""/>
	<Message severity="INFO" prefix="[HLS 200-10]" key="HLS_10_1483" tag="" content="----------------------------------------------------------------" resolution=""/>
	<Message severity="INFO" prefix="[HLS 200-10]" key="HLS_10_1484" tag="" content="-- Generating RTL for module &apos;mmult&apos;" resolution=""/>
	<Message severity="INFO" prefix="[HLS 200-10]" key="HLS_10_1485" tag="" content="----------------------------------------------------------------" resolution=""/>
	<Message severity="WARNING" prefix="[RTGEN 206-101]" key="RTGEN_101_918" tag="" content="Design contains AXI ports. Reset is fixed to synchronous and active low." resolution=""/>
	<Message severity="INFO" prefix="[RTGEN 206-500]" key="PREPROC_IO_COMP_CONFLICT_1950" tag="" content="Setting interface mode on port &apos;mmult/gmem0&apos; to &apos;m_axi&apos;." resolution=""/>
	<Message severity="INFO" prefix="[RTGEN 206-500]" key="PREPROC_IO_COMP_CONFLICT_1950" tag="" content="Setting interface mode on port &apos;mmult/gmem1&apos; to &apos;m_axi&apos;." resolution=""/>
	<Message severity="INFO" prefix="[RTGEN 206-500]" key="PREPROC_IO_COMP_CONFLICT_1950" tag="" content="Setting interface mode on port &apos;mmult/gmem2&apos; to &apos;m_axi&apos;." resolution=""/>
	<Message severity="INFO" prefix="[RTGEN 206-500]" key="PREPROC_IO_COMP_CONFLICT_1950" tag="" content="Setting interface mode on port &apos;mmult/a&apos; to &apos;s_axilite &amp; ap_none&apos;." resolution=""/>
	<Message severity="INFO" prefix="[RTGEN 206-500]" key="PREPROC_IO_COMP_CONFLICT_1950" tag="" content="Setting interface mode on port &apos;mmult/b&apos; to &apos;s_axilite &amp; ap_none&apos;." resolution=""/>
	<Message severity="INFO" prefix="[RTGEN 206-500]" key="PREPROC_IO_COMP_CONFLICT_1950" tag="" content="Setting interface mode on port &apos;mmult/c&apos; to &apos;s_axilite &amp; ap_none&apos;." resolution=""/>
	<Message severity="INFO" prefix="[RTGEN 206-500]" key="PREPROC_IO_COMP_CONFLICT_1950" tag="" content="Setting interface mode on function &apos;mmult&apos; to &apos;s_axilite &amp; ap_ctrl_hs&apos;." resolution=""/>
	<Message severity="INFO" prefix="[RTGEN 206-100]" key="RTGEN_100_851" tag="" content="Bundling port &apos;a&apos;, &apos;b&apos;, &apos;c&apos; and &apos;return&apos; to AXI-Lite port control." resolution=""/>
	<Message severity="INFO" prefix="[RTGEN 206-104]" key="RTGEN_104_852" tag="" content="Estimated max fanout for &apos;mmult&apos; is 36865 from HDL expression: (1&apos;b1 == ap_CS_fsm_state14)" resolution=""/>
	<Message severity="INFO" prefix="[RTGEN 206-100]" key="RTGEN_100_855" tag="" content="Generating core module &apos;fadd_32ns_32ns_32_3_full_dsp_1&apos;: 16 instance(s)." resolution=""/>
	<Message severity="INFO" prefix="[RTGEN 206-100]" key="RTGEN_100_856" tag="" content="Finished creating RTL model for &apos;mmult&apos;." resolution=""/>
	<Message severity="INFO" prefix="[HLS 200-111]" key="HLS_111_966" tag="RUNTIME" content="Finished Creating RTL model: CPU user time: 1.36 seconds. CPU system time: 0.06 seconds. Elapsed time: 3.34 seconds; current allocated memory: 1.297 GB." resolution=""/>
	<Message severity="INFO" prefix="[RTMG 210-278]" key="RTMG_278_1792" tag="" content="Implementing memory &apos;mmult_localA_RAM_2P_BRAM_2R1W_ram (RAM_2P_BRAM)&apos; using block RAMs with power-on initialization." resolution=""/>
	<Message severity="INFO" prefix="[RTMG 210-278]" key="RTMG_278_1792" tag="" content="Implementing memory &apos;mmult_localB_RAM_2P_BRAM_2R1W_ram (RAM_2P_BRAM)&apos; using block RAMs with power-on initialization." resolution=""/>
	<Message severity="INFO" prefix="[RTMG 210-278]" key="RTMG_278_1792" tag="" content="Implementing memory &apos;mmult_localC_RAM_2P_BRAM_2R1W_ram (RAM_2P_BRAM)&apos; using block RAMs with power-on initialization." resolution=""/>
	<Message severity="INFO" prefix="[RTMG 210-278]" key="RTMG_278_1790" tag="" content="Implementing memory &apos;mmult_subA_RAM_AUTO_1R1W_ram (RAM)&apos; using auto RAMs." resolution=""/>
	<Message severity="INFO" prefix="[RTMG 210-278]" key="RTMG_278_1790" tag="" content="Implementing memory &apos;mmult_subA_63_RAM_AUTO_1R1W_ram (RAM)&apos; using auto RAMs." resolution=""/>
	<Message severity="INFO" prefix="[HLS 200-111]" key="HLS_111_966" tag="RUNTIME" content="Finished Generating all RTL models: CPU user time: 11.18 seconds. CPU system time: 0.1 seconds. Elapsed time: 15.21 seconds; current allocated memory: 1.430 GB." resolution=""/>
	<Message severity="INFO" prefix="[HLS 200-111]" key="HLS_111_966" tag="RUNTIME" content="Finished Updating report files: CPU user time: 3.53 seconds. CPU system time: 0.03 seconds. Elapsed time: 3.68 seconds; current allocated memory: 1.486 GB." resolution=""/>
	<Message severity="INFO" prefix="[VHDL 208-304]" key="VHDL_304_1066" tag="" content="Generating VHDL RTL for mmult." resolution=""/>
	<Message severity="INFO" prefix="[VLOG 209-307]" key="VLOG_307_1067" tag="" content="Generating Verilog RTL for mmult." resolution=""/>
	<Message severity="INFO" prefix="[HLS 200-790]" key="HLS 200-790" tag="LOOP,VITIS_KERNEL" content="**** Loop Constraint Status: All loop constraints were NOT satisfied." resolution=""/>
	<Message severity="INFO" prefix="[HLS 200-789]" key="HLS 200-789" tag="THROUGHPUT,VITIS_KERNEL" content="**** Estimated Fmax: 136.99 MHz" resolution=""/>
	<Message severity="INFO" prefix="[HLS 200-111]" key="HLS_111_966" tag="RUNTIME" content="Finished Command csynth_design CPU user time: 181.54 seconds. CPU system time: 1.26 seconds. Elapsed time: 202.58 seconds; current allocated memory: 789.184 MB." resolution=""/>
	<Message severity="INFO" prefix="[HLS 200-1510]" key="HLS 200-1510" tag="" content="Running: cosim_design" resolution=""/>
</Messages>
