<xilinx:hls_fe_msgs>
    <msg msg_groups="PRAGMA_VERBOSE_DUMP" msg_id="207-5471" msg_severity="WARNING" msg_loc="/mnt/HLSNAS/04.DMVfkD/q_matmul_k_v2/run_hls.tcl:13:9" msg_body="HLS pragma dump">
        <args ARG_PragmaContext="directive" ARG_PragmaFunction="mmult" ARG_PragmaIsValid="1" ARG_PragmaOptions="name=mmult" ARG_PragmaType="top" ClangWarningOption="dump-hls-pragmas"/>
    </msg>
    <msg msg_groups="PRAGMA_VERBOSE_DUMP" msg_id="207-5471" msg_severity="WARNING" msg_loc="src/q_matmul_k_new.cpp:24:9" msg_body="HLS pragma dump">
        <args ARG_PragmaFunction="mmult" ARG_PragmaIsValid="1" ARG_PragmaOptions="m_axi port=a offset=slave bundle=gmem0 depth=12608" ARG_PragmaType="interface" ClangWarningOption="dump-hls-pragmas"/>
    </msg>
    <msg msg_groups="PRAGMA_VERBOSE_DUMP" msg_id="207-5471" msg_severity="WARNING" msg_loc="src/q_matmul_k_new.cpp:25:9" msg_body="HLS pragma dump">
        <args ARG_PragmaFunction="mmult" ARG_PragmaIsValid="1" ARG_PragmaOptions="m_axi port=b offset=slave bundle=gmem1 depth=12608" ARG_PragmaType="interface" ClangWarningOption="dump-hls-pragmas"/>
    </msg>
    <msg msg_groups="PRAGMA_VERBOSE_DUMP" msg_id="207-5471" msg_severity="WARNING" msg_loc="src/q_matmul_k_new.cpp:26:9" msg_body="HLS pragma dump">
        <args ARG_PragmaFunction="mmult" ARG_PragmaIsValid="1" ARG_PragmaOptions="m_axi port=c offset=slave bundle=gmem2 depth=38809" ARG_PragmaType="interface" ClangWarningOption="dump-hls-pragmas"/>
    </msg>
    <msg msg_groups="PRAGMA_VERBOSE_DUMP" msg_id="207-5471" msg_severity="WARNING" msg_loc="src/q_matmul_k_new.cpp:28:9" msg_body="HLS pragma dump">
        <args ARG_PragmaFunction="mmult" ARG_PragmaIsValid="1" ARG_PragmaOptions="s_axilite port=a bundle=control" ARG_PragmaType="interface" ClangWarningOption="dump-hls-pragmas"/>
    </msg>
    <msg msg_groups="PRAGMA_VERBOSE_DUMP" msg_id="207-5471" msg_severity="WARNING" msg_loc="src/q_matmul_k_new.cpp:29:9" msg_body="HLS pragma dump">
        <args ARG_PragmaFunction="mmult" ARG_PragmaIsValid="1" ARG_PragmaOptions="s_axilite port=b bundle=control" ARG_PragmaType="interface" ClangWarningOption="dump-hls-pragmas"/>
    </msg>
    <msg msg_groups="PRAGMA_VERBOSE_DUMP" msg_id="207-5471" msg_severity="WARNING" msg_loc="src/q_matmul_k_new.cpp:30:9" msg_body="HLS pragma dump">
        <args ARG_PragmaFunction="mmult" ARG_PragmaIsValid="1" ARG_PragmaOptions="s_axilite port=c bundle=control" ARG_PragmaType="interface" ClangWarningOption="dump-hls-pragmas"/>
    </msg>
    <msg msg_groups="PRAGMA_VERBOSE_DUMP" msg_id="207-5471" msg_severity="WARNING" msg_loc="src/q_matmul_k_new.cpp:31:9" msg_body="HLS pragma dump">
        <args ARG_PragmaFunction="mmult" ARG_PragmaIsValid="1" ARG_PragmaOptions="s_axilite port=return bundle=control" ARG_PragmaType="interface" ClangWarningOption="dump-hls-pragmas"/>
    </msg>
    <msg msg_groups="PRAGMA_VERBOSE_DUMP" msg_id="207-5471" msg_severity="WARNING" msg_loc="src/q_matmul_k_new.cpp:39:9" msg_body="HLS pragma dump">
        <args ARG_PragmaFunction="mmult" ARG_PragmaIsValid="1" ARG_PragmaOptions="variable=localA type=RAM_2P impl=BRAM latency=2" ARG_PragmaType="bind_storage" ClangWarningOption="dump-hls-pragmas"/>
    </msg>
    <msg msg_groups="PRAGMA_VERBOSE_DUMP" msg_id="207-5471" msg_severity="WARNING" msg_loc="src/q_matmul_k_new.cpp:41:9" msg_body="HLS pragma dump">
        <args ARG_PragmaFunction="mmult" ARG_PragmaIsValid="1" ARG_PragmaOptions="variable=localB type=RAM_2P impl=BRAM latency=2" ARG_PragmaType="bind_storage" ClangWarningOption="dump-hls-pragmas"/>
    </msg>
    <msg msg_groups="PRAGMA_VERBOSE_DUMP" msg_id="207-5471" msg_severity="WARNING" msg_loc="src/q_matmul_k_new.cpp:43:9" msg_body="HLS pragma dump">
        <args ARG_PragmaFunction="mmult" ARG_PragmaIsValid="1" ARG_PragmaOptions="variable=localC type=RAM_2P impl=BRAM latency=2" ARG_PragmaType="bind_storage" ClangWarningOption="dump-hls-pragmas"/>
    </msg>
    <msg msg_groups="PRAGMA_VERBOSE_DUMP" msg_id="207-5471" msg_severity="WARNING" msg_loc="src/q_matmul_k_new.cpp:52:9" msg_body="HLS pragma dump">
        <args ARG_PragmaFunction="mmult" ARG_PragmaIsValid="1" ARG_PragmaOptions="II=1" ARG_PragmaType="pipeline" ClangWarningOption="dump-hls-pragmas"/>
    </msg>
    <msg msg_groups="PRAGMA_VERBOSE_DUMP" msg_id="207-5471" msg_severity="WARNING" msg_loc="src/q_matmul_k_new.cpp:63:9" msg_body="HLS pragma dump">
        <args ARG_PragmaFunction="mmult" ARG_PragmaIsValid="1" ARG_PragmaOptions="II=1" ARG_PragmaType="pipeline" ClangWarningOption="dump-hls-pragmas"/>
    </msg>
    <msg msg_groups="PRAGMA_VERBOSE_DUMP" msg_id="207-5471" msg_severity="WARNING" msg_loc="src/q_matmul_k_new.cpp:78:9" msg_body="HLS pragma dump">
        <args ARG_PragmaFunction="mmult" ARG_PragmaIsValid="1" ARG_PragmaOptions="II=1" ARG_PragmaType="pipeline" ClangWarningOption="dump-hls-pragmas"/>
    </msg>
    <msg msg_groups="PRAGMA_VERBOSE_DUMP" msg_id="207-5471" msg_severity="WARNING" msg_loc="src/q_matmul_k_new.cpp:92:9" msg_body="HLS pragma dump">
        <args ARG_PragmaFunction="mmult" ARG_PragmaIsValid="1" ARG_PragmaOptions="variable=subA dim=2 complete" ARG_PragmaType="array_partition" ClangWarningOption="dump-hls-pragmas"/>
    </msg>
    <msg msg_groups="PRAGMA_VERBOSE_DUMP" msg_id="207-5471" msg_severity="WARNING" msg_loc="src/q_matmul_k_new.cpp:95:9" msg_body="HLS pragma dump">
        <args ARG_PragmaFunction="mmult" ARG_PragmaIsValid="1" ARG_PragmaOptions="variable=subB dim=1 complete" ARG_PragmaType="array_partition" ClangWarningOption="dump-hls-pragmas"/>
    </msg>
    <msg msg_groups="PRAGMA_VERBOSE_DUMP" msg_id="207-5471" msg_severity="WARNING" msg_loc="src/q_matmul_k_new.cpp:100:9" msg_body="HLS pragma dump">
        <args ARG_PragmaFunction="mmult" ARG_PragmaIsValid="1" ARG_PragmaOptions="variable=inC dim=0 complete" ARG_PragmaType="array_partition" ClangWarningOption="dump-hls-pragmas"/>
    </msg>
    <msg msg_groups="PRAGMA_VERBOSE_DUMP" msg_id="207-5471" msg_severity="WARNING" msg_loc="src/q_matmul_k_new.cpp:112:9" msg_body="HLS pragma dump">
        <args ARG_PragmaFunction="mmult" ARG_PragmaIsValid="1" ARG_PragmaType="pipeline" ClangWarningOption="dump-hls-pragmas"/>
    </msg>
    <msg msg_groups="PRAGMA_VERBOSE_DUMP" msg_id="207-5471" msg_severity="WARNING" msg_loc="src/q_matmul_k_new.cpp:125:9" msg_body="HLS pragma dump">
        <args ARG_PragmaFunction="mmult" ARG_PragmaIsValid="1" ARG_PragmaType="pipeline" ClangWarningOption="dump-hls-pragmas"/>
    </msg>
    <msg msg_groups="PRAGMA_VERBOSE_DUMP" msg_id="207-5471" msg_severity="WARNING" msg_loc="src/q_matmul_k_new.cpp:139:9" msg_body="HLS pragma dump">
        <args ARG_PragmaFunction="mmult" ARG_PragmaIsValid="1" ARG_PragmaType="pipeline" ClangWarningOption="dump-hls-pragmas"/>
    </msg>
    <msg msg_groups="PRAGMA_VERBOSE_DUMP" msg_id="207-5471" msg_severity="WARNING" msg_loc="src/q_matmul_k_new.cpp:159:9" msg_body="HLS pragma dump">
        <args ARG_PragmaFunction="mmult" ARG_PragmaIsValid="1" ARG_PragmaOptions="variable=inA dim=0 complete" ARG_PragmaType="array_partition" ClangWarningOption="dump-hls-pragmas"/>
    </msg>
    <msg msg_groups="PRAGMA_VERBOSE_DUMP" msg_id="207-5471" msg_severity="WARNING" msg_loc="src/q_matmul_k_new.cpp:161:9" msg_body="HLS pragma dump">
        <args ARG_PragmaFunction="mmult" ARG_PragmaIsValid="1" ARG_PragmaOptions="variable=inB dim=0 complete" ARG_PragmaType="array_partition" ClangWarningOption="dump-hls-pragmas"/>
    </msg>
    <msg msg_groups="PRAGMA_VERBOSE_DUMP" msg_id="207-5471" msg_severity="WARNING" msg_loc="src/q_matmul_k_new.cpp:165:9" msg_body="HLS pragma dump">
        <args ARG_PragmaFunction="mmult" ARG_PragmaIsValid="1" ARG_PragmaType="pipeline" ClangWarningOption="dump-hls-pragmas"/>
    </msg>
    <msg msg_groups="PRAGMA_VERBOSE_DUMP" msg_id="207-5471" msg_severity="WARNING" msg_loc="src/q_matmul_k_new.cpp:174:9" msg_body="HLS pragma dump">
        <args ARG_PragmaFunction="mmult" ARG_PragmaIsValid="1" ARG_PragmaType="pipeline" ClangWarningOption="dump-hls-pragmas"/>
    </msg>
    <msg msg_groups="PRAGMA_VERBOSE_DUMP" msg_id="207-5471" msg_severity="WARNING" msg_loc="src/q_matmul_k_new.cpp:222:9" msg_body="HLS pragma dump">
        <args ARG_PragmaFunction="mmult" ARG_PragmaIsValid="1" ARG_PragmaOptions="variable=localC inter false" ARG_PragmaType="dependence" ClangWarningOption="dump-hls-pragmas"/>
    </msg>
    <msg msg_groups="PRAGMA_VERBOSE_DUMP" msg_id="207-5471" msg_severity="WARNING" msg_loc="src/q_matmul_k_new.cpp:224:9" msg_body="HLS pragma dump">
        <args ARG_PragmaFunction="mmult" ARG_PragmaIsValid="1" ARG_PragmaOptions="II=1" ARG_PragmaType="pipeline" ClangWarningOption="dump-hls-pragmas"/>
    </msg>
    <msg msg_groups="PRAGMA_VERBOSE_DUMP" msg_id="207-5471" msg_severity="WARNING" msg_loc="src/q_matmul_k_new.cpp:245:9" msg_body="HLS pragma dump">
        <args ARG_PragmaFunction="mmult" ARG_PragmaIsValid="1" ARG_PragmaOptions="II=1" ARG_PragmaType="pipeline" ClangWarningOption="dump-hls-pragmas"/>
    </msg>
    <msg msg_groups="PRAGMA_UNROLL" msg_id="214-291" msg_severity="INFO" msg_loc="src/q_matmul_k_new.cpp:113:20" msg_body="Loop 'VITIS_LOOP_113_3' is marked as complete unroll implied by the pipeline pragma">
        <args LoopName="VITIS_LOOP_113_3"/>
    </msg>
    <msg msg_groups="PRAGMA_UNROLL" msg_id="214-291" msg_severity="INFO" msg_loc="src/q_matmul_k_new.cpp:126:20" msg_body="Loop 'VITIS_LOOP_126_4' is marked as complete unroll implied by the pipeline pragma">
        <args LoopName="VITIS_LOOP_126_4"/>
    </msg>
    <msg msg_groups="PRAGMA_UNROLL" msg_id="214-291" msg_severity="INFO" msg_loc="src/q_matmul_k_new.cpp:140:20" msg_body="Loop 'VITIS_LOOP_140_5' is marked as complete unroll implied by the pipeline pragma">
        <args LoopName="VITIS_LOOP_140_5"/>
    </msg>
    <msg msg_groups="PRAGMA_UNROLL" msg_id="214-291" msg_severity="INFO" msg_loc="src/q_matmul_k_new.cpp:166:20" msg_body="Loop 'VITIS_LOOP_166_6' is marked as complete unroll implied by the pipeline pragma">
        <args LoopName="VITIS_LOOP_166_6"/>
    </msg>
    <msg msg_groups="PRAGMA_UNROLL" msg_id="214-291" msg_severity="INFO" msg_loc="src/q_matmul_k_new.cpp:176:20" msg_body="Loop 'VITIS_LOOP_176_8' is marked as complete unroll implied by the pipeline pragma">
        <args LoopName="VITIS_LOOP_176_8"/>
    </msg>
    <msg msg_groups="PRAGMA_UNROLL" msg_id="214-291" msg_severity="INFO" msg_loc="src/q_matmul_k_new.cpp:177:39" msg_body="Loop 'VITIS_LOOP_177_9' is marked as complete unroll implied by the pipeline pragma">
        <args LoopName="VITIS_LOOP_177_9"/>
    </msg>
    <msg msg_groups="PRAGMA_UNROLL" msg_id="214-291" msg_severity="INFO" msg_loc="src/q_matmul_k_new.cpp:183:36" msg_body="Loop 'VITIS_LOOP_183_10' is marked as complete unroll implied by the pipeline pragma">
        <args LoopName="VITIS_LOOP_183_10"/>
    </msg>
    <msg msg_groups="PRAGMA_UNROLL" msg_id="214-291" msg_severity="INFO" msg_loc="src/q_matmul_k_new.cpp:184:40" msg_body="Loop 'VITIS_LOOP_184_11' is marked as complete unroll implied by the pipeline pragma">
        <args LoopName="VITIS_LOOP_184_11"/>
    </msg>
    <msg msg_groups="PRAGMA_UNROLL" msg_id="214-291" msg_severity="INFO" msg_loc="src/q_matmul_k_new.cpp:191:36" msg_body="Loop 'VITIS_LOOP_191_12' is marked as complete unroll implied by the pipeline pragma">
        <args LoopName="VITIS_LOOP_191_12"/>
    </msg>
    <msg msg_groups="PRAGMA_UNROLL" msg_id="214-291" msg_severity="INFO" msg_loc="src/q_matmul_k_new.cpp:199:36" msg_body="Loop 'VITIS_LOOP_199_13' is marked as complete unroll implied by the pipeline pragma">
        <args LoopName="VITIS_LOOP_199_13"/>
    </msg>
    <msg msg_groups="PRAGMA_UNROLL" msg_id="214-291" msg_severity="INFO" msg_loc="src/q_matmul_k_new.cpp:209:36" msg_body="Loop 'VITIS_LOOP_209_14' is marked as complete unroll implied by the pipeline pragma">
        <args LoopName="VITIS_LOOP_209_14"/>
    </msg>
    <msg msg_groups="PRAGMA_UNROLL" msg_id="214-291" msg_severity="INFO" msg_loc="src/q_matmul_k_new.cpp:210:40" msg_body="Loop 'VITIS_LOOP_210_15' is marked as complete unroll implied by the pipeline pragma">
        <args LoopName="VITIS_LOOP_210_15"/>
    </msg>
    <msg msg_groups="PRAGMA_UNROLL" msg_id="214-291" msg_severity="INFO" msg_loc="src/q_matmul_k_new.cpp:225:21" msg_body="Loop 'VITIS_LOOP_225_17' is marked as complete unroll implied by the pipeline pragma">
        <args LoopName="VITIS_LOOP_225_17"/>
    </msg>
    <msg msg_groups="PRAGMA_UNROLL" msg_id="214-186" msg_severity="INFO" msg_loc="src/q_matmul_k_new.cpp:23:0" msg_body="Unrolling loop 'VITIS_LOOP_113_3' (src/q_matmul_k_new.cpp:113:20) in function 'mmult' completely with a factor of 16">
        <args Factor="16" LoopLoc="src/q_matmul_k_new.cpp:113:20" LoopName="VITIS_LOOP_113_3"/>
    </msg>
    <msg msg_groups="PRAGMA_UNROLL" msg_id="214-186" msg_severity="INFO" msg_loc="src/q_matmul_k_new.cpp:23:0" msg_body="Unrolling loop 'VITIS_LOOP_126_4' (src/q_matmul_k_new.cpp:126:20) in function 'mmult' completely with a factor of 64">
        <args Factor="64" LoopLoc="src/q_matmul_k_new.cpp:126:20" LoopName="VITIS_LOOP_126_4"/>
    </msg>
    <msg msg_groups="PRAGMA_UNROLL" msg_id="214-186" msg_severity="INFO" msg_loc="src/q_matmul_k_new.cpp:23:0" msg_body="Unrolling loop 'VITIS_LOOP_140_5' (src/q_matmul_k_new.cpp:140:20) in function 'mmult' completely with a factor of 16">
        <args Factor="16" LoopLoc="src/q_matmul_k_new.cpp:140:20" LoopName="VITIS_LOOP_140_5"/>
    </msg>
    <msg msg_groups="PRAGMA_UNROLL" msg_id="214-186" msg_severity="INFO" msg_loc="src/q_matmul_k_new.cpp:23:0" msg_body="Unrolling loop 'VITIS_LOOP_166_6' (src/q_matmul_k_new.cpp:166:20) in function 'mmult' completely with a factor of 16">
        <args Factor="16" LoopLoc="src/q_matmul_k_new.cpp:166:20" LoopName="VITIS_LOOP_166_6"/>
    </msg>
    <msg msg_groups="PRAGMA_UNROLL" msg_id="214-186" msg_severity="INFO" msg_loc="src/q_matmul_k_new.cpp:23:0" msg_body="Unrolling loop 'VITIS_LOOP_176_8' (src/q_matmul_k_new.cpp:176:20) in function 'mmult' completely with a factor of 16">
        <args Factor="16" LoopLoc="src/q_matmul_k_new.cpp:176:20" LoopName="VITIS_LOOP_176_8"/>
    </msg>
    <msg msg_groups="PRAGMA_UNROLL" msg_id="214-186" msg_severity="INFO" msg_loc="src/q_matmul_k_new.cpp:23:0" msg_body="Unrolling loop 'VITIS_LOOP_177_9' (src/q_matmul_k_new.cpp:177:39) in function 'mmult' completely with a factor of 15">
        <args Factor="15" LoopLoc="src/q_matmul_k_new.cpp:177:39" LoopName="VITIS_LOOP_177_9"/>
    </msg>
    <msg msg_groups="PRAGMA_UNROLL" msg_id="214-186" msg_severity="INFO" msg_loc="src/q_matmul_k_new.cpp:23:0" msg_body="Unrolling loop 'VITIS_LOOP_183_10' (src/q_matmul_k_new.cpp:183:36) in function 'mmult' completely with a factor of 15">
        <args Factor="15" LoopLoc="src/q_matmul_k_new.cpp:183:36" LoopName="VITIS_LOOP_183_10"/>
    </msg>
    <msg msg_groups="PRAGMA_UNROLL" msg_id="214-186" msg_severity="INFO" msg_loc="src/q_matmul_k_new.cpp:23:0" msg_body="Unrolling loop 'VITIS_LOOP_184_11' (src/q_matmul_k_new.cpp:184:40) in function 'mmult' completely with a factor of 16">
        <args Factor="16" LoopLoc="src/q_matmul_k_new.cpp:184:40" LoopName="VITIS_LOOP_184_11"/>
    </msg>
    <msg msg_groups="PRAGMA_UNROLL" msg_id="214-186" msg_severity="INFO" msg_loc="src/q_matmul_k_new.cpp:23:0" msg_body="Unrolling loop 'VITIS_LOOP_191_12' (src/q_matmul_k_new.cpp:191:36) in function 'mmult' completely with a factor of 16">
        <args Factor="16" LoopLoc="src/q_matmul_k_new.cpp:191:36" LoopName="VITIS_LOOP_191_12"/>
    </msg>
    <msg msg_groups="PRAGMA_UNROLL" msg_id="214-186" msg_severity="INFO" msg_loc="src/q_matmul_k_new.cpp:23:0" msg_body="Unrolling loop 'VITIS_LOOP_199_13' (src/q_matmul_k_new.cpp:199:36) in function 'mmult' completely with a factor of 16">
        <args Factor="16" LoopLoc="src/q_matmul_k_new.cpp:199:36" LoopName="VITIS_LOOP_199_13"/>
    </msg>
    <msg msg_groups="PRAGMA_UNROLL" msg_id="214-186" msg_severity="INFO" msg_loc="src/q_matmul_k_new.cpp:23:0" msg_body="Unrolling loop 'VITIS_LOOP_209_14' (src/q_matmul_k_new.cpp:209:36) in function 'mmult' completely with a factor of 16">
        <args Factor="16" LoopLoc="src/q_matmul_k_new.cpp:209:36" LoopName="VITIS_LOOP_209_14"/>
    </msg>
    <msg msg_groups="PRAGMA_UNROLL" msg_id="214-186" msg_severity="INFO" msg_loc="src/q_matmul_k_new.cpp:23:0" msg_body="Unrolling loop 'VITIS_LOOP_210_15' (src/q_matmul_k_new.cpp:210:40) in function 'mmult' completely with a factor of 16">
        <args Factor="16" LoopLoc="src/q_matmul_k_new.cpp:210:40" LoopName="VITIS_LOOP_210_15"/>
    </msg>
    <msg msg_groups="PRAGMA_UNROLL" msg_id="214-186" msg_severity="INFO" msg_loc="src/q_matmul_k_new.cpp:23:0" msg_body="Unrolling loop 'VITIS_LOOP_225_17' (src/q_matmul_k_new.cpp:225:21) in function 'mmult' completely with a factor of 16">
        <args Factor="16" LoopLoc="src/q_matmul_k_new.cpp:225:21" LoopName="VITIS_LOOP_225_17"/>
    </msg>
    <msg msg_groups="PRAGMA_MISC" msg_id="214-248" msg_severity="INFO" msg_loc="src/q_matmul_k_new.cpp:91:11" msg_body="Applying array_partition to 'subA': Complete partitioning on dimension 2.">
        <args Dim="2" Mode="Complete" UOName="subA"/>
    </msg>
    <msg msg_groups="PRAGMA_MISC" msg_id="214-248" msg_severity="INFO" msg_loc="src/q_matmul_k_new.cpp:94:8" msg_body="Applying array_partition to 'subB': Complete partitioning on dimension 1.">
        <args Dim="1" Mode="Complete" UOName="subB"/>
    </msg>
    <msg msg_groups="PRAGMA_MISC" msg_id="214-248" msg_severity="INFO" msg_loc="src/q_matmul_k_new.cpp:99:8" msg_body="Applying array_partition to 'inC': Complete partitioning on dimension 1. Complete partitioning on dimension 2.">
        <args Dim="islist 1 2" Mode="islist Complete Complete" UOName="inC"/>
    </msg>
    <msg msg_groups="PRAGMA_MISC" msg_id="214-248" msg_severity="INFO" msg_loc="src/q_matmul_k_new.cpp:158:19" msg_body="Applying array_partition to 'inA': Complete partitioning on dimension 1. Complete partitioning on dimension 2.">
        <args Dim="islist 1 2" Mode="islist Complete Complete" UOName="inA"/>
    </msg>
    <msg msg_groups="PRAGMA_MISC" msg_id="214-248" msg_severity="INFO" msg_loc="src/q_matmul_k_new.cpp:160:8" msg_body="Applying array_partition to 'inB': Complete partitioning on dimension 1. Complete partitioning on dimension 2.">
        <args Dim="islist 1 2" Mode="islist Complete Complete" UOName="inB"/>
    </msg>
    <msg msg_groups="AUTOMATION PRAGMA_MISC" msg_id="214-270" msg_severity="INFO" msg_loc="src/q_matmul_k_new.cpp:125:9" msg_body="Inferring pragma 'array_partition type=complete dim=2' for array 'mmult::localA' due to pipeline pragma">
        <args Dim="2" Mode="complete" Name="mmult::localA" PragmaType="array_partition"/>
    </msg>
    <msg msg_groups="AUTOMATION PRAGMA_MISC" msg_id="214-270" msg_severity="INFO" msg_loc="src/q_matmul_k_new.cpp:139:9" msg_body="Inferring pragma 'array_partition type=cyclic factor=16 dim=2' for array 'mmult::localB' due to pipeline pragma">
        <args Dim="2" Factor="16" Mode="cyclic" Name="mmult::localB" PragmaType="array_partition"/>
    </msg>
    <msg msg_groups="AUTOMATION PRAGMA_MISC" msg_id="214-270" msg_severity="INFO" msg_loc="src/q_matmul_k_new.cpp:224:9" msg_body="Inferring pragma 'array_partition type=cyclic factor=16 dim=2' for array 'mmult::localC' due to pipeline pragma">
        <args Dim="2" Factor="16" Mode="cyclic" Name="mmult::localC" PragmaType="array_partition"/>
    </msg>
    <msg msg_groups="PRAGMA_MISC" msg_id="214-248" msg_severity="INFO" msg_loc="src/q_matmul_k_new.cpp:42:0" msg_body="Applying array_partition to '_ZZ5mmultE6localC': Cyclic partitioning with factor 16 on dimension 2.">
        <args Dim="2" Factor="16" Mode="Cyclic" UOName="_ZZ5mmultE6localC"/>
    </msg>
    <msg msg_groups="PRAGMA_MISC" msg_id="214-248" msg_severity="INFO" msg_loc="src/q_matmul_k_new.cpp:40:0" msg_body="Applying array_partition to '_ZZ5mmultE6localB': Cyclic partitioning with factor 16 on dimension 2.">
        <args Dim="2" Factor="16" Mode="Cyclic" UOName="_ZZ5mmultE6localB"/>
    </msg>
    <msg msg_groups="PRAGMA_MISC" msg_id="214-248" msg_severity="INFO" msg_loc="src/q_matmul_k_new.cpp:38:0" msg_body="Applying array_partition to '_ZZ5mmultE6localA': Complete partitioning on dimension 2.">
        <args Dim="2" Mode="Complete" UOName="_ZZ5mmultE6localA"/>
    </msg>
</xilinx:hls_fe_msgs>

