<pragmas>
<pragma file="src/q_matmul_k_new.cpp" line="245" pragmaType="pipeline" parentfunction="mmult" off="0" ii="1" rewind="0" style=""/>
<pragma file="src/q_matmul_k_new.cpp" line="112" pragmaType="pipeline" parentfunction="mmult" off="0" ii="-1" rewind="0" style=""/>
<pragma file="src/q_matmul_k_new.cpp" line="125" pragmaType="pipeline" parentfunction="mmult" off="0" ii="-1" rewind="0" style=""/>
<pragma file="src/q_matmul_k_new.cpp" line="139" pragmaType="pipeline" parentfunction="mmult" off="0" ii="-1" rewind="0" style=""/>
<pragma file="src/q_matmul_k_new.cpp" line="165" pragmaType="pipeline" parentfunction="mmult" off="0" ii="-1" rewind="0" style=""/>
<pragma file="src/q_matmul_k_new.cpp" line="174" pragmaType="pipeline" parentfunction="mmult" off="0" ii="-1" rewind="0" style=""/>
<pragma file="src/q_matmul_k_new.cpp" line="224" pragmaType="pipeline" parentfunction="mmult" off="0" ii="1" rewind="0" style=""/>
<pragma file="src/q_matmul_k_new.cpp" line="78" pragmaType="pipeline" parentfunction="mmult" off="0" ii="1" rewind="0" style=""/>
<pragma file="src/q_matmul_k_new.cpp" line="63" pragmaType="pipeline" parentfunction="mmult" off="0" ii="1" rewind="0" style=""/>
<pragma file="src/q_matmul_k_new.cpp" line="52" pragmaType="pipeline" parentfunction="mmult" off="0" ii="1" rewind="0" style=""/>
<pragma file="src/q_matmul_k_new.cpp" line="24" pragmaType="interface" parentfunction="mmult" mode="m_axi" port="a" bundle="gmem0" offset="slave" name="" depth="12608" num_read_outstanding="-1" num_write_outstanding="-1" max_burst_read_length="-1" max_burst_write_length="-1" latency="-1" max_widen_bitwidth="-1"/>
<pragma file="src/q_matmul_k_new.cpp" line="25" pragmaType="interface" parentfunction="mmult" mode="m_axi" port="b" bundle="gmem1" offset="slave" name="" depth="12608" num_read_outstanding="-1" num_write_outstanding="-1" max_burst_read_length="-1" max_burst_write_length="-1" latency="-1" max_widen_bitwidth="-1"/>
<pragma file="src/q_matmul_k_new.cpp" line="26" pragmaType="interface" parentfunction="mmult" mode="m_axi" port="c" bundle="gmem2" offset="slave" name="" depth="38809" num_read_outstanding="-1" num_write_outstanding="-1" max_burst_read_length="-1" max_burst_write_length="-1" latency="-1" max_widen_bitwidth="-1"/>
<pragma file="src/q_matmul_k_new.cpp" line="28" pragmaType="interface" parentfunction="mmult" mode="s_axilite" port="a" bundle="control" offset="-1" name="" clock="" impl="" register="0"/>
<pragma file="src/q_matmul_k_new.cpp" line="29" pragmaType="interface" parentfunction="mmult" mode="s_axilite" port="b" bundle="control" offset="-1" name="" clock="" impl="" register="0"/>
<pragma file="src/q_matmul_k_new.cpp" line="30" pragmaType="interface" parentfunction="mmult" mode="s_axilite" port="c" bundle="control" offset="-1" name="" clock="" impl="" register="0"/>
<pragma file="src/q_matmul_k_new.cpp" line="31" pragmaType="interface" parentfunction="mmult" mode="s_axilite" port="" bundle="control" offset="-1" name="" clock="" impl="" register="0"/>
<pragma file="src/q_matmul_k_new.cpp" line="39" pragmaType="bind_storage" parentfunction="mmult" op="666" impl="22" latency="2" variable="_ZZ5mmultE6localA"/>
<pragma file="src/q_matmul_k_new.cpp" line="41" pragmaType="bind_storage" parentfunction="mmult" op="666" impl="22" latency="2" variable="_ZZ5mmultE6localB"/>
<pragma file="src/q_matmul_k_new.cpp" line="43" pragmaType="bind_storage" parentfunction="mmult" op="666" impl="22" latency="2" variable="_ZZ5mmultE6localC"/>
<pragma file="src/q_matmul_k_new.cpp" line="92" pragmaType="array_partition" parentfunction="mmult" dim="2" factor="0" mode="complete" dynamic="0" variable=""/>
<pragma file="src/q_matmul_k_new.cpp" line="95" pragmaType="array_partition" parentfunction="mmult" dim="1" factor="0" mode="complete" dynamic="0" variable=""/>
<pragma file="src/q_matmul_k_new.cpp" line="100" pragmaType="array_partition" parentfunction="mmult" dim="0" factor="0" mode="complete" dynamic="0" variable=""/>
<pragma file="src/q_matmul_k_new.cpp" line="159" pragmaType="array_partition" parentfunction="mmult" dim="0" factor="0" mode="complete" dynamic="0" variable=""/>
<pragma file="src/q_matmul_k_new.cpp" line="161" pragmaType="array_partition" parentfunction="mmult" dim="0" factor="0" mode="complete" dynamic="0" variable=""/>
<pragma file="src/q_matmul_k_new.cpp" line="222" pragmaType="dependence" parentfunction="mmult" class="" direction="NODIR" type="inter" distance="0" variable="_ZZ5mmultE6localC"/>
</pragmas>
