,tile_outer_loop_VITIS_LOOP_105_2,seq_loop_status1.csv
grp_mmult_Pipeline_readA_fu_23498,readA,pp_loop_status1.csv
grp_mmult_Pipeline_readB_fu_23634,readB,pp_loop_status2.csv
grp_mmult_Pipeline_initC_VITIS_LOOP_77_1_fu_23674,initC_VITIS_LOOP_77_1,upc_loop_status1.csv
grp_mmult_Pipeline_read_subA_fu_24226,read_subA,upc_loop_status2.csv
grp_mmult_Pipeline_read_subB_fu_24423,read_subB,upc_loop_status3.csv
grp_mmult_Pipeline_VITIS_LOOP_173_7_fu_27483,VITIS_LOOP_173_7,upc_loop_status4.csv
grp_mmult_Pipeline_VITIS_LOOP_223_16_fu_31135,VITIS_LOOP_223_16,upc_loop_status5.csv
grp_mmult_Pipeline_writeC_fu_31440,writeC,pp_loop_status3.csv
