<profile>

<section name = "Vitis HLS Report for 'mmult_Pipeline_initC_VITIS_LOOP_77_1'" level="0">
<item name = "Date">Thu Dec 26 01:53:12 2024
</item>
<item name = "Version">2022.1 (Build 3526262 on Mon Apr 18 15:47:01 MDT 2022)</item>
<item name = "Project">q_matmul_k</item>
<item name = "Solution">solution1 (Vivado IP Flow Target)</item>
<item name = "Product family">virtexuplus</item>
<item name = "Target device">xcu50-fsvh2104-2-e</item>
</section>

<section name = "Performance Estimates" level="0">
<item name = "Timing">
<section name = "" level="1">
<item name = "Summary"><table name="" hasTotal="0">
<keys size="4">Clock, Target, Estimated, Uncertainty</keys>
<column name="ap_clk">10.00 ns, 2.004 ns, 2.70 ns</column>
</table>
</item>
</section>
</item>
<item name = "Latency">
<section name = "" level="1">
<item name = "Summary"><table name="" hasTotal="0">
<keys size="8">, min, max, min, max, min, max, Type</keys>
<column name="">38813, 38813, 0.388 ms, 0.388 ms, 38813, 38813, no</column>
</table>
</item>
<item name = "Detail">
<section name = "" level="1">
<item name = "Instance"><table name="" hasTotal="0">
<keys size="9">Instance, Module, min, max, min, max, min, max, Type</keys>
</table>
</item>
<item name = "Loop"><table name="" hasTotal="0">
<keys size="8">Loop Name, min, max, Latency, achieved, target, Count, Pipelined</keys>
<column name="- initC_VITIS_LOOP_77_1">38811, 38811, 4, 1, 1, 38809, yes</column>
</table>
</item>
</section>
</item>
</section>
</item>
</section>
</profile>
