<stg><name>mmult_Pipeline_writeC</name>


<trans_list>

<trans id="144" from="1" to="2">
<condition id="-1">
<or_exp><and_exp></and_exp></or_exp>
</condition>
</trans>

<trans id="165" from="2" to="9">
<condition id="-1">
<or_exp><and_exp><literal name="icmp_ln244" val="1"/>
</and_exp></or_exp>
</condition>
</trans>

<trans id="166" from="2" to="3">
<condition id="-1">
<or_exp><and_exp><literal name="icmp_ln244" val="0"/>
</and_exp></or_exp>
</condition>
</trans>

<trans id="159" from="3" to="4">
<condition id="-1">
<or_exp><and_exp></and_exp></or_exp>
</condition>
</trans>

<trans id="160" from="4" to="5">
<condition id="-1">
<or_exp><and_exp></and_exp></or_exp>
</condition>
</trans>

<trans id="161" from="5" to="6">
<condition id="-1">
<or_exp><and_exp></and_exp></or_exp>
</condition>
</trans>

<trans id="162" from="6" to="7">
<condition id="-1">
<or_exp><and_exp></and_exp></or_exp>
</condition>
</trans>

<trans id="163" from="7" to="8">
<condition id="-1">
<or_exp><and_exp></and_exp></or_exp>
</condition>
</trans>

<trans id="164" from="8" to="2">
<condition id="-1">
<or_exp><and_exp></and_exp></or_exp>
</condition>
</trans>

<trans id="154" from="9" to="10">
<condition id="-1">
<or_exp><and_exp></and_exp></or_exp>
</condition>
</trans>

<trans id="155" from="10" to="11">
<condition id="-1">
<or_exp><and_exp></and_exp></or_exp>
</condition>
</trans>

<trans id="156" from="11" to="12">
<condition id="-1">
<or_exp><and_exp></and_exp></or_exp>
</condition>
</trans>

<trans id="157" from="12" to="13">
<condition id="-1">
<or_exp><and_exp></and_exp></or_exp>
</condition>
</trans>
</trans_list>



<state_list>

<state id="1" st_id="1">

<operation id="14" st_id="1" stage="1" lat="1">
<core>NULL</core>
<MemPortIdVec></MemPortIdVec>
<condition id="-1">
<or_exp><and_exp></and_exp></or_exp>
</condition>

<Node id="20" bw="32" op_0_bw="32">
<![CDATA[
newFuncRoot:0 %i = alloca i32 1

]]></Node>
<StgValue><ssdm name="i"/></StgValue>
</operation>

<operation id="15" st_id="1" stage="1" lat="1">
<core>NULL</core>
<MemPortIdVec></MemPortIdVec>
<condition id="-1">
<or_exp><and_exp></and_exp></or_exp>
</condition>

<Node id="21" bw="32" op_0_bw="32">
<![CDATA[
newFuncRoot:1 %j = alloca i32 1

]]></Node>
<StgValue><ssdm name="j"/></StgValue>
</operation>

<operation id="16" st_id="1" stage="1" lat="1">
<core>NULL</core>
<MemPortIdVec></MemPortIdVec>
<condition id="-1">
<or_exp><and_exp></and_exp></or_exp>
</condition>

<Node id="22" bw="16" op_0_bw="32">
<![CDATA[
newFuncRoot:2 %loc = alloca i32 1

]]></Node>
<StgValue><ssdm name="loc"/></StgValue>
</operation>

<operation id="17" st_id="1" stage="1" lat="1">
<core>NULL</core>
<MemPortIdVec></MemPortIdVec>
<condition id="-1">
<or_exp><and_exp></and_exp></or_exp>
</condition>

<Node id="23" bw="64" op_0_bw="64" op_1_bw="64">
<![CDATA[
newFuncRoot:3 %c6 = read i64 @_ssdm_op_Read.ap_auto.i64, i64 %c

]]></Node>
<StgValue><ssdm name="c6"/></StgValue>
</operation>

<operation id="18" st_id="1" stage="1" lat="1">
<core>NULL</core>
<MemPortIdVec></MemPortIdVec>
<condition id="-1">
<or_exp><and_exp></and_exp></or_exp>
</condition>

<Node id="24" bw="62" op_0_bw="62" op_1_bw="62">
<![CDATA[
newFuncRoot:4 %sext_ln250_read = read i62 @_ssdm_op_Read.ap_auto.i62, i62 %sext_ln250

]]></Node>
<StgValue><ssdm name="sext_ln250_read"/></StgValue>
</operation>

<operation id="19" st_id="1" stage="1" lat="1">
<core>NULL</core>
<MemPortIdVec></MemPortIdVec>
<condition id="-1">
<or_exp><and_exp></and_exp></or_exp>
</condition>

<Node id="25" bw="64" op_0_bw="62">
<![CDATA[
newFuncRoot:5 %sext_ln250_cast = sext i62 %sext_ln250_read

]]></Node>
<StgValue><ssdm name="sext_ln250_cast"/></StgValue>
</operation>

<operation id="20" st_id="1" stage="1" lat="1">
<core>NULL</core>
<MemPortIdVec></MemPortIdVec>
<condition id="-1">
<or_exp><and_exp></and_exp></or_exp>
</condition>

<Node id="26" bw="0" op_0_bw="0" op_1_bw="32" op_2_bw="64" op_3_bw="64" op_4_bw="64">
<![CDATA[
newFuncRoot:6 %specmemcore_ln0 = specmemcore void @_ssdm_op_SpecMemCore, i32 %localC, i64 666, i64 22, i64 2

]]></Node>
<StgValue><ssdm name="specmemcore_ln0"/></StgValue>
</operation>

<operation id="21" st_id="1" stage="1" lat="1">
<core>NULL</core>
<MemPortIdVec></MemPortIdVec>
<condition id="-1">
<or_exp><and_exp></and_exp></or_exp>
</condition>

<Node id="27" bw="0" op_0_bw="0" op_1_bw="32" op_2_bw="64" op_3_bw="64" op_4_bw="64">
<![CDATA[
newFuncRoot:7 %specmemcore_ln0 = specmemcore void @_ssdm_op_SpecMemCore, i32 %localC_19, i64 666, i64 22, i64 2

]]></Node>
<StgValue><ssdm name="specmemcore_ln0"/></StgValue>
</operation>

<operation id="22" st_id="1" stage="1" lat="1">
<core>NULL</core>
<MemPortIdVec></MemPortIdVec>
<condition id="-1">
<or_exp><and_exp></and_exp></or_exp>
</condition>

<Node id="28" bw="0" op_0_bw="0" op_1_bw="32" op_2_bw="64" op_3_bw="64" op_4_bw="64">
<![CDATA[
newFuncRoot:8 %specmemcore_ln0 = specmemcore void @_ssdm_op_SpecMemCore, i32 %localC_20, i64 666, i64 22, i64 2

]]></Node>
<StgValue><ssdm name="specmemcore_ln0"/></StgValue>
</operation>

<operation id="23" st_id="1" stage="1" lat="1">
<core>NULL</core>
<MemPortIdVec></MemPortIdVec>
<condition id="-1">
<or_exp><and_exp></and_exp></or_exp>
</condition>

<Node id="29" bw="0" op_0_bw="0" op_1_bw="32" op_2_bw="64" op_3_bw="64" op_4_bw="64">
<![CDATA[
newFuncRoot:9 %specmemcore_ln0 = specmemcore void @_ssdm_op_SpecMemCore, i32 %localC_21, i64 666, i64 22, i64 2

]]></Node>
<StgValue><ssdm name="specmemcore_ln0"/></StgValue>
</operation>

<operation id="24" st_id="1" stage="1" lat="1">
<core>NULL</core>
<MemPortIdVec></MemPortIdVec>
<condition id="-1">
<or_exp><and_exp></and_exp></or_exp>
</condition>

<Node id="30" bw="0" op_0_bw="0" op_1_bw="32" op_2_bw="64" op_3_bw="64" op_4_bw="64">
<![CDATA[
newFuncRoot:10 %specmemcore_ln0 = specmemcore void @_ssdm_op_SpecMemCore, i32 %localC_22, i64 666, i64 22, i64 2

]]></Node>
<StgValue><ssdm name="specmemcore_ln0"/></StgValue>
</operation>

<operation id="25" st_id="1" stage="1" lat="1">
<core>NULL</core>
<MemPortIdVec></MemPortIdVec>
<condition id="-1">
<or_exp><and_exp></and_exp></or_exp>
</condition>

<Node id="31" bw="0" op_0_bw="0" op_1_bw="32" op_2_bw="64" op_3_bw="64" op_4_bw="64">
<![CDATA[
newFuncRoot:11 %specmemcore_ln0 = specmemcore void @_ssdm_op_SpecMemCore, i32 %localC_23, i64 666, i64 22, i64 2

]]></Node>
<StgValue><ssdm name="specmemcore_ln0"/></StgValue>
</operation>

<operation id="26" st_id="1" stage="1" lat="1">
<core>NULL</core>
<MemPortIdVec></MemPortIdVec>
<condition id="-1">
<or_exp><and_exp></and_exp></or_exp>
</condition>

<Node id="32" bw="0" op_0_bw="0" op_1_bw="32" op_2_bw="64" op_3_bw="64" op_4_bw="64">
<![CDATA[
newFuncRoot:12 %specmemcore_ln0 = specmemcore void @_ssdm_op_SpecMemCore, i32 %localC_24, i64 666, i64 22, i64 2

]]></Node>
<StgValue><ssdm name="specmemcore_ln0"/></StgValue>
</operation>

<operation id="27" st_id="1" stage="1" lat="1">
<core>NULL</core>
<MemPortIdVec></MemPortIdVec>
<condition id="-1">
<or_exp><and_exp></and_exp></or_exp>
</condition>

<Node id="33" bw="0" op_0_bw="0" op_1_bw="32" op_2_bw="64" op_3_bw="64" op_4_bw="64">
<![CDATA[
newFuncRoot:13 %specmemcore_ln0 = specmemcore void @_ssdm_op_SpecMemCore, i32 %localC_25, i64 666, i64 22, i64 2

]]></Node>
<StgValue><ssdm name="specmemcore_ln0"/></StgValue>
</operation>

<operation id="28" st_id="1" stage="1" lat="1">
<core>NULL</core>
<MemPortIdVec></MemPortIdVec>
<condition id="-1">
<or_exp><and_exp></and_exp></or_exp>
</condition>

<Node id="34" bw="0" op_0_bw="0" op_1_bw="32" op_2_bw="64" op_3_bw="64" op_4_bw="64">
<![CDATA[
newFuncRoot:14 %specmemcore_ln0 = specmemcore void @_ssdm_op_SpecMemCore, i32 %localC_26, i64 666, i64 22, i64 2

]]></Node>
<StgValue><ssdm name="specmemcore_ln0"/></StgValue>
</operation>

<operation id="29" st_id="1" stage="1" lat="1">
<core>NULL</core>
<MemPortIdVec></MemPortIdVec>
<condition id="-1">
<or_exp><and_exp></and_exp></or_exp>
</condition>

<Node id="35" bw="0" op_0_bw="0" op_1_bw="32" op_2_bw="64" op_3_bw="64" op_4_bw="64">
<![CDATA[
newFuncRoot:15 %specmemcore_ln0 = specmemcore void @_ssdm_op_SpecMemCore, i32 %localC_27, i64 666, i64 22, i64 2

]]></Node>
<StgValue><ssdm name="specmemcore_ln0"/></StgValue>
</operation>

<operation id="30" st_id="1" stage="1" lat="1">
<core>NULL</core>
<MemPortIdVec></MemPortIdVec>
<condition id="-1">
<or_exp><and_exp></and_exp></or_exp>
</condition>

<Node id="36" bw="0" op_0_bw="0" op_1_bw="32" op_2_bw="64" op_3_bw="64" op_4_bw="64">
<![CDATA[
newFuncRoot:16 %specmemcore_ln0 = specmemcore void @_ssdm_op_SpecMemCore, i32 %p_ZZ5mmultE6localC_10, i64 666, i64 22, i64 2

]]></Node>
<StgValue><ssdm name="specmemcore_ln0"/></StgValue>
</operation>

<operation id="31" st_id="1" stage="1" lat="1">
<core>NULL</core>
<MemPortIdVec></MemPortIdVec>
<condition id="-1">
<or_exp><and_exp></and_exp></or_exp>
</condition>

<Node id="37" bw="0" op_0_bw="0" op_1_bw="32" op_2_bw="64" op_3_bw="64" op_4_bw="64">
<![CDATA[
newFuncRoot:17 %specmemcore_ln0 = specmemcore void @_ssdm_op_SpecMemCore, i32 %p_ZZ5mmultE6localC_11, i64 666, i64 22, i64 2

]]></Node>
<StgValue><ssdm name="specmemcore_ln0"/></StgValue>
</operation>

<operation id="32" st_id="1" stage="1" lat="1">
<core>NULL</core>
<MemPortIdVec></MemPortIdVec>
<condition id="-1">
<or_exp><and_exp></and_exp></or_exp>
</condition>

<Node id="38" bw="0" op_0_bw="0" op_1_bw="32" op_2_bw="64" op_3_bw="64" op_4_bw="64">
<![CDATA[
newFuncRoot:18 %specmemcore_ln0 = specmemcore void @_ssdm_op_SpecMemCore, i32 %p_ZZ5mmultE6localC_12, i64 666, i64 22, i64 2

]]></Node>
<StgValue><ssdm name="specmemcore_ln0"/></StgValue>
</operation>

<operation id="33" st_id="1" stage="1" lat="1">
<core>NULL</core>
<MemPortIdVec></MemPortIdVec>
<condition id="-1">
<or_exp><and_exp></and_exp></or_exp>
</condition>

<Node id="39" bw="0" op_0_bw="0" op_1_bw="32" op_2_bw="64" op_3_bw="64" op_4_bw="64">
<![CDATA[
newFuncRoot:19 %specmemcore_ln0 = specmemcore void @_ssdm_op_SpecMemCore, i32 %p_ZZ5mmultE6localC_13, i64 666, i64 22, i64 2

]]></Node>
<StgValue><ssdm name="specmemcore_ln0"/></StgValue>
</operation>

<operation id="34" st_id="1" stage="1" lat="1">
<core>NULL</core>
<MemPortIdVec></MemPortIdVec>
<condition id="-1">
<or_exp><and_exp></and_exp></or_exp>
</condition>

<Node id="40" bw="0" op_0_bw="0" op_1_bw="32" op_2_bw="64" op_3_bw="64" op_4_bw="64">
<![CDATA[
newFuncRoot:20 %specmemcore_ln0 = specmemcore void @_ssdm_op_SpecMemCore, i32 %p_ZZ5mmultE6localC_14, i64 666, i64 22, i64 2

]]></Node>
<StgValue><ssdm name="specmemcore_ln0"/></StgValue>
</operation>

<operation id="35" st_id="1" stage="1" lat="1">
<core>NULL</core>
<MemPortIdVec></MemPortIdVec>
<condition id="-1">
<or_exp><and_exp></and_exp></or_exp>
</condition>

<Node id="41" bw="0" op_0_bw="0" op_1_bw="32" op_2_bw="64" op_3_bw="64" op_4_bw="64">
<![CDATA[
newFuncRoot:21 %specmemcore_ln0 = specmemcore void @_ssdm_op_SpecMemCore, i32 %p_ZZ5mmultE6localC_15, i64 666, i64 22, i64 2

]]></Node>
<StgValue><ssdm name="specmemcore_ln0"/></StgValue>
</operation>

<operation id="36" st_id="1" stage="1" lat="1">
<core>NULL</core>
<MemPortIdVec></MemPortIdVec>
<condition id="-1">
<or_exp><and_exp></and_exp></or_exp>
</condition>

<Node id="42" bw="0" op_0_bw="0" op_1_bw="32" op_2_bw="0" op_3_bw="32" op_4_bw="32" op_5_bw="0" op_6_bw="32" op_7_bw="32" op_8_bw="0" op_9_bw="0" op_10_bw="0" op_11_bw="32" op_12_bw="32" op_13_bw="32" op_14_bw="32" op_15_bw="0" op_16_bw="0" op_17_bw="32" op_18_bw="32">
<![CDATA[
newFuncRoot:22 %specinterface_ln0 = specinterface void @_ssdm_op_SpecInterface, i32 %gmem2, void @empty_15, i32 0, i32 0, void @empty_16, i32 0, i32 38809, void @empty_21, void @empty_9, void @empty_16, i32 16, i32 16, i32 16, i32 16, void @empty_16, void @empty_16, i32 4294967295, i32 0

]]></Node>
<StgValue><ssdm name="specinterface_ln0"/></StgValue>
</operation>

<operation id="37" st_id="1" stage="1" lat="1">
<core>NULL</core>
<MemPortIdVec></MemPortIdVec>
<condition id="-1">
<or_exp><and_exp></and_exp></or_exp>
</condition>

<Node id="43" bw="32" op_0_bw="32" op_1_bw="64">
<![CDATA[
newFuncRoot:23 %gmem2_addr = getelementptr i32 %gmem2, i64 %sext_ln250_cast

]]></Node>
<StgValue><ssdm name="gmem2_addr"/></StgValue>
</operation>

<operation id="38" st_id="1" stage="1" lat="1">
<core>m_axi</core>
<MemPortIdVec></MemPortIdVec>
<condition id="-1">
<or_exp><and_exp></and_exp></or_exp>
</condition>

<Node id="44" bw="1" op_0_bw="1" op_1_bw="32" op_2_bw="32">
<![CDATA[
newFuncRoot:24 %p_wr_req = writereq i1 @_ssdm_op_WriteReq.m_axi.i32P1A, i32 %gmem2_addr, i32 38809

]]></Node>
<StgValue><ssdm name="p_wr_req"/></StgValue>
</operation>

<operation id="39" st_id="1" stage="1" lat="1">
<core>NULL</core>
<MemPortIdVec></MemPortIdVec>
<condition id="-1">
<or_exp><and_exp></and_exp></or_exp>
</condition>

<Node id="45" bw="0" op_0_bw="16" op_1_bw="16">
<![CDATA[
newFuncRoot:25 %store_ln0 = store i16 0, i16 %loc

]]></Node>
<StgValue><ssdm name="store_ln0"/></StgValue>
</operation>

<operation id="40" st_id="1" stage="1" lat="1">
<core>NULL</core>
<MemPortIdVec></MemPortIdVec>
<condition id="-1">
<or_exp><and_exp></and_exp></or_exp>
</condition>

<Node id="46" bw="0" op_0_bw="32" op_1_bw="32">
<![CDATA[
newFuncRoot:26 %store_ln0 = store i32 0, i32 %j

]]></Node>
<StgValue><ssdm name="store_ln0"/></StgValue>
</operation>

<operation id="41" st_id="1" stage="1" lat="1">
<core>NULL</core>
<MemPortIdVec></MemPortIdVec>
<condition id="-1">
<or_exp><and_exp></and_exp></or_exp>
</condition>

<Node id="47" bw="0" op_0_bw="32" op_1_bw="32">
<![CDATA[
newFuncRoot:27 %store_ln0 = store i32 0, i32 %i

]]></Node>
<StgValue><ssdm name="store_ln0"/></StgValue>
</operation>

<operation id="42" st_id="1" stage="1" lat="1">
<core>NULL</core>
<MemPortIdVec></MemPortIdVec>
<condition id="-1">
<or_exp><and_exp></and_exp></or_exp>
</condition>

<Node id="48" bw="0" op_0_bw="0">
<![CDATA[
newFuncRoot:28 %br_ln0 = br void %for.body348

]]></Node>
<StgValue><ssdm name="br_ln0"/></StgValue>
</operation>
</state>

<state id="2" st_id="2">

<operation id="43" st_id="2" stage="1" lat="1">
<core>NULL</core>
<MemPortIdVec></MemPortIdVec>
<condition id="-1">
<or_exp><and_exp></and_exp></or_exp>
</condition>

<Node id="50" bw="16" op_0_bw="16" op_1_bw="0">
<![CDATA[
for.body348:0 %loc_1 = load i16 %loc

]]></Node>
<StgValue><ssdm name="loc_1"/></StgValue>
</operation>

<operation id="44" st_id="2" stage="1" lat="1">
<core>NULL</core>
<MemPortIdVec></MemPortIdVec>
<condition id="-1">
<or_exp><and_exp></and_exp></or_exp>
</condition>

<Node id="51" bw="0" op_0_bw="0" op_1_bw="32">
<![CDATA[
for.body348:1 %specbitsmap_ln0 = specbitsmap void @_ssdm_op_SpecBitsMap, i32 %gmem2

]]></Node>
<StgValue><ssdm name="specbitsmap_ln0"/></StgValue>
</operation>

<operation id="45" st_id="2" stage="1" lat="1">
<core>Cmp</core>
<MemPortIdVec></MemPortIdVec>
<condition id="-1">
<or_exp><and_exp></and_exp></or_exp>
</condition>

<Node id="52" bw="1" op_0_bw="16" op_1_bw="16">
<![CDATA[
for.body348:2 %icmp_ln244 = icmp_eq  i16 %loc_1, i16 38809

]]></Node>
<StgValue><ssdm name="icmp_ln244"/></StgValue>
</operation>

<operation id="46" st_id="2" stage="1" lat="1">
<core>NULL</core>
<MemPortIdVec></MemPortIdVec>
<condition id="-1">
<or_exp><and_exp></and_exp></or_exp>
</condition>

<Node id="53" bw="32" op_0_bw="32" op_1_bw="64" op_2_bw="64" op_3_bw="64">
<![CDATA[
for.body348:3 %empty = speclooptripcount i32 @_ssdm_op_SpecLoopTripCount, i64 38809, i64 38809, i64 38809

]]></Node>
<StgValue><ssdm name="empty"/></StgValue>
</operation>

<operation id="47" st_id="2" stage="1" lat="1">
<core>Adder</core>
<MemPortIdVec></MemPortIdVec>
<condition id="-1">
<or_exp><and_exp></and_exp></or_exp>
</condition>

<Node id="54" bw="16" op_0_bw="16" op_1_bw="16">
<![CDATA[
for.body348:4 %add_ln244 = add i16 %loc_1, i16 1

]]></Node>
<StgValue><ssdm name="add_ln244"/></StgValue>
</operation>

<operation id="48" st_id="2" stage="1" lat="1">
<core>NULL</core>
<MemPortIdVec></MemPortIdVec>
<condition id="-1">
<or_exp><and_exp></and_exp></or_exp>
</condition>

<Node id="55" bw="0" op_0_bw="1" op_1_bw="0" op_2_bw="0">
<![CDATA[
for.body348:5 %br_ln244 = br i1 %icmp_ln244, void %for.body348.split, void %for.end362.exitStub

]]></Node>
<StgValue><ssdm name="br_ln244"/></StgValue>
</operation>

<operation id="49" st_id="2" stage="1" lat="1">
<core>NULL</core>
<MemPortIdVec></MemPortIdVec>
<condition id="-1">
<or_exp><and_exp><literal name="icmp_ln244" val="0"/>
</and_exp></or_exp>
</condition>

<Node id="57" bw="32" op_0_bw="32" op_1_bw="0">
<![CDATA[
for.body348.split:0 %i_load = load i32 %i

]]></Node>
<StgValue><ssdm name="i_load"/></StgValue>
</operation>

<operation id="50" st_id="2" stage="1" lat="1">
<core>NULL</core>
<MemPortIdVec></MemPortIdVec>
<condition id="-1">
<or_exp><and_exp><literal name="icmp_ln244" val="0"/>
</and_exp></or_exp>
</condition>

<Node id="58" bw="32" op_0_bw="32" op_1_bw="0">
<![CDATA[
for.body348.split:1 %j_load = load i32 %j

]]></Node>
<StgValue><ssdm name="j_load"/></StgValue>
</operation>

<operation id="51" st_id="2" stage="1" lat="1">
<core>Cmp</core>
<MemPortIdVec></MemPortIdVec>
<condition id="-1">
<or_exp><and_exp><literal name="icmp_ln244" val="0"/>
</and_exp></or_exp>
</condition>

<Node id="61" bw="1" op_0_bw="32" op_1_bw="32">
<![CDATA[
for.body348.split:4 %icmp_ln246 = icmp_eq  i32 %j_load, i32 197

]]></Node>
<StgValue><ssdm name="icmp_ln246"/></StgValue>
</operation>

<operation id="52" st_id="2" stage="1" lat="1">
<core>Adder</core>
<MemPortIdVec></MemPortIdVec>
<condition id="-1">
<or_exp><and_exp><literal name="icmp_ln244" val="0"/>
</and_exp></or_exp>
</condition>

<Node id="62" bw="32" op_0_bw="32" op_1_bw="32">
<![CDATA[
for.body348.split:5 %add_ln247 = add i32 %i_load, i32 1

]]></Node>
<StgValue><ssdm name="add_ln247"/></StgValue>
</operation>

<operation id="53" st_id="2" stage="1" lat="1">
<core>Sel</core>
<MemPortIdVec></MemPortIdVec>
<condition id="-1">
<or_exp><and_exp><literal name="icmp_ln244" val="0"/>
</and_exp></or_exp>
</condition>

<Node id="63" bw="32" op_0_bw="1" op_1_bw="32" op_2_bw="32">
<![CDATA[
for.body348.split:6 %i_1 = select i1 %icmp_ln246, i32 %add_ln247, i32 %i_load

]]></Node>
<StgValue><ssdm name="i_1"/></StgValue>
</operation>

<operation id="54" st_id="2" stage="1" lat="1">
<core>Sel</core>
<MemPortIdVec></MemPortIdVec>
<condition id="-1">
<or_exp><and_exp><literal name="icmp_ln244" val="0"/>
</and_exp></or_exp>
</condition>

<Node id="64" bw="32" op_0_bw="1" op_1_bw="32" op_2_bw="32">
<![CDATA[
for.body348.split:7 %j_1 = select i1 %icmp_ln246, i32 0, i32 %j_load

]]></Node>
<StgValue><ssdm name="j_1"/></StgValue>
</operation>

<operation id="55" st_id="2" stage="1" lat="1">
<core>NULL</core>
<MemPortIdVec></MemPortIdVec>
<condition id="-1">
<or_exp><and_exp><literal name="icmp_ln244" val="0"/>
</and_exp></or_exp>
</condition>

<Node id="65" bw="4" op_0_bw="32">
<![CDATA[
for.body348.split:8 %trunc_ln244 = trunc i32 %j_1

]]></Node>
<StgValue><ssdm name="trunc_ln244"/></StgValue>
</operation>

<operation id="56" st_id="2" stage="1" lat="1">
<core>NULL</core>
<MemPortIdVec></MemPortIdVec>
<condition id="-1">
<or_exp><and_exp><literal name="icmp_ln244" val="0"/>
</and_exp></or_exp>
</condition>

<Node id="66" bw="12" op_0_bw="32">
<![CDATA[
for.body348.split:9 %trunc_ln250 = trunc i32 %i_1

]]></Node>
<StgValue><ssdm name="trunc_ln250"/></StgValue>
</operation>

<operation id="57" st_id="2" stage="3" lat="3">
<core>DSP48</core>
<MemPortIdVec></MemPortIdVec>
<condition id="-1">
<or_exp><and_exp><literal name="icmp_ln244" val="0"/>
</and_exp></or_exp>
</condition>

<Node id="67" bw="12" op_0_bw="12" op_1_bw="12">
<![CDATA[
for.body348.split:10 %mul_ln250 = mul i12 %trunc_ln250, i12 13

]]></Node>
<StgValue><ssdm name="mul_ln250"/></StgValue>
</operation>

<operation id="58" st_id="2" stage="1" lat="1">
<core>NULL</core>
<MemPortIdVec></MemPortIdVec>
<condition id="-1">
<or_exp><and_exp><literal name="icmp_ln244" val="0"/>
</and_exp></or_exp>
</condition>

<Node id="68" bw="12" op_0_bw="12" op_1_bw="32" op_2_bw="32" op_3_bw="32">
<![CDATA[
for.body348.split:11 %lshr_ln2 = partselect i12 @_ssdm_op_PartSelect.i12.i32.i32.i32, i32 %j_1, i32 4, i32 15

]]></Node>
<StgValue><ssdm name="lshr_ln2"/></StgValue>
</operation>

<operation id="59" st_id="2" stage="1" lat="1">
<core>Adder</core>
<MemPortIdVec></MemPortIdVec>
<condition id="-1">
<or_exp><and_exp><literal name="icmp_ln244" val="0"/>
</and_exp></or_exp>
</condition>

<Node id="106" bw="32" op_0_bw="32" op_1_bw="32">
<![CDATA[
for.body348.split:49 %j_2 = add i32 %j_1, i32 1

]]></Node>
<StgValue><ssdm name="j_2"/></StgValue>
</operation>

<operation id="60" st_id="2" stage="1" lat="1">
<core>NULL</core>
<MemPortIdVec></MemPortIdVec>
<condition id="-1">
<or_exp><and_exp><literal name="icmp_ln244" val="0"/>
</and_exp></or_exp>
</condition>

<Node id="107" bw="0" op_0_bw="16" op_1_bw="16" op_2_bw="0" op_3_bw="0">
<![CDATA[
for.body348.split:50 %store_ln244 = store i16 %add_ln244, i16 %loc

]]></Node>
<StgValue><ssdm name="store_ln244"/></StgValue>
</operation>

<operation id="61" st_id="2" stage="1" lat="1">
<core>NULL</core>
<MemPortIdVec></MemPortIdVec>
<condition id="-1">
<or_exp><and_exp><literal name="icmp_ln244" val="0"/>
</and_exp></or_exp>
</condition>

<Node id="108" bw="0" op_0_bw="32" op_1_bw="32" op_2_bw="0" op_3_bw="0">
<![CDATA[
for.body348.split:51 %store_ln244 = store i32 %j_2, i32 %j

]]></Node>
<StgValue><ssdm name="store_ln244"/></StgValue>
</operation>

<operation id="62" st_id="2" stage="1" lat="1">
<core>NULL</core>
<MemPortIdVec></MemPortIdVec>
<condition id="-1">
<or_exp><and_exp><literal name="icmp_ln244" val="0"/>
</and_exp></or_exp>
</condition>

<Node id="109" bw="0" op_0_bw="32" op_1_bw="32" op_2_bw="0" op_3_bw="0">
<![CDATA[
for.body348.split:52 %store_ln244 = store i32 %i_1, i32 %i

]]></Node>
<StgValue><ssdm name="store_ln244"/></StgValue>
</operation>
</state>

<state id="3" st_id="3">

<operation id="63" st_id="3" stage="2" lat="3">
<core>DSP48</core>
<MemPortIdVec></MemPortIdVec>
<condition id="-1">
<or_exp><and_exp></and_exp></or_exp>
</condition>

<Node id="67" bw="12" op_0_bw="12" op_1_bw="12">
<![CDATA[
for.body348.split:10 %mul_ln250 = mul i12 %trunc_ln250, i12 13

]]></Node>
<StgValue><ssdm name="mul_ln250"/></StgValue>
</operation>
</state>

<state id="4" st_id="4">

<operation id="64" st_id="4" stage="1" lat="3">
<core>DSP48</core>
<MemPortIdVec></MemPortIdVec>
<condition id="-1">
<or_exp><and_exp></and_exp></or_exp>
</condition>

<Node id="67" bw="12" op_0_bw="12" op_1_bw="12">
<![CDATA[
for.body348.split:10 %mul_ln250 = mul i12 %trunc_ln250, i12 13

]]></Node>
<StgValue><ssdm name="mul_ln250"/></StgValue>
</operation>

<operation id="65" st_id="4" stage="2" lat="2">
<core>DSP48</core>
<MemPortIdVec></MemPortIdVec>
<condition id="-1">
<or_exp><and_exp></and_exp></or_exp>
</condition>

<Node id="69" bw="12" op_0_bw="12" op_1_bw="12">
<![CDATA[
for.body348.split:12 %add_ln250 = add i12 %mul_ln250, i12 %lshr_ln2

]]></Node>
<StgValue><ssdm name="add_ln250"/></StgValue>
</operation>
</state>

<state id="5" st_id="5">

<operation id="66" st_id="5" stage="1" lat="2">
<core>DSP48</core>
<MemPortIdVec></MemPortIdVec>
<condition id="-1">
<or_exp><and_exp></and_exp></or_exp>
</condition>

<Node id="69" bw="12" op_0_bw="12" op_1_bw="12">
<![CDATA[
for.body348.split:12 %add_ln250 = add i12 %mul_ln250, i12 %lshr_ln2

]]></Node>
<StgValue><ssdm name="add_ln250"/></StgValue>
</operation>

<operation id="67" st_id="5" stage="1" lat="1">
<core>NULL</core>
<MemPortIdVec></MemPortIdVec>
<condition id="-1">
<or_exp><and_exp></and_exp></or_exp>
</condition>

<Node id="70" bw="64" op_0_bw="12">
<![CDATA[
for.body348.split:13 %zext_ln250 = zext i12 %add_ln250

]]></Node>
<StgValue><ssdm name="zext_ln250"/></StgValue>
</operation>

<operation id="68" st_id="5" stage="1" lat="1">
<core>NULL</core>
<MemPortIdVec></MemPortIdVec>
<condition id="-1">
<or_exp><and_exp></and_exp></or_exp>
</condition>

<Node id="71" bw="12" op_0_bw="32" op_1_bw="64" op_2_bw="64">
<![CDATA[
for.body348.split:14 %p_ZZ5mmultE6localC_10_addr = getelementptr i32 %p_ZZ5mmultE6localC_10, i64 0, i64 %zext_ln250

]]></Node>
<StgValue><ssdm name="p_ZZ5mmultE6localC_10_addr"/></StgValue>
</operation>

<operation id="69" st_id="5" stage="1" lat="1">
<core>NULL</core>
<MemPortIdVec></MemPortIdVec>
<condition id="-1">
<or_exp><and_exp></and_exp></or_exp>
</condition>

<Node id="72" bw="12" op_0_bw="32" op_1_bw="64" op_2_bw="64">
<![CDATA[
for.body348.split:15 %p_ZZ5mmultE6localC_11_addr = getelementptr i32 %p_ZZ5mmultE6localC_11, i64 0, i64 %zext_ln250

]]></Node>
<StgValue><ssdm name="p_ZZ5mmultE6localC_11_addr"/></StgValue>
</operation>

<operation id="70" st_id="5" stage="1" lat="1">
<core>NULL</core>
<MemPortIdVec></MemPortIdVec>
<condition id="-1">
<or_exp><and_exp></and_exp></or_exp>
</condition>

<Node id="73" bw="12" op_0_bw="32" op_1_bw="64" op_2_bw="64">
<![CDATA[
for.body348.split:16 %p_ZZ5mmultE6localC_12_addr = getelementptr i32 %p_ZZ5mmultE6localC_12, i64 0, i64 %zext_ln250

]]></Node>
<StgValue><ssdm name="p_ZZ5mmultE6localC_12_addr"/></StgValue>
</operation>

<operation id="71" st_id="5" stage="1" lat="1">
<core>NULL</core>
<MemPortIdVec></MemPortIdVec>
<condition id="-1">
<or_exp><and_exp></and_exp></or_exp>
</condition>

<Node id="74" bw="12" op_0_bw="32" op_1_bw="64" op_2_bw="64">
<![CDATA[
for.body348.split:17 %p_ZZ5mmultE6localC_13_addr = getelementptr i32 %p_ZZ5mmultE6localC_13, i64 0, i64 %zext_ln250

]]></Node>
<StgValue><ssdm name="p_ZZ5mmultE6localC_13_addr"/></StgValue>
</operation>

<operation id="72" st_id="5" stage="1" lat="1">
<core>NULL</core>
<MemPortIdVec></MemPortIdVec>
<condition id="-1">
<or_exp><and_exp></and_exp></or_exp>
</condition>

<Node id="75" bw="12" op_0_bw="32" op_1_bw="64" op_2_bw="64">
<![CDATA[
for.body348.split:18 %p_ZZ5mmultE6localC_14_addr = getelementptr i32 %p_ZZ5mmultE6localC_14, i64 0, i64 %zext_ln250

]]></Node>
<StgValue><ssdm name="p_ZZ5mmultE6localC_14_addr"/></StgValue>
</operation>

<operation id="73" st_id="5" stage="1" lat="1">
<core>NULL</core>
<MemPortIdVec></MemPortIdVec>
<condition id="-1">
<or_exp><and_exp></and_exp></or_exp>
</condition>

<Node id="76" bw="12" op_0_bw="32" op_1_bw="64" op_2_bw="64">
<![CDATA[
for.body348.split:19 %mmult_localC = getelementptr i32 %p_ZZ5mmultE6localC_15, i64 0, i64 %zext_ln250

]]></Node>
<StgValue><ssdm name="mmult_localC"/></StgValue>
</operation>

<operation id="74" st_id="5" stage="1" lat="1">
<core>NULL</core>
<MemPortIdVec></MemPortIdVec>
<condition id="-1">
<or_exp><and_exp></and_exp></or_exp>
</condition>

<Node id="77" bw="12" op_0_bw="32" op_1_bw="64" op_2_bw="64">
<![CDATA[
for.body348.split:20 %localC_addr = getelementptr i32 %localC, i64 0, i64 %zext_ln250

]]></Node>
<StgValue><ssdm name="localC_addr"/></StgValue>
</operation>

<operation id="75" st_id="5" stage="1" lat="1">
<core>NULL</core>
<MemPortIdVec></MemPortIdVec>
<condition id="-1">
<or_exp><and_exp></and_exp></or_exp>
</condition>

<Node id="78" bw="12" op_0_bw="32" op_1_bw="64" op_2_bw="64">
<![CDATA[
for.body348.split:21 %localC_19_addr = getelementptr i32 %localC_19, i64 0, i64 %zext_ln250

]]></Node>
<StgValue><ssdm name="localC_19_addr"/></StgValue>
</operation>

<operation id="76" st_id="5" stage="1" lat="1">
<core>NULL</core>
<MemPortIdVec></MemPortIdVec>
<condition id="-1">
<or_exp><and_exp></and_exp></or_exp>
</condition>

<Node id="79" bw="12" op_0_bw="32" op_1_bw="64" op_2_bw="64">
<![CDATA[
for.body348.split:22 %localC_20_addr = getelementptr i32 %localC_20, i64 0, i64 %zext_ln250

]]></Node>
<StgValue><ssdm name="localC_20_addr"/></StgValue>
</operation>

<operation id="77" st_id="5" stage="1" lat="1">
<core>NULL</core>
<MemPortIdVec></MemPortIdVec>
<condition id="-1">
<or_exp><and_exp></and_exp></or_exp>
</condition>

<Node id="80" bw="12" op_0_bw="32" op_1_bw="64" op_2_bw="64">
<![CDATA[
for.body348.split:23 %localC_21_addr = getelementptr i32 %localC_21, i64 0, i64 %zext_ln250

]]></Node>
<StgValue><ssdm name="localC_21_addr"/></StgValue>
</operation>

<operation id="78" st_id="5" stage="1" lat="1">
<core>NULL</core>
<MemPortIdVec></MemPortIdVec>
<condition id="-1">
<or_exp><and_exp></and_exp></or_exp>
</condition>

<Node id="81" bw="12" op_0_bw="32" op_1_bw="64" op_2_bw="64">
<![CDATA[
for.body348.split:24 %localC_22_addr = getelementptr i32 %localC_22, i64 0, i64 %zext_ln250

]]></Node>
<StgValue><ssdm name="localC_22_addr"/></StgValue>
</operation>

<operation id="79" st_id="5" stage="1" lat="1">
<core>NULL</core>
<MemPortIdVec></MemPortIdVec>
<condition id="-1">
<or_exp><and_exp></and_exp></or_exp>
</condition>

<Node id="82" bw="12" op_0_bw="32" op_1_bw="64" op_2_bw="64">
<![CDATA[
for.body348.split:25 %localC_23_addr = getelementptr i32 %localC_23, i64 0, i64 %zext_ln250

]]></Node>
<StgValue><ssdm name="localC_23_addr"/></StgValue>
</operation>

<operation id="80" st_id="5" stage="1" lat="1">
<core>NULL</core>
<MemPortIdVec></MemPortIdVec>
<condition id="-1">
<or_exp><and_exp></and_exp></or_exp>
</condition>

<Node id="83" bw="12" op_0_bw="32" op_1_bw="64" op_2_bw="64">
<![CDATA[
for.body348.split:26 %localC_24_addr = getelementptr i32 %localC_24, i64 0, i64 %zext_ln250

]]></Node>
<StgValue><ssdm name="localC_24_addr"/></StgValue>
</operation>

<operation id="81" st_id="5" stage="1" lat="1">
<core>NULL</core>
<MemPortIdVec></MemPortIdVec>
<condition id="-1">
<or_exp><and_exp></and_exp></or_exp>
</condition>

<Node id="84" bw="12" op_0_bw="32" op_1_bw="64" op_2_bw="64">
<![CDATA[
for.body348.split:27 %localC_25_addr = getelementptr i32 %localC_25, i64 0, i64 %zext_ln250

]]></Node>
<StgValue><ssdm name="localC_25_addr"/></StgValue>
</operation>

<operation id="82" st_id="5" stage="1" lat="1">
<core>NULL</core>
<MemPortIdVec></MemPortIdVec>
<condition id="-1">
<or_exp><and_exp></and_exp></or_exp>
</condition>

<Node id="85" bw="12" op_0_bw="32" op_1_bw="64" op_2_bw="64">
<![CDATA[
for.body348.split:28 %localC_26_addr = getelementptr i32 %localC_26, i64 0, i64 %zext_ln250

]]></Node>
<StgValue><ssdm name="localC_26_addr"/></StgValue>
</operation>

<operation id="83" st_id="5" stage="1" lat="1">
<core>NULL</core>
<MemPortIdVec></MemPortIdVec>
<condition id="-1">
<or_exp><and_exp></and_exp></or_exp>
</condition>

<Node id="86" bw="12" op_0_bw="32" op_1_bw="64" op_2_bw="64">
<![CDATA[
for.body348.split:29 %localC_27_addr = getelementptr i32 %localC_27, i64 0, i64 %zext_ln250

]]></Node>
<StgValue><ssdm name="localC_27_addr"/></StgValue>
</operation>

<operation id="84" st_id="5" stage="3" lat="3">
<core>RAM_2P_BRAM</core>
<MemPortIdVec></MemPortIdVec>
<condition id="-1">
<or_exp><and_exp></and_exp></or_exp>
</condition>

<Node id="87" bw="32" op_0_bw="12">
<![CDATA[
for.body348.split:30 %localC_load = load i12 %localC_addr

]]></Node>
<StgValue><ssdm name="localC_load"/></StgValue>
</operation>

<operation id="85" st_id="5" stage="3" lat="3">
<core>RAM_2P_BRAM</core>
<MemPortIdVec></MemPortIdVec>
<condition id="-1">
<or_exp><and_exp></and_exp></or_exp>
</condition>

<Node id="88" bw="32" op_0_bw="12">
<![CDATA[
for.body348.split:31 %localC_19_load = load i12 %localC_19_addr

]]></Node>
<StgValue><ssdm name="localC_19_load"/></StgValue>
</operation>

<operation id="86" st_id="5" stage="3" lat="3">
<core>RAM_2P_BRAM</core>
<MemPortIdVec></MemPortIdVec>
<condition id="-1">
<or_exp><and_exp></and_exp></or_exp>
</condition>

<Node id="89" bw="32" op_0_bw="12">
<![CDATA[
for.body348.split:32 %localC_20_load = load i12 %localC_20_addr

]]></Node>
<StgValue><ssdm name="localC_20_load"/></StgValue>
</operation>

<operation id="87" st_id="5" stage="3" lat="3">
<core>RAM_2P_BRAM</core>
<MemPortIdVec></MemPortIdVec>
<condition id="-1">
<or_exp><and_exp></and_exp></or_exp>
</condition>

<Node id="90" bw="32" op_0_bw="12">
<![CDATA[
for.body348.split:33 %localC_21_load = load i12 %localC_21_addr

]]></Node>
<StgValue><ssdm name="localC_21_load"/></StgValue>
</operation>

<operation id="88" st_id="5" stage="3" lat="3">
<core>RAM_2P_BRAM</core>
<MemPortIdVec></MemPortIdVec>
<condition id="-1">
<or_exp><and_exp></and_exp></or_exp>
</condition>

<Node id="91" bw="32" op_0_bw="12">
<![CDATA[
for.body348.split:34 %localC_22_load = load i12 %localC_22_addr

]]></Node>
<StgValue><ssdm name="localC_22_load"/></StgValue>
</operation>

<operation id="89" st_id="5" stage="3" lat="3">
<core>RAM_2P_BRAM</core>
<MemPortIdVec></MemPortIdVec>
<condition id="-1">
<or_exp><and_exp></and_exp></or_exp>
</condition>

<Node id="92" bw="32" op_0_bw="12">
<![CDATA[
for.body348.split:35 %localC_23_load = load i12 %localC_23_addr

]]></Node>
<StgValue><ssdm name="localC_23_load"/></StgValue>
</operation>

<operation id="90" st_id="5" stage="3" lat="3">
<core>RAM_2P_BRAM</core>
<MemPortIdVec></MemPortIdVec>
<condition id="-1">
<or_exp><and_exp></and_exp></or_exp>
</condition>

<Node id="93" bw="32" op_0_bw="12">
<![CDATA[
for.body348.split:36 %localC_24_load = load i12 %localC_24_addr

]]></Node>
<StgValue><ssdm name="localC_24_load"/></StgValue>
</operation>

<operation id="91" st_id="5" stage="3" lat="3">
<core>RAM_2P_BRAM</core>
<MemPortIdVec></MemPortIdVec>
<condition id="-1">
<or_exp><and_exp></and_exp></or_exp>
</condition>

<Node id="94" bw="32" op_0_bw="12">
<![CDATA[
for.body348.split:37 %localC_25_load = load i12 %localC_25_addr

]]></Node>
<StgValue><ssdm name="localC_25_load"/></StgValue>
</operation>

<operation id="92" st_id="5" stage="3" lat="3">
<core>RAM_2P_BRAM</core>
<MemPortIdVec></MemPortIdVec>
<condition id="-1">
<or_exp><and_exp></and_exp></or_exp>
</condition>

<Node id="95" bw="32" op_0_bw="12">
<![CDATA[
for.body348.split:38 %localC_26_load = load i12 %localC_26_addr

]]></Node>
<StgValue><ssdm name="localC_26_load"/></StgValue>
</operation>

<operation id="93" st_id="5" stage="3" lat="3">
<core>RAM_2P_BRAM</core>
<MemPortIdVec></MemPortIdVec>
<condition id="-1">
<or_exp><and_exp></and_exp></or_exp>
</condition>

<Node id="96" bw="32" op_0_bw="12">
<![CDATA[
for.body348.split:39 %localC_27_load = load i12 %localC_27_addr

]]></Node>
<StgValue><ssdm name="localC_27_load"/></StgValue>
</operation>

<operation id="94" st_id="5" stage="3" lat="3">
<core>RAM_2P_BRAM</core>
<MemPortIdVec></MemPortIdVec>
<condition id="-1">
<or_exp><and_exp></and_exp></or_exp>
</condition>

<Node id="97" bw="32" op_0_bw="12">
<![CDATA[
for.body348.split:40 %p_ZZ5mmultE6localC_10_load = load i12 %p_ZZ5mmultE6localC_10_addr

]]></Node>
<StgValue><ssdm name="p_ZZ5mmultE6localC_10_load"/></StgValue>
</operation>

<operation id="95" st_id="5" stage="3" lat="3">
<core>RAM_2P_BRAM</core>
<MemPortIdVec></MemPortIdVec>
<condition id="-1">
<or_exp><and_exp></and_exp></or_exp>
</condition>

<Node id="98" bw="32" op_0_bw="12">
<![CDATA[
for.body348.split:41 %mmult_localC_33 = load i12 %p_ZZ5mmultE6localC_11_addr

]]></Node>
<StgValue><ssdm name="mmult_localC_33"/></StgValue>
</operation>

<operation id="96" st_id="5" stage="3" lat="3">
<core>RAM_2P_BRAM</core>
<MemPortIdVec></MemPortIdVec>
<condition id="-1">
<or_exp><and_exp></and_exp></or_exp>
</condition>

<Node id="99" bw="32" op_0_bw="12">
<![CDATA[
for.body348.split:42 %mmult_localC_34 = load i12 %p_ZZ5mmultE6localC_12_addr

]]></Node>
<StgValue><ssdm name="mmult_localC_34"/></StgValue>
</operation>

<operation id="97" st_id="5" stage="3" lat="3">
<core>RAM_2P_BRAM</core>
<MemPortIdVec></MemPortIdVec>
<condition id="-1">
<or_exp><and_exp></and_exp></or_exp>
</condition>

<Node id="100" bw="32" op_0_bw="12">
<![CDATA[
for.body348.split:43 %mmult_localC_35 = load i12 %p_ZZ5mmultE6localC_13_addr

]]></Node>
<StgValue><ssdm name="mmult_localC_35"/></StgValue>
</operation>

<operation id="98" st_id="5" stage="3" lat="3">
<core>RAM_2P_BRAM</core>
<MemPortIdVec></MemPortIdVec>
<condition id="-1">
<or_exp><and_exp></and_exp></or_exp>
</condition>

<Node id="101" bw="32" op_0_bw="12">
<![CDATA[
for.body348.split:44 %mmult_localC_36 = load i12 %p_ZZ5mmultE6localC_14_addr

]]></Node>
<StgValue><ssdm name="mmult_localC_36"/></StgValue>
</operation>

<operation id="99" st_id="5" stage="3" lat="3">
<core>RAM_2P_BRAM</core>
<MemPortIdVec></MemPortIdVec>
<condition id="-1">
<or_exp><and_exp></and_exp></or_exp>
</condition>

<Node id="102" bw="32" op_0_bw="12">
<![CDATA[
for.body348.split:45 %mmult_localC_37 = load i12 %mmult_localC

]]></Node>
<StgValue><ssdm name="mmult_localC_37"/></StgValue>
</operation>
</state>

<state id="6" st_id="6">

<operation id="100" st_id="6" stage="2" lat="3">
<core>RAM_2P_BRAM</core>
<MemPortIdVec></MemPortIdVec>
<condition id="-1">
<or_exp><and_exp></and_exp></or_exp>
</condition>

<Node id="87" bw="32" op_0_bw="12">
<![CDATA[
for.body348.split:30 %localC_load = load i12 %localC_addr

]]></Node>
<StgValue><ssdm name="localC_load"/></StgValue>
</operation>

<operation id="101" st_id="6" stage="2" lat="3">
<core>RAM_2P_BRAM</core>
<MemPortIdVec></MemPortIdVec>
<condition id="-1">
<or_exp><and_exp></and_exp></or_exp>
</condition>

<Node id="88" bw="32" op_0_bw="12">
<![CDATA[
for.body348.split:31 %localC_19_load = load i12 %localC_19_addr

]]></Node>
<StgValue><ssdm name="localC_19_load"/></StgValue>
</operation>

<operation id="102" st_id="6" stage="2" lat="3">
<core>RAM_2P_BRAM</core>
<MemPortIdVec></MemPortIdVec>
<condition id="-1">
<or_exp><and_exp></and_exp></or_exp>
</condition>

<Node id="89" bw="32" op_0_bw="12">
<![CDATA[
for.body348.split:32 %localC_20_load = load i12 %localC_20_addr

]]></Node>
<StgValue><ssdm name="localC_20_load"/></StgValue>
</operation>

<operation id="103" st_id="6" stage="2" lat="3">
<core>RAM_2P_BRAM</core>
<MemPortIdVec></MemPortIdVec>
<condition id="-1">
<or_exp><and_exp></and_exp></or_exp>
</condition>

<Node id="90" bw="32" op_0_bw="12">
<![CDATA[
for.body348.split:33 %localC_21_load = load i12 %localC_21_addr

]]></Node>
<StgValue><ssdm name="localC_21_load"/></StgValue>
</operation>

<operation id="104" st_id="6" stage="2" lat="3">
<core>RAM_2P_BRAM</core>
<MemPortIdVec></MemPortIdVec>
<condition id="-1">
<or_exp><and_exp></and_exp></or_exp>
</condition>

<Node id="91" bw="32" op_0_bw="12">
<![CDATA[
for.body348.split:34 %localC_22_load = load i12 %localC_22_addr

]]></Node>
<StgValue><ssdm name="localC_22_load"/></StgValue>
</operation>

<operation id="105" st_id="6" stage="2" lat="3">
<core>RAM_2P_BRAM</core>
<MemPortIdVec></MemPortIdVec>
<condition id="-1">
<or_exp><and_exp></and_exp></or_exp>
</condition>

<Node id="92" bw="32" op_0_bw="12">
<![CDATA[
for.body348.split:35 %localC_23_load = load i12 %localC_23_addr

]]></Node>
<StgValue><ssdm name="localC_23_load"/></StgValue>
</operation>

<operation id="106" st_id="6" stage="2" lat="3">
<core>RAM_2P_BRAM</core>
<MemPortIdVec></MemPortIdVec>
<condition id="-1">
<or_exp><and_exp></and_exp></or_exp>
</condition>

<Node id="93" bw="32" op_0_bw="12">
<![CDATA[
for.body348.split:36 %localC_24_load = load i12 %localC_24_addr

]]></Node>
<StgValue><ssdm name="localC_24_load"/></StgValue>
</operation>

<operation id="107" st_id="6" stage="2" lat="3">
<core>RAM_2P_BRAM</core>
<MemPortIdVec></MemPortIdVec>
<condition id="-1">
<or_exp><and_exp></and_exp></or_exp>
</condition>

<Node id="94" bw="32" op_0_bw="12">
<![CDATA[
for.body348.split:37 %localC_25_load = load i12 %localC_25_addr

]]></Node>
<StgValue><ssdm name="localC_25_load"/></StgValue>
</operation>

<operation id="108" st_id="6" stage="2" lat="3">
<core>RAM_2P_BRAM</core>
<MemPortIdVec></MemPortIdVec>
<condition id="-1">
<or_exp><and_exp></and_exp></or_exp>
</condition>

<Node id="95" bw="32" op_0_bw="12">
<![CDATA[
for.body348.split:38 %localC_26_load = load i12 %localC_26_addr

]]></Node>
<StgValue><ssdm name="localC_26_load"/></StgValue>
</operation>

<operation id="109" st_id="6" stage="2" lat="3">
<core>RAM_2P_BRAM</core>
<MemPortIdVec></MemPortIdVec>
<condition id="-1">
<or_exp><and_exp></and_exp></or_exp>
</condition>

<Node id="96" bw="32" op_0_bw="12">
<![CDATA[
for.body348.split:39 %localC_27_load = load i12 %localC_27_addr

]]></Node>
<StgValue><ssdm name="localC_27_load"/></StgValue>
</operation>

<operation id="110" st_id="6" stage="2" lat="3">
<core>RAM_2P_BRAM</core>
<MemPortIdVec></MemPortIdVec>
<condition id="-1">
<or_exp><and_exp></and_exp></or_exp>
</condition>

<Node id="97" bw="32" op_0_bw="12">
<![CDATA[
for.body348.split:40 %p_ZZ5mmultE6localC_10_load = load i12 %p_ZZ5mmultE6localC_10_addr

]]></Node>
<StgValue><ssdm name="p_ZZ5mmultE6localC_10_load"/></StgValue>
</operation>

<operation id="111" st_id="6" stage="2" lat="3">
<core>RAM_2P_BRAM</core>
<MemPortIdVec></MemPortIdVec>
<condition id="-1">
<or_exp><and_exp></and_exp></or_exp>
</condition>

<Node id="98" bw="32" op_0_bw="12">
<![CDATA[
for.body348.split:41 %mmult_localC_33 = load i12 %p_ZZ5mmultE6localC_11_addr

]]></Node>
<StgValue><ssdm name="mmult_localC_33"/></StgValue>
</operation>

<operation id="112" st_id="6" stage="2" lat="3">
<core>RAM_2P_BRAM</core>
<MemPortIdVec></MemPortIdVec>
<condition id="-1">
<or_exp><and_exp></and_exp></or_exp>
</condition>

<Node id="99" bw="32" op_0_bw="12">
<![CDATA[
for.body348.split:42 %mmult_localC_34 = load i12 %p_ZZ5mmultE6localC_12_addr

]]></Node>
<StgValue><ssdm name="mmult_localC_34"/></StgValue>
</operation>

<operation id="113" st_id="6" stage="2" lat="3">
<core>RAM_2P_BRAM</core>
<MemPortIdVec></MemPortIdVec>
<condition id="-1">
<or_exp><and_exp></and_exp></or_exp>
</condition>

<Node id="100" bw="32" op_0_bw="12">
<![CDATA[
for.body348.split:43 %mmult_localC_35 = load i12 %p_ZZ5mmultE6localC_13_addr

]]></Node>
<StgValue><ssdm name="mmult_localC_35"/></StgValue>
</operation>

<operation id="114" st_id="6" stage="2" lat="3">
<core>RAM_2P_BRAM</core>
<MemPortIdVec></MemPortIdVec>
<condition id="-1">
<or_exp><and_exp></and_exp></or_exp>
</condition>

<Node id="101" bw="32" op_0_bw="12">
<![CDATA[
for.body348.split:44 %mmult_localC_36 = load i12 %p_ZZ5mmultE6localC_14_addr

]]></Node>
<StgValue><ssdm name="mmult_localC_36"/></StgValue>
</operation>

<operation id="115" st_id="6" stage="2" lat="3">
<core>RAM_2P_BRAM</core>
<MemPortIdVec></MemPortIdVec>
<condition id="-1">
<or_exp><and_exp></and_exp></or_exp>
</condition>

<Node id="102" bw="32" op_0_bw="12">
<![CDATA[
for.body348.split:45 %mmult_localC_37 = load i12 %mmult_localC

]]></Node>
<StgValue><ssdm name="mmult_localC_37"/></StgValue>
</operation>
</state>

<state id="7" st_id="7">

<operation id="116" st_id="7" stage="1" lat="3">
<core>RAM_2P_BRAM</core>
<MemPortIdVec></MemPortIdVec>
<condition id="-1">
<or_exp><and_exp></and_exp></or_exp>
</condition>

<Node id="87" bw="32" op_0_bw="12">
<![CDATA[
for.body348.split:30 %localC_load = load i12 %localC_addr

]]></Node>
<StgValue><ssdm name="localC_load"/></StgValue>
</operation>

<operation id="117" st_id="7" stage="1" lat="3">
<core>RAM_2P_BRAM</core>
<MemPortIdVec></MemPortIdVec>
<condition id="-1">
<or_exp><and_exp></and_exp></or_exp>
</condition>

<Node id="88" bw="32" op_0_bw="12">
<![CDATA[
for.body348.split:31 %localC_19_load = load i12 %localC_19_addr

]]></Node>
<StgValue><ssdm name="localC_19_load"/></StgValue>
</operation>

<operation id="118" st_id="7" stage="1" lat="3">
<core>RAM_2P_BRAM</core>
<MemPortIdVec></MemPortIdVec>
<condition id="-1">
<or_exp><and_exp></and_exp></or_exp>
</condition>

<Node id="89" bw="32" op_0_bw="12">
<![CDATA[
for.body348.split:32 %localC_20_load = load i12 %localC_20_addr

]]></Node>
<StgValue><ssdm name="localC_20_load"/></StgValue>
</operation>

<operation id="119" st_id="7" stage="1" lat="3">
<core>RAM_2P_BRAM</core>
<MemPortIdVec></MemPortIdVec>
<condition id="-1">
<or_exp><and_exp></and_exp></or_exp>
</condition>

<Node id="90" bw="32" op_0_bw="12">
<![CDATA[
for.body348.split:33 %localC_21_load = load i12 %localC_21_addr

]]></Node>
<StgValue><ssdm name="localC_21_load"/></StgValue>
</operation>

<operation id="120" st_id="7" stage="1" lat="3">
<core>RAM_2P_BRAM</core>
<MemPortIdVec></MemPortIdVec>
<condition id="-1">
<or_exp><and_exp></and_exp></or_exp>
</condition>

<Node id="91" bw="32" op_0_bw="12">
<![CDATA[
for.body348.split:34 %localC_22_load = load i12 %localC_22_addr

]]></Node>
<StgValue><ssdm name="localC_22_load"/></StgValue>
</operation>

<operation id="121" st_id="7" stage="1" lat="3">
<core>RAM_2P_BRAM</core>
<MemPortIdVec></MemPortIdVec>
<condition id="-1">
<or_exp><and_exp></and_exp></or_exp>
</condition>

<Node id="92" bw="32" op_0_bw="12">
<![CDATA[
for.body348.split:35 %localC_23_load = load i12 %localC_23_addr

]]></Node>
<StgValue><ssdm name="localC_23_load"/></StgValue>
</operation>

<operation id="122" st_id="7" stage="1" lat="3">
<core>RAM_2P_BRAM</core>
<MemPortIdVec></MemPortIdVec>
<condition id="-1">
<or_exp><and_exp></and_exp></or_exp>
</condition>

<Node id="93" bw="32" op_0_bw="12">
<![CDATA[
for.body348.split:36 %localC_24_load = load i12 %localC_24_addr

]]></Node>
<StgValue><ssdm name="localC_24_load"/></StgValue>
</operation>

<operation id="123" st_id="7" stage="1" lat="3">
<core>RAM_2P_BRAM</core>
<MemPortIdVec></MemPortIdVec>
<condition id="-1">
<or_exp><and_exp></and_exp></or_exp>
</condition>

<Node id="94" bw="32" op_0_bw="12">
<![CDATA[
for.body348.split:37 %localC_25_load = load i12 %localC_25_addr

]]></Node>
<StgValue><ssdm name="localC_25_load"/></StgValue>
</operation>

<operation id="124" st_id="7" stage="1" lat="3">
<core>RAM_2P_BRAM</core>
<MemPortIdVec></MemPortIdVec>
<condition id="-1">
<or_exp><and_exp></and_exp></or_exp>
</condition>

<Node id="95" bw="32" op_0_bw="12">
<![CDATA[
for.body348.split:38 %localC_26_load = load i12 %localC_26_addr

]]></Node>
<StgValue><ssdm name="localC_26_load"/></StgValue>
</operation>

<operation id="125" st_id="7" stage="1" lat="3">
<core>RAM_2P_BRAM</core>
<MemPortIdVec></MemPortIdVec>
<condition id="-1">
<or_exp><and_exp></and_exp></or_exp>
</condition>

<Node id="96" bw="32" op_0_bw="12">
<![CDATA[
for.body348.split:39 %localC_27_load = load i12 %localC_27_addr

]]></Node>
<StgValue><ssdm name="localC_27_load"/></StgValue>
</operation>

<operation id="126" st_id="7" stage="1" lat="3">
<core>RAM_2P_BRAM</core>
<MemPortIdVec></MemPortIdVec>
<condition id="-1">
<or_exp><and_exp></and_exp></or_exp>
</condition>

<Node id="97" bw="32" op_0_bw="12">
<![CDATA[
for.body348.split:40 %p_ZZ5mmultE6localC_10_load = load i12 %p_ZZ5mmultE6localC_10_addr

]]></Node>
<StgValue><ssdm name="p_ZZ5mmultE6localC_10_load"/></StgValue>
</operation>

<operation id="127" st_id="7" stage="1" lat="3">
<core>RAM_2P_BRAM</core>
<MemPortIdVec></MemPortIdVec>
<condition id="-1">
<or_exp><and_exp></and_exp></or_exp>
</condition>

<Node id="98" bw="32" op_0_bw="12">
<![CDATA[
for.body348.split:41 %mmult_localC_33 = load i12 %p_ZZ5mmultE6localC_11_addr

]]></Node>
<StgValue><ssdm name="mmult_localC_33"/></StgValue>
</operation>

<operation id="128" st_id="7" stage="1" lat="3">
<core>RAM_2P_BRAM</core>
<MemPortIdVec></MemPortIdVec>
<condition id="-1">
<or_exp><and_exp></and_exp></or_exp>
</condition>

<Node id="99" bw="32" op_0_bw="12">
<![CDATA[
for.body348.split:42 %mmult_localC_34 = load i12 %p_ZZ5mmultE6localC_12_addr

]]></Node>
<StgValue><ssdm name="mmult_localC_34"/></StgValue>
</operation>

<operation id="129" st_id="7" stage="1" lat="3">
<core>RAM_2P_BRAM</core>
<MemPortIdVec></MemPortIdVec>
<condition id="-1">
<or_exp><and_exp></and_exp></or_exp>
</condition>

<Node id="100" bw="32" op_0_bw="12">
<![CDATA[
for.body348.split:43 %mmult_localC_35 = load i12 %p_ZZ5mmultE6localC_13_addr

]]></Node>
<StgValue><ssdm name="mmult_localC_35"/></StgValue>
</operation>

<operation id="130" st_id="7" stage="1" lat="3">
<core>RAM_2P_BRAM</core>
<MemPortIdVec></MemPortIdVec>
<condition id="-1">
<or_exp><and_exp></and_exp></or_exp>
</condition>

<Node id="101" bw="32" op_0_bw="12">
<![CDATA[
for.body348.split:44 %mmult_localC_36 = load i12 %p_ZZ5mmultE6localC_14_addr

]]></Node>
<StgValue><ssdm name="mmult_localC_36"/></StgValue>
</operation>

<operation id="131" st_id="7" stage="1" lat="3">
<core>RAM_2P_BRAM</core>
<MemPortIdVec></MemPortIdVec>
<condition id="-1">
<or_exp><and_exp></and_exp></or_exp>
</condition>

<Node id="102" bw="32" op_0_bw="12">
<![CDATA[
for.body348.split:45 %mmult_localC_37 = load i12 %mmult_localC

]]></Node>
<StgValue><ssdm name="mmult_localC_37"/></StgValue>
</operation>

<operation id="132" st_id="7" stage="1" lat="1">
<core>Multiplexer</core>
<MemPortIdVec></MemPortIdVec>
<condition id="-1">
<or_exp><and_exp></and_exp></or_exp>
</condition>

<Node id="103" bw="32" op_0_bw="32" op_1_bw="32" op_2_bw="32" op_3_bw="32" op_4_bw="32" op_5_bw="32" op_6_bw="32" op_7_bw="32" op_8_bw="32" op_9_bw="32" op_10_bw="32" op_11_bw="32" op_12_bw="32" op_13_bw="32" op_14_bw="32" op_15_bw="32" op_16_bw="32" op_17_bw="4">
<![CDATA[
for.body348.split:46 %tmp = mux i32 @_ssdm_op_Mux.ap_auto.16float.i4, i32 %localC_load, i32 %localC_19_load, i32 %localC_20_load, i32 %localC_21_load, i32 %localC_22_load, i32 %localC_23_load, i32 %localC_24_load, i32 %localC_25_load, i32 %localC_26_load, i32 %localC_27_load, i32 %p_ZZ5mmultE6localC_10_load, i32 %mmult_localC_33, i32 %mmult_localC_34, i32 %mmult_localC_35, i32 %mmult_localC_36, i32 %mmult_localC_37, i4 %trunc_ln244

]]></Node>
<StgValue><ssdm name="tmp"/></StgValue>
</operation>
</state>

<state id="8" st_id="8">

<operation id="133" st_id="8" stage="1" lat="1">
<core>NULL</core>
<MemPortIdVec></MemPortIdVec>
<condition id="-1">
<or_exp><and_exp></and_exp></or_exp>
</condition>

<Node id="59" bw="0" op_0_bw="0" op_1_bw="32" op_2_bw="32" op_3_bw="32" op_4_bw="32" op_5_bw="0">
<![CDATA[
for.body348.split:2 %specpipeline_ln245 = specpipeline void @_ssdm_op_SpecPipeline, i32 1, i32 0, i32 0, i32 0, void @empty_16

]]></Node>
<StgValue><ssdm name="specpipeline_ln245"/></StgValue>
</operation>

<operation id="134" st_id="8" stage="1" lat="1">
<core>NULL</core>
<MemPortIdVec></MemPortIdVec>
<condition id="-1">
<or_exp><and_exp></and_exp></or_exp>
</condition>

<Node id="60" bw="0" op_0_bw="0" op_1_bw="0">
<![CDATA[
for.body348.split:3 %specloopname_ln244 = specloopname void @_ssdm_op_SpecLoopName, void @empty_6

]]></Node>
<StgValue><ssdm name="specloopname_ln244"/></StgValue>
</operation>

<operation id="135" st_id="8" stage="1" lat="1">
<core>NULL</core>
<MemPortIdVec></MemPortIdVec>
<condition id="-1">
<or_exp><and_exp></and_exp></or_exp>
</condition>

<Node id="104" bw="32" op_0_bw="32">
<![CDATA[
for.body348.split:47 %bitcast_ln250 = bitcast i32 %tmp

]]></Node>
<StgValue><ssdm name="bitcast_ln250"/></StgValue>
</operation>

<operation id="136" st_id="8" stage="1" lat="1">
<core>m_axi</core>
<MemPortIdVec></MemPortIdVec>
<condition id="-1">
<or_exp><and_exp></and_exp></or_exp>
</condition>

<Node id="105" bw="0" op_0_bw="0" op_1_bw="32" op_2_bw="32" op_3_bw="4" op_4_bw="0">
<![CDATA[
for.body348.split:48 %write_ln250 = write void @_ssdm_op_Write.m_axi.i32P1A, i32 %gmem2_addr, i32 %bitcast_ln250, i4 15

]]></Node>
<StgValue><ssdm name="write_ln250"/></StgValue>
</operation>

<operation id="137" st_id="8" stage="1" lat="1">
<core>NULL</core>
<MemPortIdVec></MemPortIdVec>
<condition id="-1">
<or_exp><and_exp></and_exp></or_exp>
</condition>

<Node id="110" bw="0" op_0_bw="0">
<![CDATA[
for.body348.split:53 %br_ln244 = br void %for.body348

]]></Node>
<StgValue><ssdm name="br_ln244"/></StgValue>
</operation>
</state>

<state id="9" st_id="9">

<operation id="138" st_id="9" stage="5" lat="5">
<core>m_axi</core>
<MemPortIdVec></MemPortIdVec>
<condition id="-1">
<or_exp><and_exp></and_exp></or_exp>
</condition>

<Node id="112" bw="1" op_0_bw="1" op_1_bw="32">
<![CDATA[
for.end362.exitStub:0 %p_wr_resp = writeresp i1 @_ssdm_op_WriteResp.m_axi.i32P1A, i32 %gmem2_addr

]]></Node>
<StgValue><ssdm name="p_wr_resp"/></StgValue>
</operation>
</state>

<state id="10" st_id="10">

<operation id="139" st_id="10" stage="4" lat="5">
<core>m_axi</core>
<MemPortIdVec></MemPortIdVec>
<condition id="-1">
<or_exp><and_exp></and_exp></or_exp>
</condition>

<Node id="112" bw="1" op_0_bw="1" op_1_bw="32">
<![CDATA[
for.end362.exitStub:0 %p_wr_resp = writeresp i1 @_ssdm_op_WriteResp.m_axi.i32P1A, i32 %gmem2_addr

]]></Node>
<StgValue><ssdm name="p_wr_resp"/></StgValue>
</operation>
</state>

<state id="11" st_id="11">

<operation id="140" st_id="11" stage="3" lat="5">
<core>m_axi</core>
<MemPortIdVec></MemPortIdVec>
<condition id="-1">
<or_exp><and_exp></and_exp></or_exp>
</condition>

<Node id="112" bw="1" op_0_bw="1" op_1_bw="32">
<![CDATA[
for.end362.exitStub:0 %p_wr_resp = writeresp i1 @_ssdm_op_WriteResp.m_axi.i32P1A, i32 %gmem2_addr

]]></Node>
<StgValue><ssdm name="p_wr_resp"/></StgValue>
</operation>
</state>

<state id="12" st_id="12">

<operation id="141" st_id="12" stage="2" lat="5">
<core>m_axi</core>
<MemPortIdVec></MemPortIdVec>
<condition id="-1">
<or_exp><and_exp></and_exp></or_exp>
</condition>

<Node id="112" bw="1" op_0_bw="1" op_1_bw="32">
<![CDATA[
for.end362.exitStub:0 %p_wr_resp = writeresp i1 @_ssdm_op_WriteResp.m_axi.i32P1A, i32 %gmem2_addr

]]></Node>
<StgValue><ssdm name="p_wr_resp"/></StgValue>
</operation>
</state>

<state id="13" st_id="13">

<operation id="142" st_id="13" stage="1" lat="5">
<core>m_axi</core>
<MemPortIdVec></MemPortIdVec>
<condition id="-1">
<or_exp><and_exp></and_exp></or_exp>
</condition>

<Node id="112" bw="1" op_0_bw="1" op_1_bw="32">
<![CDATA[
for.end362.exitStub:0 %p_wr_resp = writeresp i1 @_ssdm_op_WriteResp.m_axi.i32P1A, i32 %gmem2_addr

]]></Node>
<StgValue><ssdm name="p_wr_resp"/></StgValue>
</operation>

<operation id="143" st_id="13" stage="1" lat="1">
<core>NULL</core>
<MemPortIdVec></MemPortIdVec>
<condition id="-1">
<or_exp><and_exp></and_exp></or_exp>
</condition>

<Node id="113" bw="0">
<![CDATA[
for.end362.exitStub:1 %ret_ln0 = ret

]]></Node>
<StgValue><ssdm name="ret_ln0"/></StgValue>
</operation>
</state>
</state_list>


<ports>
</ports>


<dataflows>
</dataflows>


</stg>
