<profile>

<section name = "Vitis HLS Report for 'mmult_Pipeline_initC_VITIS_LOOP_77_1'" level="0">
<item name = "Date">Thu Dec 26 01:54:23 2024
</item>
<item name = "Version">2022.1 (Build 3526262 on Mon Apr 18 15:47:01 MDT 2022)</item>
<item name = "Project">q_matmul_k</item>
<item name = "Solution">solution1 (Vivado IP Flow Target)</item>
<item name = "Product family">virtexuplus</item>
<item name = "Target device">xcu50-fsvh2104-2-e</item>
</section>

<section name = "Performance Estimates" level="0">
<item name = "Timing">
<section name = "" level="1">
<item name = "Summary"><table name="" hasTotal="0">
<keys size="4">Clock, Target, Estimated, Uncertainty</keys>
<column name="ap_clk">10.00 ns, 2.004 ns, 2.70 ns</column>
</table>
</item>
</section>
</item>
<item name = "Latency">
<section name = "" level="1">
<item name = "Summary"><table name="" hasTotal="0">
<keys size="8">, min, max, min, max, min, max, Type</keys>
<column name="">38813, 38813, 0.388 ms, 0.388 ms, 38813, 38813, no</column>
</table>
</item>
<item name = "Detail">
<section name = "" level="1">
<item name = "Instance"><table name="" hasTotal="0">
<keys size="9">Instance, Module, min, max, min, max, min, max, Type</keys>
</table>
</item>
<item name = "Loop"><table name="" hasTotal="0">
<keys size="8">Loop Name, min, max, Latency, achieved, target, Count, Pipelined</keys>
<column name="- initC_VITIS_LOOP_77_1">38811, 38811, 4, 1, 1, 38809, yes</column>
</table>
</item>
</section>
</item>
</section>
</item>
</section>

<section name = "Utilization Estimates" level="0">
<item name = "Summary"><table name="" hasTotal="1">
<keys size="6">Name, BRAM_18K, DSP, FF, LUT, URAM</keys>
<column name="DSP">-, 1, -, -, -</column>
<column name="Expression">-, -, 0, 95, -</column>
<column name="FIFO">-, -, -, -, -</column>
<column name="Instance">-, -, -, -, -</column>
<column name="Memory">-, -, -, -, -</column>
<column name="Multiplexer">-, -, -, 72, -</column>
<column name="Register">-, -, 115, 32, -</column>
<specialColumn name="Available SLR">1344, 2976, 871680, 435840, 320</specialColumn>
<specialColumn name="Utilization SLR (%)">0, ~0, ~0, ~0, 0</specialColumn>
<specialColumn name="Available">2688, 5952, 1743360, 871680, 640</specialColumn>
<specialColumn name="Utilization (%)">0, ~0, ~0, ~0, 0</specialColumn>
</table>
</item>
<item name = "Detail">
<section name = "" level="1">
<item name = "Instance"><table name="" hasTotal="1">
<keys size="7">Instance, Module, BRAM_18K, DSP, FF, LUT, URAM</keys>
</table>
</item>
<item name = "DSP"><table name="" hasTotal="0">
<keys size="3">Instance, Module, Expression</keys>
<column name="mac_muladd_8ns_4ns_4ns_12_4_1_U89">mac_muladd_8ns_4ns_4ns_12_4_1, i0 * i1 + i2</column>
</table>
</item>
<item name = "Memory"><table name="" hasTotal="1">
<keys size="10">Memory, Module, BRAM_18K, FF, LUT, URAM, Words, Bits, Banks, W*Bits*Banks</keys>
</table>
</item>
<item name = "FIFO"><table name="" hasTotal="1">
<keys size="8">Name, BRAM_18K, FF, LUT, URAM, Depth, Bits, Size:D*B</keys>
</table>
</item>
<item name = "Expression"><table name="" hasTotal="1">
<keys size="7">Variable Name, Operation, DSP, FF, LUT, Bitwidth P0, Bitwidth P1</keys>
<column name="add_ln76_1_fu_436_p2">+, 0, 0, 23, 16, 1</column>
<column name="add_ln76_fu_448_p2">+, 0, 0, 15, 8, 1</column>
<column name="add_ln77_fu_494_p2">+, 0, 0, 15, 8, 1</column>
<column name="icmp_ln76_fu_430_p2">icmp, 0, 0, 13, 16, 16</column>
<column name="icmp_ln77_fu_454_p2">icmp, 0, 0, 11, 8, 7</column>
<column name="select_ln76_1_fu_468_p3">select, 0, 0, 8, 1, 8</column>
<column name="select_ln76_fu_460_p3">select, 0, 0, 8, 1, 1</column>
<column name="ap_enable_pp0">xor, 0, 0, 2, 1, 2</column>
</table>
</item>
<item name = "Multiplexer"><table name="" hasTotal="1">
<keys size="5">Name, LUT, Input Size, Bits, Total Bits</keys>
<column name="ap_done_int">9, 2, 1, 2</column>
<column name="ap_enable_reg_pp0_iter1">9, 2, 1, 2</column>
<column name="ap_sig_allocacmp_i_2_load">9, 2, 8, 16</column>
<column name="ap_sig_allocacmp_indvar_flatten_load">9, 2, 16, 32</column>
<column name="ap_sig_allocacmp_j_6_load">9, 2, 8, 16</column>
<column name="i_2_fu_116">9, 2, 8, 16</column>
<column name="indvar_flatten_fu_120">9, 2, 16, 32</column>
<column name="j_6_fu_112">9, 2, 8, 16</column>
</table>
</item>
<item name = "Register"><table name="" hasTotal="1">
<keys size="5">Name, FF, LUT, Bits, Const Bits</keys>
<column name="ap_CS_fsm">1, 0, 1, 0</column>
<column name="ap_done_reg">1, 0, 1, 0</column>
<column name="ap_enable_reg_pp0_iter1">1, 0, 1, 0</column>
<column name="ap_enable_reg_pp0_iter2">1, 0, 1, 0</column>
<column name="ap_enable_reg_pp0_iter3">1, 0, 1, 0</column>
<column name="ap_loop_exit_ready_pp0_iter1_reg">1, 0, 1, 0</column>
<column name="ap_loop_exit_ready_pp0_iter2_reg">1, 0, 1, 0</column>
<column name="i_2_fu_116">8, 0, 8, 0</column>
<column name="indvar_flatten_fu_120">16, 0, 16, 0</column>
<column name="j_6_fu_112">8, 0, 8, 0</column>
<column name="lshr_ln1_reg_576">4, 0, 4, 0</column>
<column name="lshr_ln1_reg_576_pp0_iter1_reg">4, 0, 4, 0</column>
<column name="trunc_ln79_reg_581">4, 0, 4, 0</column>
<column name="trunc_ln79_reg_581">64, 32, 4, 0</column>
</table>
</item>
</section>
</item>
</section>

<section name = "Interface" level="0">
<item name = "Summary"><table name="" hasTotal="0">
<keys size="6">RTL Ports, Dir, Bits, Protocol, Source Object, C Type</keys>
<column name="ap_clk">in, 1, ap_ctrl_hs, mmult_Pipeline_initC_VITIS_LOOP_77_1, return value</column>
<column name="ap_rst">in, 1, ap_ctrl_hs, mmult_Pipeline_initC_VITIS_LOOP_77_1, return value</column>
<column name="ap_start">in, 1, ap_ctrl_hs, mmult_Pipeline_initC_VITIS_LOOP_77_1, return value</column>
<column name="ap_done">out, 1, ap_ctrl_hs, mmult_Pipeline_initC_VITIS_LOOP_77_1, return value</column>
<column name="ap_idle">out, 1, ap_ctrl_hs, mmult_Pipeline_initC_VITIS_LOOP_77_1, return value</column>
<column name="ap_ready">out, 1, ap_ctrl_hs, mmult_Pipeline_initC_VITIS_LOOP_77_1, return value</column>
<column name="localC_address1">out, 12, ap_memory, localC, array</column>
<column name="localC_ce1">out, 1, ap_memory, localC, array</column>
<column name="localC_we1">out, 1, ap_memory, localC, array</column>
<column name="localC_d1">out, 32, ap_memory, localC, array</column>
<column name="localC_19_address1">out, 12, ap_memory, localC_19, array</column>
<column name="localC_19_ce1">out, 1, ap_memory, localC_19, array</column>
<column name="localC_19_we1">out, 1, ap_memory, localC_19, array</column>
<column name="localC_19_d1">out, 32, ap_memory, localC_19, array</column>
<column name="localC_20_address1">out, 12, ap_memory, localC_20, array</column>
<column name="localC_20_ce1">out, 1, ap_memory, localC_20, array</column>
<column name="localC_20_we1">out, 1, ap_memory, localC_20, array</column>
<column name="localC_20_d1">out, 32, ap_memory, localC_20, array</column>
<column name="localC_21_address1">out, 12, ap_memory, localC_21, array</column>
<column name="localC_21_ce1">out, 1, ap_memory, localC_21, array</column>
<column name="localC_21_we1">out, 1, ap_memory, localC_21, array</column>
<column name="localC_21_d1">out, 32, ap_memory, localC_21, array</column>
<column name="localC_22_address1">out, 12, ap_memory, localC_22, array</column>
<column name="localC_22_ce1">out, 1, ap_memory, localC_22, array</column>
<column name="localC_22_we1">out, 1, ap_memory, localC_22, array</column>
<column name="localC_22_d1">out, 32, ap_memory, localC_22, array</column>
<column name="localC_23_address1">out, 12, ap_memory, localC_23, array</column>
<column name="localC_23_ce1">out, 1, ap_memory, localC_23, array</column>
<column name="localC_23_we1">out, 1, ap_memory, localC_23, array</column>
<column name="localC_23_d1">out, 32, ap_memory, localC_23, array</column>
<column name="localC_24_address1">out, 12, ap_memory, localC_24, array</column>
<column name="localC_24_ce1">out, 1, ap_memory, localC_24, array</column>
<column name="localC_24_we1">out, 1, ap_memory, localC_24, array</column>
<column name="localC_24_d1">out, 32, ap_memory, localC_24, array</column>
<column name="localC_25_address1">out, 12, ap_memory, localC_25, array</column>
<column name="localC_25_ce1">out, 1, ap_memory, localC_25, array</column>
<column name="localC_25_we1">out, 1, ap_memory, localC_25, array</column>
<column name="localC_25_d1">out, 32, ap_memory, localC_25, array</column>
<column name="localC_26_address1">out, 12, ap_memory, localC_26, array</column>
<column name="localC_26_ce1">out, 1, ap_memory, localC_26, array</column>
<column name="localC_26_we1">out, 1, ap_memory, localC_26, array</column>
<column name="localC_26_d1">out, 32, ap_memory, localC_26, array</column>
<column name="localC_27_address1">out, 12, ap_memory, localC_27, array</column>
<column name="localC_27_ce1">out, 1, ap_memory, localC_27, array</column>
<column name="localC_27_we1">out, 1, ap_memory, localC_27, array</column>
<column name="localC_27_d1">out, 32, ap_memory, localC_27, array</column>
<column name="p_ZZ5mmultE6localC_10_address1">out, 12, ap_memory, p_ZZ5mmultE6localC_10, array</column>
<column name="p_ZZ5mmultE6localC_10_ce1">out, 1, ap_memory, p_ZZ5mmultE6localC_10, array</column>
<column name="p_ZZ5mmultE6localC_10_we1">out, 1, ap_memory, p_ZZ5mmultE6localC_10, array</column>
<column name="p_ZZ5mmultE6localC_10_d1">out, 32, ap_memory, p_ZZ5mmultE6localC_10, array</column>
<column name="p_ZZ5mmultE6localC_11_address1">out, 12, ap_memory, p_ZZ5mmultE6localC_11, array</column>
<column name="p_ZZ5mmultE6localC_11_ce1">out, 1, ap_memory, p_ZZ5mmultE6localC_11, array</column>
<column name="p_ZZ5mmultE6localC_11_we1">out, 1, ap_memory, p_ZZ5mmultE6localC_11, array</column>
<column name="p_ZZ5mmultE6localC_11_d1">out, 32, ap_memory, p_ZZ5mmultE6localC_11, array</column>
<column name="p_ZZ5mmultE6localC_12_address1">out, 12, ap_memory, p_ZZ5mmultE6localC_12, array</column>
<column name="p_ZZ5mmultE6localC_12_ce1">out, 1, ap_memory, p_ZZ5mmultE6localC_12, array</column>
<column name="p_ZZ5mmultE6localC_12_we1">out, 1, ap_memory, p_ZZ5mmultE6localC_12, array</column>
<column name="p_ZZ5mmultE6localC_12_d1">out, 32, ap_memory, p_ZZ5mmultE6localC_12, array</column>
<column name="p_ZZ5mmultE6localC_13_address1">out, 12, ap_memory, p_ZZ5mmultE6localC_13, array</column>
<column name="p_ZZ5mmultE6localC_13_ce1">out, 1, ap_memory, p_ZZ5mmultE6localC_13, array</column>
<column name="p_ZZ5mmultE6localC_13_we1">out, 1, ap_memory, p_ZZ5mmultE6localC_13, array</column>
<column name="p_ZZ5mmultE6localC_13_d1">out, 32, ap_memory, p_ZZ5mmultE6localC_13, array</column>
<column name="p_ZZ5mmultE6localC_14_address1">out, 12, ap_memory, p_ZZ5mmultE6localC_14, array</column>
<column name="p_ZZ5mmultE6localC_14_ce1">out, 1, ap_memory, p_ZZ5mmultE6localC_14, array</column>
<column name="p_ZZ5mmultE6localC_14_we1">out, 1, ap_memory, p_ZZ5mmultE6localC_14, array</column>
<column name="p_ZZ5mmultE6localC_14_d1">out, 32, ap_memory, p_ZZ5mmultE6localC_14, array</column>
<column name="p_ZZ5mmultE6localC_15_address1">out, 12, ap_memory, p_ZZ5mmultE6localC_15, array</column>
<column name="p_ZZ5mmultE6localC_15_ce1">out, 1, ap_memory, p_ZZ5mmultE6localC_15, array</column>
<column name="p_ZZ5mmultE6localC_15_we1">out, 1, ap_memory, p_ZZ5mmultE6localC_15, array</column>
<column name="p_ZZ5mmultE6localC_15_d1">out, 32, ap_memory, p_ZZ5mmultE6localC_15, array</column>
</table>
</item>
</section>
</profile>
