<profile>

<section name = "Vitis HLS Report for 'mmult_Pipeline_writeC'" level="0">
<item name = "Date">Thu Dec 26 01:54:53 2024
</item>
<item name = "Version">2022.1 (Build 3526262 on Mon Apr 18 15:47:01 MDT 2022)</item>
<item name = "Project">q_matmul_k</item>
<item name = "Solution">solution1 (Vivado IP Flow Target)</item>
<item name = "Product family">virtexuplus</item>
<item name = "Target device">xcu50-fsvh2104-2-e</item>
</section>

<section name = "Performance Estimates" level="0">
<item name = "Timing">
<section name = "" level="1">
<item name = "Summary"><table name="" hasTotal="0">
<keys size="4">Clock, Target, Estimated, Uncertainty</keys>
<column name="ap_clk">10.00 ns, 7.300 ns, 2.70 ns</column>
</table>
</item>
</section>
</item>
<item name = "Latency">
<section name = "" level="1">
<item name = "Summary"><table name="" hasTotal="0">
<keys size="8">, min, max, min, max, min, max, Type</keys>
<column name="">38820, 38820, 0.388 ms, 0.388 ms, 38820, 38820, no</column>
</table>
</item>
<item name = "Detail">
<section name = "" level="1">
<item name = "Instance"><table name="" hasTotal="0">
<keys size="9">Instance, Module, min, max, min, max, min, max, Type</keys>
</table>
</item>
<item name = "Loop"><table name="" hasTotal="0">
<keys size="8">Loop Name, min, max, Latency, achieved, target, Count, Pipelined</keys>
<column name="- writeC">38814, 38814, 7, 1, 1, 38809, yes</column>
</table>
</item>
</section>
</item>
</section>
</item>
</section>

<section name = "Utilization Estimates" level="0">
<item name = "Summary"><table name="" hasTotal="1">
<keys size="6">Name, BRAM_18K, DSP, FF, LUT, URAM</keys>
<column name="DSP">-, 1, -, -, -</column>
<column name="Expression">-, -, 0, 204, -</column>
<column name="FIFO">-, -, -, -, -</column>
<column name="Instance">-, -, 0, 65, -</column>
<column name="Memory">-, -, -, -, -</column>
<column name="Multiplexer">-, -, -, 115, -</column>
<column name="Register">-, -, 218, 32, -</column>
<specialColumn name="Available SLR">1344, 2976, 871680, 435840, 320</specialColumn>
<specialColumn name="Utilization SLR (%)">0, ~0, ~0, ~0, 0</specialColumn>
<specialColumn name="Available">2688, 5952, 1743360, 871680, 640</specialColumn>
<specialColumn name="Utilization (%)">0, ~0, ~0, ~0, 0</specialColumn>
</table>
</item>
<item name = "Detail">
<section name = "" level="1">
<item name = "Instance"><table name="" hasTotal="1">
<keys size="7">Instance, Module, BRAM_18K, DSP, FF, LUT, URAM</keys>
<column name="mux_164_32_1_1_U7915">mux_164_32_1_1, 0, 0, 0, 65, 0</column>
</table>
</item>
<item name = "DSP"><table name="" hasTotal="0">
<keys size="3">Instance, Module, Expression</keys>
<column name="mac_muladd_12s_4ns_12ns_12_4_1_U7916">mac_muladd_12s_4ns_12ns_12_4_1, i0 * i1 + i2</column>
</table>
</item>
<item name = "Memory"><table name="" hasTotal="1">
<keys size="10">Memory, Module, BRAM_18K, FF, LUT, URAM, Words, Bits, Banks, W*Bits*Banks</keys>
</table>
</item>
<item name = "FIFO"><table name="" hasTotal="1">
<keys size="8">Name, BRAM_18K, FF, LUT, URAM, Depth, Bits, Size:D*B</keys>
</table>
</item>
<item name = "Expression"><table name="" hasTotal="1">
<keys size="7">Variable Name, Operation, DSP, FF, LUT, Bitwidth P0, Bitwidth P1</keys>
<column name="add_ln244_fu_393_p2">+, 0, 0, 23, 16, 1</column>
<column name="add_ln247_fu_411_p2">+, 0, 0, 39, 32, 1</column>
<column name="j_2_fu_451_p2">+, 0, 0, 39, 32, 1</column>
<column name="ap_block_pp0_stage0_11001">and, 0, 0, 2, 1, 1</column>
<column name="icmp_ln244_fu_387_p2">icmp, 0, 0, 13, 16, 16</column>
<column name="icmp_ln246_fu_405_p2">icmp, 0, 0, 20, 32, 8</column>
<column name="i_1_fu_417_p3">select, 0, 0, 32, 1, 32</column>
<column name="j_1_fu_425_p3">select, 0, 0, 32, 1, 1</column>
<column name="ap_enable_pp0">xor, 0, 0, 2, 1, 2</column>
<column name="ap_enable_reg_pp0_iter1">xor, 0, 0, 2, 2, 1</column>
</table>
</item>
<item name = "Multiplexer"><table name="" hasTotal="1">
<keys size="5">Name, LUT, Input Size, Bits, Total Bits</keys>
<column name="ap_NS_fsm">43, 8, 1, 8</column>
<column name="ap_enable_reg_pp0_iter1">9, 2, 1, 2</column>
<column name="ap_enable_reg_pp0_iter6">9, 2, 1, 2</column>
<column name="gmem2_blk_n_AW">9, 2, 1, 2</column>
<column name="gmem2_blk_n_B">9, 2, 1, 2</column>
<column name="gmem2_blk_n_W">9, 2, 1, 2</column>
<column name="i_fu_110">9, 2, 32, 64</column>
<column name="j_fu_114">9, 2, 32, 64</column>
<column name="loc_fu_118">9, 2, 16, 32</column>
</table>
</item>
<item name = "Register"><table name="" hasTotal="1">
<keys size="5">Name, FF, LUT, Bits, Const Bits</keys>
<column name="ap_CS_fsm">7, 0, 7, 0</column>
<column name="ap_enable_reg_pp0_iter0">1, 0, 1, 0</column>
<column name="ap_enable_reg_pp0_iter1">1, 0, 1, 0</column>
<column name="ap_enable_reg_pp0_iter2">1, 0, 1, 0</column>
<column name="ap_enable_reg_pp0_iter3">1, 0, 1, 0</column>
<column name="ap_enable_reg_pp0_iter4">1, 0, 1, 0</column>
<column name="ap_enable_reg_pp0_iter5">1, 0, 1, 0</column>
<column name="ap_enable_reg_pp0_iter6">1, 0, 1, 0</column>
<column name="i_fu_110">32, 0, 32, 0</column>
<column name="j_fu_114">32, 0, 32, 0</column>
<column name="loc_fu_118">16, 0, 16, 0</column>
<column name="lshr_ln2_reg_580">12, 0, 12, 0</column>
<column name="lshr_ln2_reg_580_pp0_iter1_reg">12, 0, 12, 0</column>
<column name="tmp_reg_665">32, 0, 32, 0</column>
<column name="trunc_ln244_reg_570">4, 0, 4, 0</column>
<column name="trunc_ln244_reg_570">64, 32, 4, 0</column>
</table>
</item>
</section>
</item>
</section>

<section name = "Interface" level="0">
<item name = "Summary"><table name="" hasTotal="0">
<keys size="6">RTL Ports, Dir, Bits, Protocol, Source Object, C Type</keys>
<column name="ap_clk">in, 1, ap_ctrl_hs, mmult_Pipeline_writeC, return value</column>
<column name="ap_rst">in, 1, ap_ctrl_hs, mmult_Pipeline_writeC, return value</column>
<column name="ap_start">in, 1, ap_ctrl_hs, mmult_Pipeline_writeC, return value</column>
<column name="ap_done">out, 1, ap_ctrl_hs, mmult_Pipeline_writeC, return value</column>
<column name="ap_idle">out, 1, ap_ctrl_hs, mmult_Pipeline_writeC, return value</column>
<column name="ap_ready">out, 1, ap_ctrl_hs, mmult_Pipeline_writeC, return value</column>
<column name="m_axi_gmem2_AWVALID">out, 1, m_axi, gmem2, pointer</column>
<column name="m_axi_gmem2_AWREADY">in, 1, m_axi, gmem2, pointer</column>
<column name="m_axi_gmem2_AWADDR">out, 64, m_axi, gmem2, pointer</column>
<column name="m_axi_gmem2_AWID">out, 1, m_axi, gmem2, pointer</column>
<column name="m_axi_gmem2_AWLEN">out, 32, m_axi, gmem2, pointer</column>
<column name="m_axi_gmem2_AWSIZE">out, 3, m_axi, gmem2, pointer</column>
<column name="m_axi_gmem2_AWBURST">out, 2, m_axi, gmem2, pointer</column>
<column name="m_axi_gmem2_AWLOCK">out, 2, m_axi, gmem2, pointer</column>
<column name="m_axi_gmem2_AWCACHE">out, 4, m_axi, gmem2, pointer</column>
<column name="m_axi_gmem2_AWPROT">out, 3, m_axi, gmem2, pointer</column>
<column name="m_axi_gmem2_AWQOS">out, 4, m_axi, gmem2, pointer</column>
<column name="m_axi_gmem2_AWREGION">out, 4, m_axi, gmem2, pointer</column>
<column name="m_axi_gmem2_AWUSER">out, 1, m_axi, gmem2, pointer</column>
<column name="m_axi_gmem2_WVALID">out, 1, m_axi, gmem2, pointer</column>
<column name="m_axi_gmem2_WREADY">in, 1, m_axi, gmem2, pointer</column>
<column name="m_axi_gmem2_WDATA">out, 32, m_axi, gmem2, pointer</column>
<column name="m_axi_gmem2_WSTRB">out, 4, m_axi, gmem2, pointer</column>
<column name="m_axi_gmem2_WLAST">out, 1, m_axi, gmem2, pointer</column>
<column name="m_axi_gmem2_WID">out, 1, m_axi, gmem2, pointer</column>
<column name="m_axi_gmem2_WUSER">out, 1, m_axi, gmem2, pointer</column>
<column name="m_axi_gmem2_ARVALID">out, 1, m_axi, gmem2, pointer</column>
<column name="m_axi_gmem2_ARREADY">in, 1, m_axi, gmem2, pointer</column>
<column name="m_axi_gmem2_ARADDR">out, 64, m_axi, gmem2, pointer</column>
<column name="m_axi_gmem2_ARID">out, 1, m_axi, gmem2, pointer</column>
<column name="m_axi_gmem2_ARLEN">out, 32, m_axi, gmem2, pointer</column>
<column name="m_axi_gmem2_ARSIZE">out, 3, m_axi, gmem2, pointer</column>
<column name="m_axi_gmem2_ARBURST">out, 2, m_axi, gmem2, pointer</column>
<column name="m_axi_gmem2_ARLOCK">out, 2, m_axi, gmem2, pointer</column>
<column name="m_axi_gmem2_ARCACHE">out, 4, m_axi, gmem2, pointer</column>
<column name="m_axi_gmem2_ARPROT">out, 3, m_axi, gmem2, pointer</column>
<column name="m_axi_gmem2_ARQOS">out, 4, m_axi, gmem2, pointer</column>
<column name="m_axi_gmem2_ARREGION">out, 4, m_axi, gmem2, pointer</column>
<column name="m_axi_gmem2_ARUSER">out, 1, m_axi, gmem2, pointer</column>
<column name="m_axi_gmem2_RVALID">in, 1, m_axi, gmem2, pointer</column>
<column name="m_axi_gmem2_RREADY">out, 1, m_axi, gmem2, pointer</column>
<column name="m_axi_gmem2_RDATA">in, 32, m_axi, gmem2, pointer</column>
<column name="m_axi_gmem2_RLAST">in, 1, m_axi, gmem2, pointer</column>
<column name="m_axi_gmem2_RID">in, 1, m_axi, gmem2, pointer</column>
<column name="m_axi_gmem2_RFIFONUM">in, 9, m_axi, gmem2, pointer</column>
<column name="m_axi_gmem2_RUSER">in, 1, m_axi, gmem2, pointer</column>
<column name="m_axi_gmem2_RRESP">in, 2, m_axi, gmem2, pointer</column>
<column name="m_axi_gmem2_BVALID">in, 1, m_axi, gmem2, pointer</column>
<column name="m_axi_gmem2_BREADY">out, 1, m_axi, gmem2, pointer</column>
<column name="m_axi_gmem2_BRESP">in, 2, m_axi, gmem2, pointer</column>
<column name="m_axi_gmem2_BID">in, 1, m_axi, gmem2, pointer</column>
<column name="m_axi_gmem2_BUSER">in, 1, m_axi, gmem2, pointer</column>
<column name="sext_ln250">in, 62, ap_none, sext_ln250, scalar</column>
<column name="c">in, 64, ap_none, c, scalar</column>
<column name="localC_address0">out, 12, ap_memory, localC, array</column>
<column name="localC_ce0">out, 1, ap_memory, localC, array</column>
<column name="localC_q0">in, 32, ap_memory, localC, array</column>
<column name="localC_19_address0">out, 12, ap_memory, localC_19, array</column>
<column name="localC_19_ce0">out, 1, ap_memory, localC_19, array</column>
<column name="localC_19_q0">in, 32, ap_memory, localC_19, array</column>
<column name="localC_20_address0">out, 12, ap_memory, localC_20, array</column>
<column name="localC_20_ce0">out, 1, ap_memory, localC_20, array</column>
<column name="localC_20_q0">in, 32, ap_memory, localC_20, array</column>
<column name="localC_21_address0">out, 12, ap_memory, localC_21, array</column>
<column name="localC_21_ce0">out, 1, ap_memory, localC_21, array</column>
<column name="localC_21_q0">in, 32, ap_memory, localC_21, array</column>
<column name="localC_22_address0">out, 12, ap_memory, localC_22, array</column>
<column name="localC_22_ce0">out, 1, ap_memory, localC_22, array</column>
<column name="localC_22_q0">in, 32, ap_memory, localC_22, array</column>
<column name="localC_23_address0">out, 12, ap_memory, localC_23, array</column>
<column name="localC_23_ce0">out, 1, ap_memory, localC_23, array</column>
<column name="localC_23_q0">in, 32, ap_memory, localC_23, array</column>
<column name="localC_24_address0">out, 12, ap_memory, localC_24, array</column>
<column name="localC_24_ce0">out, 1, ap_memory, localC_24, array</column>
<column name="localC_24_q0">in, 32, ap_memory, localC_24, array</column>
<column name="localC_25_address0">out, 12, ap_memory, localC_25, array</column>
<column name="localC_25_ce0">out, 1, ap_memory, localC_25, array</column>
<column name="localC_25_q0">in, 32, ap_memory, localC_25, array</column>
<column name="localC_26_address0">out, 12, ap_memory, localC_26, array</column>
<column name="localC_26_ce0">out, 1, ap_memory, localC_26, array</column>
<column name="localC_26_q0">in, 32, ap_memory, localC_26, array</column>
<column name="localC_27_address0">out, 12, ap_memory, localC_27, array</column>
<column name="localC_27_ce0">out, 1, ap_memory, localC_27, array</column>
<column name="localC_27_q0">in, 32, ap_memory, localC_27, array</column>
<column name="p_ZZ5mmultE6localC_10_address0">out, 12, ap_memory, p_ZZ5mmultE6localC_10, array</column>
<column name="p_ZZ5mmultE6localC_10_ce0">out, 1, ap_memory, p_ZZ5mmultE6localC_10, array</column>
<column name="p_ZZ5mmultE6localC_10_q0">in, 32, ap_memory, p_ZZ5mmultE6localC_10, array</column>
<column name="p_ZZ5mmultE6localC_11_address0">out, 12, ap_memory, p_ZZ5mmultE6localC_11, array</column>
<column name="p_ZZ5mmultE6localC_11_ce0">out, 1, ap_memory, p_ZZ5mmultE6localC_11, array</column>
<column name="p_ZZ5mmultE6localC_11_q0">in, 32, ap_memory, p_ZZ5mmultE6localC_11, array</column>
<column name="p_ZZ5mmultE6localC_12_address0">out, 12, ap_memory, p_ZZ5mmultE6localC_12, array</column>
<column name="p_ZZ5mmultE6localC_12_ce0">out, 1, ap_memory, p_ZZ5mmultE6localC_12, array</column>
<column name="p_ZZ5mmultE6localC_12_q0">in, 32, ap_memory, p_ZZ5mmultE6localC_12, array</column>
<column name="p_ZZ5mmultE6localC_13_address0">out, 12, ap_memory, p_ZZ5mmultE6localC_13, array</column>
<column name="p_ZZ5mmultE6localC_13_ce0">out, 1, ap_memory, p_ZZ5mmultE6localC_13, array</column>
<column name="p_ZZ5mmultE6localC_13_q0">in, 32, ap_memory, p_ZZ5mmultE6localC_13, array</column>
<column name="p_ZZ5mmultE6localC_14_address0">out, 12, ap_memory, p_ZZ5mmultE6localC_14, array</column>
<column name="p_ZZ5mmultE6localC_14_ce0">out, 1, ap_memory, p_ZZ5mmultE6localC_14, array</column>
<column name="p_ZZ5mmultE6localC_14_q0">in, 32, ap_memory, p_ZZ5mmultE6localC_14, array</column>
<column name="p_ZZ5mmultE6localC_15_address0">out, 12, ap_memory, p_ZZ5mmultE6localC_15, array</column>
<column name="p_ZZ5mmultE6localC_15_ce0">out, 1, ap_memory, p_ZZ5mmultE6localC_15, array</column>
<column name="p_ZZ5mmultE6localC_15_q0">in, 32, ap_memory, p_ZZ5mmultE6localC_15, array</column>
</table>
</item>
</section>
</profile>
