<profile>

<section name = "Vitis HLS Report for 'mmult_Pipeline_VITIS_LOOP_223_16'" level="0">
<item name = "Date">Thu Dec 26 01:54:52 2024
</item>
<item name = "Version">2022.1 (Build 3526262 on Mon Apr 18 15:47:01 MDT 2022)</item>
<item name = "Project">q_matmul_k</item>
<item name = "Solution">solution1 (Vivado IP Flow Target)</item>
<item name = "Product family">virtexuplus</item>
<item name = "Target device">xcu50-fsvh2104-2-e</item>
</section>

<section name = "Performance Estimates" level="0">
<item name = "Timing">
<section name = "" level="1">
<item name = "Summary"><table name="" hasTotal="0">
<keys size="4">Clock, Target, Estimated, Uncertainty</keys>
<column name="ap_clk">10.00 ns, 6.149 ns, 2.70 ns</column>
</table>
</item>
</section>
</item>
<item name = "Latency">
<section name = "" level="1">
<item name = "Summary"><table name="" hasTotal="0">
<keys size="8">, min, max, min, max, min, max, Type</keys>
<column name="">26, 26, 0.260 us, 0.260 us, 26, 26, no</column>
</table>
</item>
<item name = "Detail">
<section name = "" level="1">
<item name = "Instance"><table name="" hasTotal="0">
<keys size="9">Instance, Module, min, max, min, max, min, max, Type</keys>
</table>
</item>
<item name = "Loop"><table name="" hasTotal="0">
<keys size="8">Loop Name, min, max, Latency, achieved, target, Count, Pipelined</keys>
<column name="- VITIS_LOOP_223_16">24, 24, 10, 1, 1, 16, yes</column>
</table>
</item>
</section>
</item>
</section>
</item>
</section>

<section name = "Utilization Estimates" level="0">
<item name = "Summary"><table name="" hasTotal="1">
<keys size="6">Name, BRAM_18K, DSP, FF, LUT, URAM</keys>
<column name="DSP">-, 1, -, -, -</column>
<column name="Expression">-, -, 0, 72, -</column>
<column name="FIFO">-, -, -, -, -</column>
<column name="Instance">-, -, 0, 1040, -</column>
<column name="Memory">-, -, -, -, -</column>
<column name="Multiplexer">-, -, -, 36, -</column>
<column name="Register">-, -, 4584, 1408, -</column>
<specialColumn name="Available SLR">1344, 2976, 871680, 435840, 320</specialColumn>
<specialColumn name="Utilization SLR (%)">0, ~0, ~0, ~0, 0</specialColumn>
<specialColumn name="Available">2688, 5952, 1743360, 871680, 640</specialColumn>
<specialColumn name="Utilization (%)">0, ~0, ~0, ~0, 0</specialColumn>
</table>
</item>
<item name = "Detail">
<section name = "" level="1">
<item name = "Instance"><table name="" hasTotal="1">
<keys size="7">Instance, Module, BRAM_18K, DSP, FF, LUT, URAM</keys>
<column name="mux_165_32_1_1_U7612">mux_165_32_1_1, 0, 0, 0, 65, 0</column>
<column name="mux_165_32_1_1_U7613">mux_165_32_1_1, 0, 0, 0, 65, 0</column>
<column name="mux_165_32_1_1_U7614">mux_165_32_1_1, 0, 0, 0, 65, 0</column>
<column name="mux_165_32_1_1_U7615">mux_165_32_1_1, 0, 0, 0, 65, 0</column>
<column name="mux_165_32_1_1_U7616">mux_165_32_1_1, 0, 0, 0, 65, 0</column>
<column name="mux_165_32_1_1_U7617">mux_165_32_1_1, 0, 0, 0, 65, 0</column>
<column name="mux_165_32_1_1_U7618">mux_165_32_1_1, 0, 0, 0, 65, 0</column>
<column name="mux_165_32_1_1_U7619">mux_165_32_1_1, 0, 0, 0, 65, 0</column>
<column name="mux_165_32_1_1_U7620">mux_165_32_1_1, 0, 0, 0, 65, 0</column>
<column name="mux_165_32_1_1_U7621">mux_165_32_1_1, 0, 0, 0, 65, 0</column>
<column name="mux_165_32_1_1_U7622">mux_165_32_1_1, 0, 0, 0, 65, 0</column>
<column name="mux_165_32_1_1_U7623">mux_165_32_1_1, 0, 0, 0, 65, 0</column>
<column name="mux_165_32_1_1_U7624">mux_165_32_1_1, 0, 0, 0, 65, 0</column>
<column name="mux_165_32_1_1_U7625">mux_165_32_1_1, 0, 0, 0, 65, 0</column>
<column name="mux_165_32_1_1_U7626">mux_165_32_1_1, 0, 0, 0, 65, 0</column>
<column name="mux_165_32_1_1_U7627">mux_165_32_1_1, 0, 0, 0, 65, 0</column>
</table>
</item>
<item name = "DSP"><table name="" hasTotal="0">
<keys size="3">Instance, Module, Expression</keys>
<column name="mac_muladd_8ns_4ns_4ns_12_4_1_U7628">mac_muladd_8ns_4ns_4ns_12_4_1, i0 * i1 + i2</column>
</table>
</item>
<item name = "Memory"><table name="" hasTotal="1">
<keys size="10">Memory, Module, BRAM_18K, FF, LUT, URAM, Words, Bits, Banks, W*Bits*Banks</keys>
</table>
</item>
<item name = "FIFO"><table name="" hasTotal="1">
<keys size="8">Name, BRAM_18K, FF, LUT, URAM, Depth, Bits, Size:D*B</keys>
</table>
</item>
<item name = "Expression"><table name="" hasTotal="1">
<keys size="7">Variable Name, Operation, DSP, FF, LUT, Bitwidth P0, Bitwidth P1</keys>
<column name="add_ln223_fu_2588_p2">+, 0, 0, 12, 5, 1</column>
<column name="empty_80_fu_2598_p2">+, 0, 0, 15, 8, 8</column>
<column name="and_ln229_10_fu_3244_p2">and, 0, 0, 2, 1, 1</column>
<column name="and_ln229_1_fu_2848_p2">and, 0, 0, 2, 1, 1</column>
<column name="and_ln229_2_fu_2892_p2">and, 0, 0, 2, 1, 1</column>
<column name="and_ln229_3_fu_2936_p2">and, 0, 0, 2, 1, 1</column>
<column name="and_ln229_4_fu_2980_p2">and, 0, 0, 2, 1, 1</column>
<column name="and_ln229_5_fu_3024_p2">and, 0, 0, 2, 1, 1</column>
<column name="and_ln229_6_fu_3068_p2">and, 0, 0, 2, 1, 1</column>
<column name="and_ln229_7_fu_3112_p2">and, 0, 0, 2, 1, 1</column>
<column name="and_ln229_8_fu_3156_p2">and, 0, 0, 2, 1, 1</column>
<column name="and_ln229_9_fu_3200_p2">and, 0, 0, 2, 1, 1</column>
<column name="and_ln229_fu_2804_p2">and, 0, 0, 2, 1, 1</column>
<column name="cmp316_fu_2608_p2">icmp, 0, 0, 11, 8, 7</column>
<column name="icmp_ln223_fu_2582_p2">icmp, 0, 0, 10, 5, 6</column>
<column name="ap_enable_pp0">xor, 0, 0, 2, 1, 2</column>
</table>
</item>
<item name = "Multiplexer"><table name="" hasTotal="1">
<keys size="5">Name, LUT, Input Size, Bits, Total Bits</keys>
<column name="ap_done_int">9, 2, 1, 2</column>
<column name="ap_enable_reg_pp0_iter1">9, 2, 1, 2</column>
<column name="ap_sig_allocacmp_i_7">9, 2, 5, 10</column>
<column name="i_fu_616">9, 2, 5, 10</column>
</table>
</item>
<item name = "Register"><table name="" hasTotal="1">
<keys size="5">Name, FF, LUT, Bits, Const Bits</keys>
<column name="add328_10_reg_3700">32, 0, 32, 0</column>
<column name="add328_11_reg_3705">32, 0, 32, 0</column>
<column name="add328_12_reg_3710">32, 0, 32, 0</column>
<column name="add328_13_reg_3715">32, 0, 32, 0</column>
<column name="add328_14_reg_3720">32, 0, 32, 0</column>
<column name="add328_1_reg_3650">32, 0, 32, 0</column>
<column name="add328_2_reg_3655">32, 0, 32, 0</column>
<column name="add328_3_reg_3660">32, 0, 32, 0</column>
<column name="add328_4_reg_3665">32, 0, 32, 0</column>
<column name="add328_5_reg_3670">32, 0, 32, 0</column>
<column name="add328_6_reg_3675">32, 0, 32, 0</column>
<column name="add328_7_reg_3680">32, 0, 32, 0</column>
<column name="add328_8_reg_3685">32, 0, 32, 0</column>
<column name="add328_9_reg_3690">32, 0, 32, 0</column>
<column name="add328_s_reg_3695">32, 0, 32, 0</column>
<column name="add_reg_3645">32, 0, 32, 0</column>
<column name="and_ln229_10_reg_3460">1, 0, 1, 0</column>
<column name="and_ln229_1_reg_3379">1, 0, 1, 0</column>
<column name="and_ln229_2_reg_3388">1, 0, 1, 0</column>
<column name="and_ln229_3_reg_3397">1, 0, 1, 0</column>
<column name="and_ln229_4_reg_3406">1, 0, 1, 0</column>
<column name="and_ln229_5_reg_3415">1, 0, 1, 0</column>
<column name="and_ln229_6_reg_3424">1, 0, 1, 0</column>
<column name="and_ln229_7_reg_3433">1, 0, 1, 0</column>
<column name="and_ln229_8_reg_3442">1, 0, 1, 0</column>
<column name="and_ln229_9_reg_3451">1, 0, 1, 0</column>
<column name="and_ln229_reg_3370">1, 0, 1, 0</column>
<column name="ap_CS_fsm">1, 0, 1, 0</column>
<column name="ap_done_reg">1, 0, 1, 0</column>
<column name="ap_enable_reg_pp0_iter1">1, 0, 1, 0</column>
<column name="ap_enable_reg_pp0_iter2">1, 0, 1, 0</column>
<column name="ap_enable_reg_pp0_iter3">1, 0, 1, 0</column>
<column name="ap_enable_reg_pp0_iter4">1, 0, 1, 0</column>
<column name="ap_enable_reg_pp0_iter5">1, 0, 1, 0</column>
<column name="ap_enable_reg_pp0_iter6">1, 0, 1, 0</column>
<column name="ap_enable_reg_pp0_iter7">1, 0, 1, 0</column>
<column name="ap_enable_reg_pp0_iter8">1, 0, 1, 0</column>
<column name="ap_enable_reg_pp0_iter9">1, 0, 1, 0</column>
<column name="ap_loop_exit_ready_pp0_iter1_reg">1, 0, 1, 0</column>
<column name="ap_loop_exit_ready_pp0_iter2_reg">1, 0, 1, 0</column>
<column name="ap_loop_exit_ready_pp0_iter3_reg">1, 0, 1, 0</column>
<column name="ap_loop_exit_ready_pp0_iter4_reg">1, 0, 1, 0</column>
<column name="ap_loop_exit_ready_pp0_iter5_reg">1, 0, 1, 0</column>
<column name="ap_loop_exit_ready_pp0_iter6_reg">1, 0, 1, 0</column>
<column name="ap_loop_exit_ready_pp0_iter7_reg">1, 0, 1, 0</column>
<column name="ap_loop_exit_ready_pp0_iter8_reg">1, 0, 1, 0</column>
<column name="cmp316_reg_3341">1, 0, 1, 0</column>
<column name="i_fu_616">5, 0, 5, 0</column>
<column name="localC_19_addr_reg_3511">12, 0, 12, 0</column>
<column name="localC_19_load_reg_3570">32, 0, 32, 0</column>
<column name="localC_20_addr_reg_3517">12, 0, 12, 0</column>
<column name="localC_20_load_reg_3575">32, 0, 32, 0</column>
<column name="localC_21_addr_reg_3523">12, 0, 12, 0</column>
<column name="localC_21_load_reg_3580">32, 0, 32, 0</column>
<column name="localC_22_addr_reg_3529">12, 0, 12, 0</column>
<column name="localC_22_load_reg_3585">32, 0, 32, 0</column>
<column name="localC_23_addr_reg_3535">12, 0, 12, 0</column>
<column name="localC_23_load_reg_3590">32, 0, 32, 0</column>
<column name="localC_24_addr_reg_3541">12, 0, 12, 0</column>
<column name="localC_24_load_reg_3595">32, 0, 32, 0</column>
<column name="localC_25_addr_reg_3547">12, 0, 12, 0</column>
<column name="localC_25_load_reg_3600">32, 0, 32, 0</column>
<column name="localC_26_addr_reg_3553">12, 0, 12, 0</column>
<column name="localC_26_load_reg_3605">32, 0, 32, 0</column>
<column name="localC_27_addr_reg_3559">12, 0, 12, 0</column>
<column name="localC_27_load_reg_3610">32, 0, 32, 0</column>
<column name="localC_addr_reg_3505">12, 0, 12, 0</column>
<column name="localC_load_reg_3565">32, 0, 32, 0</column>
<column name="mmult_localC_81_reg_3620">32, 0, 32, 0</column>
<column name="mmult_localC_82_reg_3625">32, 0, 32, 0</column>
<column name="mmult_localC_83_reg_3630">32, 0, 32, 0</column>
<column name="mmult_localC_84_reg_3635">32, 0, 32, 0</column>
<column name="mmult_localC_85_reg_3640">32, 0, 32, 0</column>
<column name="mmult_localC_reg_3499">12, 0, 12, 0</column>
<column name="p_ZZ5mmultE6localC_10_addr_reg_3469">12, 0, 12, 0</column>
<column name="p_ZZ5mmultE6localC_10_load_reg_3615">32, 0, 32, 0</column>
<column name="p_ZZ5mmultE6localC_11_addr_reg_3475">12, 0, 12, 0</column>
<column name="p_ZZ5mmultE6localC_12_addr_reg_3481">12, 0, 12, 0</column>
<column name="p_ZZ5mmultE6localC_13_addr_reg_3487">12, 0, 12, 0</column>
<column name="p_ZZ5mmultE6localC_14_addr_reg_3493">12, 0, 12, 0</column>
<column name="tmp_10_reg_3419">32, 0, 32, 0</column>
<column name="tmp_11_reg_3428">32, 0, 32, 0</column>
<column name="tmp_12_reg_3437">32, 0, 32, 0</column>
<column name="tmp_13_reg_3446">32, 0, 32, 0</column>
<column name="tmp_14_reg_3455">32, 0, 32, 0</column>
<column name="tmp_15_reg_3464">32, 0, 32, 0</column>
<column name="tmp_1_reg_3392">32, 0, 32, 0</column>
<column name="tmp_2_reg_3345">32, 0, 32, 0</column>
<column name="tmp_3_reg_3350">32, 0, 32, 0</column>
<column name="tmp_4_reg_3355">32, 0, 32, 0</column>
<column name="tmp_5_reg_3360">32, 0, 32, 0</column>
<column name="tmp_6_reg_3365">32, 0, 32, 0</column>
<column name="tmp_7_reg_3401">32, 0, 32, 0</column>
<column name="tmp_8_reg_3374">32, 0, 32, 0</column>
<column name="tmp_9_reg_3410">32, 0, 32, 0</column>
<column name="tmp_s_reg_3383">32, 0, 32, 0</column>
<column name="zext_ln105_cast_reg_3327">4, 0, 12, 8</column>
<column name="and_ln229_10_reg_3460">64, 32, 1, 0</column>
<column name="and_ln229_1_reg_3379">64, 32, 1, 0</column>
<column name="and_ln229_2_reg_3388">64, 32, 1, 0</column>
<column name="and_ln229_3_reg_3397">64, 32, 1, 0</column>
<column name="and_ln229_4_reg_3406">64, 32, 1, 0</column>
<column name="and_ln229_5_reg_3415">64, 32, 1, 0</column>
<column name="and_ln229_6_reg_3424">64, 32, 1, 0</column>
<column name="and_ln229_7_reg_3433">64, 32, 1, 0</column>
<column name="and_ln229_8_reg_3442">64, 32, 1, 0</column>
<column name="and_ln229_9_reg_3451">64, 32, 1, 0</column>
<column name="and_ln229_reg_3370">64, 32, 1, 0</column>
<column name="cmp316_reg_3341">64, 32, 1, 0</column>
<column name="localC_19_addr_reg_3511">64, 32, 12, 0</column>
<column name="localC_20_addr_reg_3517">64, 32, 12, 0</column>
<column name="localC_21_addr_reg_3523">64, 32, 12, 0</column>
<column name="localC_22_addr_reg_3529">64, 32, 12, 0</column>
<column name="localC_23_addr_reg_3535">64, 32, 12, 0</column>
<column name="localC_24_addr_reg_3541">64, 32, 12, 0</column>
<column name="localC_25_addr_reg_3547">64, 32, 12, 0</column>
<column name="localC_26_addr_reg_3553">64, 32, 12, 0</column>
<column name="localC_27_addr_reg_3559">64, 32, 12, 0</column>
<column name="localC_addr_reg_3505">64, 32, 12, 0</column>
<column name="mmult_localC_reg_3499">64, 32, 12, 0</column>
<column name="p_ZZ5mmultE6localC_10_addr_reg_3469">64, 32, 12, 0</column>
<column name="p_ZZ5mmultE6localC_11_addr_reg_3475">64, 32, 12, 0</column>
<column name="p_ZZ5mmultE6localC_12_addr_reg_3481">64, 32, 12, 0</column>
<column name="p_ZZ5mmultE6localC_13_addr_reg_3487">64, 32, 12, 0</column>
<column name="p_ZZ5mmultE6localC_14_addr_reg_3493">64, 32, 12, 0</column>
<column name="tmp_10_reg_3419">64, 32, 32, 0</column>
<column name="tmp_11_reg_3428">64, 32, 32, 0</column>
<column name="tmp_12_reg_3437">64, 32, 32, 0</column>
<column name="tmp_13_reg_3446">64, 32, 32, 0</column>
<column name="tmp_14_reg_3455">64, 32, 32, 0</column>
<column name="tmp_15_reg_3464">64, 32, 32, 0</column>
<column name="tmp_1_reg_3392">64, 32, 32, 0</column>
<column name="tmp_2_reg_3345">64, 32, 32, 0</column>
<column name="tmp_3_reg_3350">64, 32, 32, 0</column>
<column name="tmp_4_reg_3355">64, 32, 32, 0</column>
<column name="tmp_5_reg_3360">64, 32, 32, 0</column>
<column name="tmp_6_reg_3365">64, 32, 32, 0</column>
<column name="tmp_7_reg_3401">64, 32, 32, 0</column>
<column name="tmp_8_reg_3374">64, 32, 32, 0</column>
<column name="tmp_9_reg_3410">64, 32, 32, 0</column>
<column name="tmp_s_reg_3383">64, 32, 32, 0</column>
</table>
</item>
</section>
</item>
</section>

<section name = "Interface" level="0">
<item name = "Summary"><table name="" hasTotal="0">
<keys size="6">RTL Ports, Dir, Bits, Protocol, Source Object, C Type</keys>
<column name="ap_clk">in, 1, ap_ctrl_hs, mmult_Pipeline_VITIS_LOOP_223_16, return value</column>
<column name="ap_rst">in, 1, ap_ctrl_hs, mmult_Pipeline_VITIS_LOOP_223_16, return value</column>
<column name="ap_start">in, 1, ap_ctrl_hs, mmult_Pipeline_VITIS_LOOP_223_16, return value</column>
<column name="ap_done">out, 1, ap_ctrl_hs, mmult_Pipeline_VITIS_LOOP_223_16, return value</column>
<column name="ap_idle">out, 1, ap_ctrl_hs, mmult_Pipeline_VITIS_LOOP_223_16, return value</column>
<column name="ap_ready">out, 1, ap_ctrl_hs, mmult_Pipeline_VITIS_LOOP_223_16, return value</column>
<column name="grp_fu_97617_p_din0">out, 32, ap_ctrl_hs, mmult_Pipeline_VITIS_LOOP_223_16, return value</column>
<column name="grp_fu_97617_p_din1">out, 32, ap_ctrl_hs, mmult_Pipeline_VITIS_LOOP_223_16, return value</column>
<column name="grp_fu_97617_p_opcode">out, 2, ap_ctrl_hs, mmult_Pipeline_VITIS_LOOP_223_16, return value</column>
<column name="grp_fu_97617_p_dout0">in, 32, ap_ctrl_hs, mmult_Pipeline_VITIS_LOOP_223_16, return value</column>
<column name="grp_fu_97617_p_ce">out, 1, ap_ctrl_hs, mmult_Pipeline_VITIS_LOOP_223_16, return value</column>
<column name="grp_fu_97621_p_din0">out, 32, ap_ctrl_hs, mmult_Pipeline_VITIS_LOOP_223_16, return value</column>
<column name="grp_fu_97621_p_din1">out, 32, ap_ctrl_hs, mmult_Pipeline_VITIS_LOOP_223_16, return value</column>
<column name="grp_fu_97621_p_opcode">out, 2, ap_ctrl_hs, mmult_Pipeline_VITIS_LOOP_223_16, return value</column>
<column name="grp_fu_97621_p_dout0">in, 32, ap_ctrl_hs, mmult_Pipeline_VITIS_LOOP_223_16, return value</column>
<column name="grp_fu_97621_p_ce">out, 1, ap_ctrl_hs, mmult_Pipeline_VITIS_LOOP_223_16, return value</column>
<column name="grp_fu_97625_p_din0">out, 32, ap_ctrl_hs, mmult_Pipeline_VITIS_LOOP_223_16, return value</column>
<column name="grp_fu_97625_p_din1">out, 32, ap_ctrl_hs, mmult_Pipeline_VITIS_LOOP_223_16, return value</column>
<column name="grp_fu_97625_p_opcode">out, 2, ap_ctrl_hs, mmult_Pipeline_VITIS_LOOP_223_16, return value</column>
<column name="grp_fu_97625_p_dout0">in, 32, ap_ctrl_hs, mmult_Pipeline_VITIS_LOOP_223_16, return value</column>
<column name="grp_fu_97625_p_ce">out, 1, ap_ctrl_hs, mmult_Pipeline_VITIS_LOOP_223_16, return value</column>
<column name="grp_fu_97629_p_din0">out, 32, ap_ctrl_hs, mmult_Pipeline_VITIS_LOOP_223_16, return value</column>
<column name="grp_fu_97629_p_din1">out, 32, ap_ctrl_hs, mmult_Pipeline_VITIS_LOOP_223_16, return value</column>
<column name="grp_fu_97629_p_opcode">out, 2, ap_ctrl_hs, mmult_Pipeline_VITIS_LOOP_223_16, return value</column>
<column name="grp_fu_97629_p_dout0">in, 32, ap_ctrl_hs, mmult_Pipeline_VITIS_LOOP_223_16, return value</column>
<column name="grp_fu_97629_p_ce">out, 1, ap_ctrl_hs, mmult_Pipeline_VITIS_LOOP_223_16, return value</column>
<column name="grp_fu_97633_p_din0">out, 32, ap_ctrl_hs, mmult_Pipeline_VITIS_LOOP_223_16, return value</column>
<column name="grp_fu_97633_p_din1">out, 32, ap_ctrl_hs, mmult_Pipeline_VITIS_LOOP_223_16, return value</column>
<column name="grp_fu_97633_p_opcode">out, 2, ap_ctrl_hs, mmult_Pipeline_VITIS_LOOP_223_16, return value</column>
<column name="grp_fu_97633_p_dout0">in, 32, ap_ctrl_hs, mmult_Pipeline_VITIS_LOOP_223_16, return value</column>
<column name="grp_fu_97633_p_ce">out, 1, ap_ctrl_hs, mmult_Pipeline_VITIS_LOOP_223_16, return value</column>
<column name="grp_fu_97637_p_din0">out, 32, ap_ctrl_hs, mmult_Pipeline_VITIS_LOOP_223_16, return value</column>
<column name="grp_fu_97637_p_din1">out, 32, ap_ctrl_hs, mmult_Pipeline_VITIS_LOOP_223_16, return value</column>
<column name="grp_fu_97637_p_opcode">out, 2, ap_ctrl_hs, mmult_Pipeline_VITIS_LOOP_223_16, return value</column>
<column name="grp_fu_97637_p_dout0">in, 32, ap_ctrl_hs, mmult_Pipeline_VITIS_LOOP_223_16, return value</column>
<column name="grp_fu_97637_p_ce">out, 1, ap_ctrl_hs, mmult_Pipeline_VITIS_LOOP_223_16, return value</column>
<column name="grp_fu_97641_p_din0">out, 32, ap_ctrl_hs, mmult_Pipeline_VITIS_LOOP_223_16, return value</column>
<column name="grp_fu_97641_p_din1">out, 32, ap_ctrl_hs, mmult_Pipeline_VITIS_LOOP_223_16, return value</column>
<column name="grp_fu_97641_p_opcode">out, 2, ap_ctrl_hs, mmult_Pipeline_VITIS_LOOP_223_16, return value</column>
<column name="grp_fu_97641_p_dout0">in, 32, ap_ctrl_hs, mmult_Pipeline_VITIS_LOOP_223_16, return value</column>
<column name="grp_fu_97641_p_ce">out, 1, ap_ctrl_hs, mmult_Pipeline_VITIS_LOOP_223_16, return value</column>
<column name="grp_fu_97645_p_din0">out, 32, ap_ctrl_hs, mmult_Pipeline_VITIS_LOOP_223_16, return value</column>
<column name="grp_fu_97645_p_din1">out, 32, ap_ctrl_hs, mmult_Pipeline_VITIS_LOOP_223_16, return value</column>
<column name="grp_fu_97645_p_opcode">out, 2, ap_ctrl_hs, mmult_Pipeline_VITIS_LOOP_223_16, return value</column>
<column name="grp_fu_97645_p_dout0">in, 32, ap_ctrl_hs, mmult_Pipeline_VITIS_LOOP_223_16, return value</column>
<column name="grp_fu_97645_p_ce">out, 1, ap_ctrl_hs, mmult_Pipeline_VITIS_LOOP_223_16, return value</column>
<column name="grp_fu_97649_p_din0">out, 32, ap_ctrl_hs, mmult_Pipeline_VITIS_LOOP_223_16, return value</column>
<column name="grp_fu_97649_p_din1">out, 32, ap_ctrl_hs, mmult_Pipeline_VITIS_LOOP_223_16, return value</column>
<column name="grp_fu_97649_p_opcode">out, 2, ap_ctrl_hs, mmult_Pipeline_VITIS_LOOP_223_16, return value</column>
<column name="grp_fu_97649_p_dout0">in, 32, ap_ctrl_hs, mmult_Pipeline_VITIS_LOOP_223_16, return value</column>
<column name="grp_fu_97649_p_ce">out, 1, ap_ctrl_hs, mmult_Pipeline_VITIS_LOOP_223_16, return value</column>
<column name="grp_fu_97653_p_din0">out, 32, ap_ctrl_hs, mmult_Pipeline_VITIS_LOOP_223_16, return value</column>
<column name="grp_fu_97653_p_din1">out, 32, ap_ctrl_hs, mmult_Pipeline_VITIS_LOOP_223_16, return value</column>
<column name="grp_fu_97653_p_opcode">out, 2, ap_ctrl_hs, mmult_Pipeline_VITIS_LOOP_223_16, return value</column>
<column name="grp_fu_97653_p_dout0">in, 32, ap_ctrl_hs, mmult_Pipeline_VITIS_LOOP_223_16, return value</column>
<column name="grp_fu_97653_p_ce">out, 1, ap_ctrl_hs, mmult_Pipeline_VITIS_LOOP_223_16, return value</column>
<column name="grp_fu_97657_p_din0">out, 32, ap_ctrl_hs, mmult_Pipeline_VITIS_LOOP_223_16, return value</column>
<column name="grp_fu_97657_p_din1">out, 32, ap_ctrl_hs, mmult_Pipeline_VITIS_LOOP_223_16, return value</column>
<column name="grp_fu_97657_p_opcode">out, 2, ap_ctrl_hs, mmult_Pipeline_VITIS_LOOP_223_16, return value</column>
<column name="grp_fu_97657_p_dout0">in, 32, ap_ctrl_hs, mmult_Pipeline_VITIS_LOOP_223_16, return value</column>
<column name="grp_fu_97657_p_ce">out, 1, ap_ctrl_hs, mmult_Pipeline_VITIS_LOOP_223_16, return value</column>
<column name="grp_fu_97661_p_din0">out, 32, ap_ctrl_hs, mmult_Pipeline_VITIS_LOOP_223_16, return value</column>
<column name="grp_fu_97661_p_din1">out, 32, ap_ctrl_hs, mmult_Pipeline_VITIS_LOOP_223_16, return value</column>
<column name="grp_fu_97661_p_opcode">out, 2, ap_ctrl_hs, mmult_Pipeline_VITIS_LOOP_223_16, return value</column>
<column name="grp_fu_97661_p_dout0">in, 32, ap_ctrl_hs, mmult_Pipeline_VITIS_LOOP_223_16, return value</column>
<column name="grp_fu_97661_p_ce">out, 1, ap_ctrl_hs, mmult_Pipeline_VITIS_LOOP_223_16, return value</column>
<column name="grp_fu_97665_p_din0">out, 32, ap_ctrl_hs, mmult_Pipeline_VITIS_LOOP_223_16, return value</column>
<column name="grp_fu_97665_p_din1">out, 32, ap_ctrl_hs, mmult_Pipeline_VITIS_LOOP_223_16, return value</column>
<column name="grp_fu_97665_p_opcode">out, 2, ap_ctrl_hs, mmult_Pipeline_VITIS_LOOP_223_16, return value</column>
<column name="grp_fu_97665_p_dout0">in, 32, ap_ctrl_hs, mmult_Pipeline_VITIS_LOOP_223_16, return value</column>
<column name="grp_fu_97665_p_ce">out, 1, ap_ctrl_hs, mmult_Pipeline_VITIS_LOOP_223_16, return value</column>
<column name="grp_fu_97669_p_din0">out, 32, ap_ctrl_hs, mmult_Pipeline_VITIS_LOOP_223_16, return value</column>
<column name="grp_fu_97669_p_din1">out, 32, ap_ctrl_hs, mmult_Pipeline_VITIS_LOOP_223_16, return value</column>
<column name="grp_fu_97669_p_opcode">out, 2, ap_ctrl_hs, mmult_Pipeline_VITIS_LOOP_223_16, return value</column>
<column name="grp_fu_97669_p_dout0">in, 32, ap_ctrl_hs, mmult_Pipeline_VITIS_LOOP_223_16, return value</column>
<column name="grp_fu_97669_p_ce">out, 1, ap_ctrl_hs, mmult_Pipeline_VITIS_LOOP_223_16, return value</column>
<column name="grp_fu_97673_p_din0">out, 32, ap_ctrl_hs, mmult_Pipeline_VITIS_LOOP_223_16, return value</column>
<column name="grp_fu_97673_p_din1">out, 32, ap_ctrl_hs, mmult_Pipeline_VITIS_LOOP_223_16, return value</column>
<column name="grp_fu_97673_p_opcode">out, 2, ap_ctrl_hs, mmult_Pipeline_VITIS_LOOP_223_16, return value</column>
<column name="grp_fu_97673_p_dout0">in, 32, ap_ctrl_hs, mmult_Pipeline_VITIS_LOOP_223_16, return value</column>
<column name="grp_fu_97673_p_ce">out, 1, ap_ctrl_hs, mmult_Pipeline_VITIS_LOOP_223_16, return value</column>
<column name="grp_fu_97677_p_din0">out, 32, ap_ctrl_hs, mmult_Pipeline_VITIS_LOOP_223_16, return value</column>
<column name="grp_fu_97677_p_din1">out, 32, ap_ctrl_hs, mmult_Pipeline_VITIS_LOOP_223_16, return value</column>
<column name="grp_fu_97677_p_opcode">out, 2, ap_ctrl_hs, mmult_Pipeline_VITIS_LOOP_223_16, return value</column>
<column name="grp_fu_97677_p_dout0">in, 32, ap_ctrl_hs, mmult_Pipeline_VITIS_LOOP_223_16, return value</column>
<column name="grp_fu_97677_p_ce">out, 1, ap_ctrl_hs, mmult_Pipeline_VITIS_LOOP_223_16, return value</column>
<column name="cmp120_15">in, 1, ap_none, cmp120_15, scalar</column>
<column name="cmp120_14">in, 1, ap_none, cmp120_14, scalar</column>
<column name="cmp120_13">in, 1, ap_none, cmp120_13, scalar</column>
<column name="cmp120_12">in, 1, ap_none, cmp120_12, scalar</column>
<column name="cmp120_11">in, 1, ap_none, cmp120_11, scalar</column>
<column name="cmp120_10">in, 1, ap_none, cmp120_10, scalar</column>
<column name="cmp120_9">in, 1, ap_none, cmp120_9, scalar</column>
<column name="cmp120_8">in, 1, ap_none, cmp120_8, scalar</column>
<column name="cmp120_7">in, 1, ap_none, cmp120_7, scalar</column>
<column name="cmp120_6">in, 1, ap_none, cmp120_6, scalar</column>
<column name="cmp120_5">in, 1, ap_none, cmp120_5, scalar</column>
<column name="p_mid2">in, 8, ap_none, p_mid2, scalar</column>
<column name="zext_ln105">in, 4, ap_none, zext_ln105, scalar</column>
<column name="inC_reload">in, 32, ap_none, inC_reload, scalar</column>
<column name="inC_16_reload">in, 32, ap_none, inC_16_reload, scalar</column>
<column name="inC_32_reload">in, 32, ap_none, inC_32_reload, scalar</column>
<column name="inC_48_reload">in, 32, ap_none, inC_48_reload, scalar</column>
<column name="inC_64_reload">in, 32, ap_none, inC_64_reload, scalar</column>
<column name="inC_80_reload">in, 32, ap_none, inC_80_reload, scalar</column>
<column name="inC_96_reload">in, 32, ap_none, inC_96_reload, scalar</column>
<column name="inC_112_reload">in, 32, ap_none, inC_112_reload, scalar</column>
<column name="inC_128_reload">in, 32, ap_none, inC_128_reload, scalar</column>
<column name="inC_144_reload">in, 32, ap_none, inC_144_reload, scalar</column>
<column name="inC_160_reload">in, 32, ap_none, inC_160_reload, scalar</column>
<column name="inC_176_reload">in, 32, ap_none, inC_176_reload, scalar</column>
<column name="inC_192_reload">in, 32, ap_none, inC_192_reload, scalar</column>
<column name="inC_208_reload">in, 32, ap_none, inC_208_reload, scalar</column>
<column name="inC_224_reload">in, 32, ap_none, inC_224_reload, scalar</column>
<column name="inC_240_reload">in, 32, ap_none, inC_240_reload, scalar</column>
<column name="inC_1_reload">in, 32, ap_none, inC_1_reload, scalar</column>
<column name="inC_17_reload">in, 32, ap_none, inC_17_reload, scalar</column>
<column name="inC_33_reload">in, 32, ap_none, inC_33_reload, scalar</column>
<column name="inC_49_reload">in, 32, ap_none, inC_49_reload, scalar</column>
<column name="inC_65_reload">in, 32, ap_none, inC_65_reload, scalar</column>
<column name="inC_81_reload">in, 32, ap_none, inC_81_reload, scalar</column>
<column name="inC_97_reload">in, 32, ap_none, inC_97_reload, scalar</column>
<column name="inC_113_reload">in, 32, ap_none, inC_113_reload, scalar</column>
<column name="inC_129_reload">in, 32, ap_none, inC_129_reload, scalar</column>
<column name="inC_145_reload">in, 32, ap_none, inC_145_reload, scalar</column>
<column name="inC_161_reload">in, 32, ap_none, inC_161_reload, scalar</column>
<column name="inC_177_reload">in, 32, ap_none, inC_177_reload, scalar</column>
<column name="inC_193_reload">in, 32, ap_none, inC_193_reload, scalar</column>
<column name="inC_209_reload">in, 32, ap_none, inC_209_reload, scalar</column>
<column name="inC_225_reload">in, 32, ap_none, inC_225_reload, scalar</column>
<column name="inC_241_reload">in, 32, ap_none, inC_241_reload, scalar</column>
<column name="inC_2_reload">in, 32, ap_none, inC_2_reload, scalar</column>
<column name="inC_18_reload">in, 32, ap_none, inC_18_reload, scalar</column>
<column name="inC_34_reload">in, 32, ap_none, inC_34_reload, scalar</column>
<column name="inC_50_reload">in, 32, ap_none, inC_50_reload, scalar</column>
<column name="inC_66_reload">in, 32, ap_none, inC_66_reload, scalar</column>
<column name="inC_82_reload">in, 32, ap_none, inC_82_reload, scalar</column>
<column name="inC_98_reload">in, 32, ap_none, inC_98_reload, scalar</column>
<column name="inC_114_reload">in, 32, ap_none, inC_114_reload, scalar</column>
<column name="inC_130_reload">in, 32, ap_none, inC_130_reload, scalar</column>
<column name="inC_146_reload">in, 32, ap_none, inC_146_reload, scalar</column>
<column name="inC_162_reload">in, 32, ap_none, inC_162_reload, scalar</column>
<column name="inC_178_reload">in, 32, ap_none, inC_178_reload, scalar</column>
<column name="inC_194_reload">in, 32, ap_none, inC_194_reload, scalar</column>
<column name="inC_210_reload">in, 32, ap_none, inC_210_reload, scalar</column>
<column name="inC_226_reload">in, 32, ap_none, inC_226_reload, scalar</column>
<column name="inC_242_reload">in, 32, ap_none, inC_242_reload, scalar</column>
<column name="inC_3_reload">in, 32, ap_none, inC_3_reload, scalar</column>
<column name="inC_19_reload">in, 32, ap_none, inC_19_reload, scalar</column>
<column name="inC_35_reload">in, 32, ap_none, inC_35_reload, scalar</column>
<column name="inC_51_reload">in, 32, ap_none, inC_51_reload, scalar</column>
<column name="inC_67_reload">in, 32, ap_none, inC_67_reload, scalar</column>
<column name="inC_83_reload">in, 32, ap_none, inC_83_reload, scalar</column>
<column name="inC_99_reload">in, 32, ap_none, inC_99_reload, scalar</column>
<column name="inC_115_reload">in, 32, ap_none, inC_115_reload, scalar</column>
<column name="inC_131_reload">in, 32, ap_none, inC_131_reload, scalar</column>
<column name="inC_147_reload">in, 32, ap_none, inC_147_reload, scalar</column>
<column name="inC_163_reload">in, 32, ap_none, inC_163_reload, scalar</column>
<column name="inC_179_reload">in, 32, ap_none, inC_179_reload, scalar</column>
<column name="inC_195_reload">in, 32, ap_none, inC_195_reload, scalar</column>
<column name="inC_211_reload">in, 32, ap_none, inC_211_reload, scalar</column>
<column name="inC_227_reload">in, 32, ap_none, inC_227_reload, scalar</column>
<column name="inC_243_reload">in, 32, ap_none, inC_243_reload, scalar</column>
<column name="inC_4_reload">in, 32, ap_none, inC_4_reload, scalar</column>
<column name="inC_20_reload">in, 32, ap_none, inC_20_reload, scalar</column>
<column name="inC_36_reload">in, 32, ap_none, inC_36_reload, scalar</column>
<column name="inC_52_reload">in, 32, ap_none, inC_52_reload, scalar</column>
<column name="inC_68_reload">in, 32, ap_none, inC_68_reload, scalar</column>
<column name="inC_84_reload">in, 32, ap_none, inC_84_reload, scalar</column>
<column name="inC_100_reload">in, 32, ap_none, inC_100_reload, scalar</column>
<column name="inC_116_reload">in, 32, ap_none, inC_116_reload, scalar</column>
<column name="inC_132_reload">in, 32, ap_none, inC_132_reload, scalar</column>
<column name="inC_148_reload">in, 32, ap_none, inC_148_reload, scalar</column>
<column name="inC_164_reload">in, 32, ap_none, inC_164_reload, scalar</column>
<column name="inC_180_reload">in, 32, ap_none, inC_180_reload, scalar</column>
<column name="inC_196_reload">in, 32, ap_none, inC_196_reload, scalar</column>
<column name="inC_212_reload">in, 32, ap_none, inC_212_reload, scalar</column>
<column name="inC_228_reload">in, 32, ap_none, inC_228_reload, scalar</column>
<column name="inC_244_reload">in, 32, ap_none, inC_244_reload, scalar</column>
<column name="inC_5_reload">in, 32, ap_none, inC_5_reload, scalar</column>
<column name="inC_21_reload">in, 32, ap_none, inC_21_reload, scalar</column>
<column name="inC_37_reload">in, 32, ap_none, inC_37_reload, scalar</column>
<column name="inC_53_reload">in, 32, ap_none, inC_53_reload, scalar</column>
<column name="inC_69_reload">in, 32, ap_none, inC_69_reload, scalar</column>
<column name="inC_85_reload">in, 32, ap_none, inC_85_reload, scalar</column>
<column name="inC_101_reload">in, 32, ap_none, inC_101_reload, scalar</column>
<column name="inC_117_reload">in, 32, ap_none, inC_117_reload, scalar</column>
<column name="inC_133_reload">in, 32, ap_none, inC_133_reload, scalar</column>
<column name="inC_149_reload">in, 32, ap_none, inC_149_reload, scalar</column>
<column name="inC_165_reload">in, 32, ap_none, inC_165_reload, scalar</column>
<column name="inC_181_reload">in, 32, ap_none, inC_181_reload, scalar</column>
<column name="inC_197_reload">in, 32, ap_none, inC_197_reload, scalar</column>
<column name="inC_213_reload">in, 32, ap_none, inC_213_reload, scalar</column>
<column name="inC_229_reload">in, 32, ap_none, inC_229_reload, scalar</column>
<column name="inC_245_reload">in, 32, ap_none, inC_245_reload, scalar</column>
<column name="inC_6_reload">in, 32, ap_none, inC_6_reload, scalar</column>
<column name="inC_22_reload">in, 32, ap_none, inC_22_reload, scalar</column>
<column name="inC_38_reload">in, 32, ap_none, inC_38_reload, scalar</column>
<column name="inC_54_reload">in, 32, ap_none, inC_54_reload, scalar</column>
<column name="inC_70_reload">in, 32, ap_none, inC_70_reload, scalar</column>
<column name="inC_86_reload">in, 32, ap_none, inC_86_reload, scalar</column>
<column name="inC_102_reload">in, 32, ap_none, inC_102_reload, scalar</column>
<column name="inC_118_reload">in, 32, ap_none, inC_118_reload, scalar</column>
<column name="inC_134_reload">in, 32, ap_none, inC_134_reload, scalar</column>
<column name="inC_150_reload">in, 32, ap_none, inC_150_reload, scalar</column>
<column name="inC_166_reload">in, 32, ap_none, inC_166_reload, scalar</column>
<column name="inC_182_reload">in, 32, ap_none, inC_182_reload, scalar</column>
<column name="inC_198_reload">in, 32, ap_none, inC_198_reload, scalar</column>
<column name="inC_214_reload">in, 32, ap_none, inC_214_reload, scalar</column>
<column name="inC_230_reload">in, 32, ap_none, inC_230_reload, scalar</column>
<column name="inC_246_reload">in, 32, ap_none, inC_246_reload, scalar</column>
<column name="inC_7_reload">in, 32, ap_none, inC_7_reload, scalar</column>
<column name="inC_23_reload">in, 32, ap_none, inC_23_reload, scalar</column>
<column name="inC_39_reload">in, 32, ap_none, inC_39_reload, scalar</column>
<column name="inC_55_reload">in, 32, ap_none, inC_55_reload, scalar</column>
<column name="inC_71_reload">in, 32, ap_none, inC_71_reload, scalar</column>
<column name="inC_87_reload">in, 32, ap_none, inC_87_reload, scalar</column>
<column name="inC_103_reload">in, 32, ap_none, inC_103_reload, scalar</column>
<column name="inC_119_reload">in, 32, ap_none, inC_119_reload, scalar</column>
<column name="inC_135_reload">in, 32, ap_none, inC_135_reload, scalar</column>
<column name="inC_151_reload">in, 32, ap_none, inC_151_reload, scalar</column>
<column name="inC_167_reload">in, 32, ap_none, inC_167_reload, scalar</column>
<column name="inC_183_reload">in, 32, ap_none, inC_183_reload, scalar</column>
<column name="inC_199_reload">in, 32, ap_none, inC_199_reload, scalar</column>
<column name="inC_215_reload">in, 32, ap_none, inC_215_reload, scalar</column>
<column name="inC_231_reload">in, 32, ap_none, inC_231_reload, scalar</column>
<column name="inC_247_reload">in, 32, ap_none, inC_247_reload, scalar</column>
<column name="inC_8_reload">in, 32, ap_none, inC_8_reload, scalar</column>
<column name="inC_24_reload">in, 32, ap_none, inC_24_reload, scalar</column>
<column name="inC_40_reload">in, 32, ap_none, inC_40_reload, scalar</column>
<column name="inC_56_reload">in, 32, ap_none, inC_56_reload, scalar</column>
<column name="inC_72_reload">in, 32, ap_none, inC_72_reload, scalar</column>
<column name="inC_88_reload">in, 32, ap_none, inC_88_reload, scalar</column>
<column name="inC_104_reload">in, 32, ap_none, inC_104_reload, scalar</column>
<column name="inC_120_reload">in, 32, ap_none, inC_120_reload, scalar</column>
<column name="inC_136_reload">in, 32, ap_none, inC_136_reload, scalar</column>
<column name="inC_152_reload">in, 32, ap_none, inC_152_reload, scalar</column>
<column name="inC_168_reload">in, 32, ap_none, inC_168_reload, scalar</column>
<column name="inC_184_reload">in, 32, ap_none, inC_184_reload, scalar</column>
<column name="inC_200_reload">in, 32, ap_none, inC_200_reload, scalar</column>
<column name="inC_216_reload">in, 32, ap_none, inC_216_reload, scalar</column>
<column name="inC_232_reload">in, 32, ap_none, inC_232_reload, scalar</column>
<column name="inC_248_reload">in, 32, ap_none, inC_248_reload, scalar</column>
<column name="inC_9_reload">in, 32, ap_none, inC_9_reload, scalar</column>
<column name="inC_25_reload">in, 32, ap_none, inC_25_reload, scalar</column>
<column name="inC_41_reload">in, 32, ap_none, inC_41_reload, scalar</column>
<column name="inC_57_reload">in, 32, ap_none, inC_57_reload, scalar</column>
<column name="inC_73_reload">in, 32, ap_none, inC_73_reload, scalar</column>
<column name="inC_89_reload">in, 32, ap_none, inC_89_reload, scalar</column>
<column name="inC_105_reload">in, 32, ap_none, inC_105_reload, scalar</column>
<column name="inC_121_reload">in, 32, ap_none, inC_121_reload, scalar</column>
<column name="inC_137_reload">in, 32, ap_none, inC_137_reload, scalar</column>
<column name="inC_153_reload">in, 32, ap_none, inC_153_reload, scalar</column>
<column name="inC_169_reload">in, 32, ap_none, inC_169_reload, scalar</column>
<column name="inC_185_reload">in, 32, ap_none, inC_185_reload, scalar</column>
<column name="inC_201_reload">in, 32, ap_none, inC_201_reload, scalar</column>
<column name="inC_217_reload">in, 32, ap_none, inC_217_reload, scalar</column>
<column name="inC_233_reload">in, 32, ap_none, inC_233_reload, scalar</column>
<column name="inC_249_reload">in, 32, ap_none, inC_249_reload, scalar</column>
<column name="inC_10_reload">in, 32, ap_none, inC_10_reload, scalar</column>
<column name="inC_26_reload">in, 32, ap_none, inC_26_reload, scalar</column>
<column name="inC_42_reload">in, 32, ap_none, inC_42_reload, scalar</column>
<column name="inC_58_reload">in, 32, ap_none, inC_58_reload, scalar</column>
<column name="inC_74_reload">in, 32, ap_none, inC_74_reload, scalar</column>
<column name="inC_90_reload">in, 32, ap_none, inC_90_reload, scalar</column>
<column name="inC_106_reload">in, 32, ap_none, inC_106_reload, scalar</column>
<column name="inC_122_reload">in, 32, ap_none, inC_122_reload, scalar</column>
<column name="inC_138_reload">in, 32, ap_none, inC_138_reload, scalar</column>
<column name="inC_154_reload">in, 32, ap_none, inC_154_reload, scalar</column>
<column name="inC_170_reload">in, 32, ap_none, inC_170_reload, scalar</column>
<column name="inC_186_reload">in, 32, ap_none, inC_186_reload, scalar</column>
<column name="inC_202_reload">in, 32, ap_none, inC_202_reload, scalar</column>
<column name="inC_218_reload">in, 32, ap_none, inC_218_reload, scalar</column>
<column name="inC_234_reload">in, 32, ap_none, inC_234_reload, scalar</column>
<column name="inC_250_reload">in, 32, ap_none, inC_250_reload, scalar</column>
<column name="inC_11_reload">in, 32, ap_none, inC_11_reload, scalar</column>
<column name="inC_27_reload">in, 32, ap_none, inC_27_reload, scalar</column>
<column name="inC_43_reload">in, 32, ap_none, inC_43_reload, scalar</column>
<column name="inC_59_reload">in, 32, ap_none, inC_59_reload, scalar</column>
<column name="inC_75_reload">in, 32, ap_none, inC_75_reload, scalar</column>
<column name="inC_91_reload">in, 32, ap_none, inC_91_reload, scalar</column>
<column name="inC_107_reload">in, 32, ap_none, inC_107_reload, scalar</column>
<column name="inC_123_reload">in, 32, ap_none, inC_123_reload, scalar</column>
<column name="inC_139_reload">in, 32, ap_none, inC_139_reload, scalar</column>
<column name="inC_155_reload">in, 32, ap_none, inC_155_reload, scalar</column>
<column name="inC_171_reload">in, 32, ap_none, inC_171_reload, scalar</column>
<column name="inC_187_reload">in, 32, ap_none, inC_187_reload, scalar</column>
<column name="inC_203_reload">in, 32, ap_none, inC_203_reload, scalar</column>
<column name="inC_219_reload">in, 32, ap_none, inC_219_reload, scalar</column>
<column name="inC_235_reload">in, 32, ap_none, inC_235_reload, scalar</column>
<column name="inC_251_reload">in, 32, ap_none, inC_251_reload, scalar</column>
<column name="inC_12_reload">in, 32, ap_none, inC_12_reload, scalar</column>
<column name="inC_28_reload">in, 32, ap_none, inC_28_reload, scalar</column>
<column name="inC_44_reload">in, 32, ap_none, inC_44_reload, scalar</column>
<column name="inC_60_reload">in, 32, ap_none, inC_60_reload, scalar</column>
<column name="inC_76_reload">in, 32, ap_none, inC_76_reload, scalar</column>
<column name="inC_92_reload">in, 32, ap_none, inC_92_reload, scalar</column>
<column name="inC_108_reload">in, 32, ap_none, inC_108_reload, scalar</column>
<column name="inC_124_reload">in, 32, ap_none, inC_124_reload, scalar</column>
<column name="inC_140_reload">in, 32, ap_none, inC_140_reload, scalar</column>
<column name="inC_156_reload">in, 32, ap_none, inC_156_reload, scalar</column>
<column name="inC_172_reload">in, 32, ap_none, inC_172_reload, scalar</column>
<column name="inC_188_reload">in, 32, ap_none, inC_188_reload, scalar</column>
<column name="inC_204_reload">in, 32, ap_none, inC_204_reload, scalar</column>
<column name="inC_220_reload">in, 32, ap_none, inC_220_reload, scalar</column>
<column name="inC_236_reload">in, 32, ap_none, inC_236_reload, scalar</column>
<column name="inC_252_reload">in, 32, ap_none, inC_252_reload, scalar</column>
<column name="inC_13_reload">in, 32, ap_none, inC_13_reload, scalar</column>
<column name="inC_29_reload">in, 32, ap_none, inC_29_reload, scalar</column>
<column name="inC_45_reload">in, 32, ap_none, inC_45_reload, scalar</column>
<column name="inC_61_reload">in, 32, ap_none, inC_61_reload, scalar</column>
<column name="inC_77_reload">in, 32, ap_none, inC_77_reload, scalar</column>
<column name="inC_93_reload">in, 32, ap_none, inC_93_reload, scalar</column>
<column name="inC_109_reload">in, 32, ap_none, inC_109_reload, scalar</column>
<column name="inC_125_reload">in, 32, ap_none, inC_125_reload, scalar</column>
<column name="inC_141_reload">in, 32, ap_none, inC_141_reload, scalar</column>
<column name="inC_157_reload">in, 32, ap_none, inC_157_reload, scalar</column>
<column name="inC_173_reload">in, 32, ap_none, inC_173_reload, scalar</column>
<column name="inC_189_reload">in, 32, ap_none, inC_189_reload, scalar</column>
<column name="inC_205_reload">in, 32, ap_none, inC_205_reload, scalar</column>
<column name="inC_221_reload">in, 32, ap_none, inC_221_reload, scalar</column>
<column name="inC_237_reload">in, 32, ap_none, inC_237_reload, scalar</column>
<column name="inC_253_reload">in, 32, ap_none, inC_253_reload, scalar</column>
<column name="inC_14_reload">in, 32, ap_none, inC_14_reload, scalar</column>
<column name="inC_30_reload">in, 32, ap_none, inC_30_reload, scalar</column>
<column name="inC_46_reload">in, 32, ap_none, inC_46_reload, scalar</column>
<column name="inC_62_reload">in, 32, ap_none, inC_62_reload, scalar</column>
<column name="inC_78_reload">in, 32, ap_none, inC_78_reload, scalar</column>
<column name="inC_94_reload">in, 32, ap_none, inC_94_reload, scalar</column>
<column name="inC_110_reload">in, 32, ap_none, inC_110_reload, scalar</column>
<column name="inC_126_reload">in, 32, ap_none, inC_126_reload, scalar</column>
<column name="inC_142_reload">in, 32, ap_none, inC_142_reload, scalar</column>
<column name="inC_158_reload">in, 32, ap_none, inC_158_reload, scalar</column>
<column name="inC_174_reload">in, 32, ap_none, inC_174_reload, scalar</column>
<column name="inC_190_reload">in, 32, ap_none, inC_190_reload, scalar</column>
<column name="inC_206_reload">in, 32, ap_none, inC_206_reload, scalar</column>
<column name="inC_222_reload">in, 32, ap_none, inC_222_reload, scalar</column>
<column name="inC_238_reload">in, 32, ap_none, inC_238_reload, scalar</column>
<column name="inC_254_reload">in, 32, ap_none, inC_254_reload, scalar</column>
<column name="inC_15_reload">in, 32, ap_none, inC_15_reload, scalar</column>
<column name="inC_31_reload">in, 32, ap_none, inC_31_reload, scalar</column>
<column name="inC_47_reload">in, 32, ap_none, inC_47_reload, scalar</column>
<column name="inC_63_reload">in, 32, ap_none, inC_63_reload, scalar</column>
<column name="inC_79_reload">in, 32, ap_none, inC_79_reload, scalar</column>
<column name="inC_95_reload">in, 32, ap_none, inC_95_reload, scalar</column>
<column name="inC_111_reload">in, 32, ap_none, inC_111_reload, scalar</column>
<column name="inC_127_reload">in, 32, ap_none, inC_127_reload, scalar</column>
<column name="inC_143_reload">in, 32, ap_none, inC_143_reload, scalar</column>
<column name="inC_159_reload">in, 32, ap_none, inC_159_reload, scalar</column>
<column name="inC_175_reload">in, 32, ap_none, inC_175_reload, scalar</column>
<column name="inC_191_reload">in, 32, ap_none, inC_191_reload, scalar</column>
<column name="inC_207_reload">in, 32, ap_none, inC_207_reload, scalar</column>
<column name="inC_223_reload">in, 32, ap_none, inC_223_reload, scalar</column>
<column name="inC_239_reload">in, 32, ap_none, inC_239_reload, scalar</column>
<column name="inC_255_reload">in, 32, ap_none, inC_255_reload, scalar</column>
<column name="localC_address0">out, 12, ap_memory, localC, array</column>
<column name="localC_ce0">out, 1, ap_memory, localC, array</column>
<column name="localC_q0">in, 32, ap_memory, localC, array</column>
<column name="localC_address1">out, 12, ap_memory, localC, array</column>
<column name="localC_ce1">out, 1, ap_memory, localC, array</column>
<column name="localC_we1">out, 1, ap_memory, localC, array</column>
<column name="localC_d1">out, 32, ap_memory, localC, array</column>
<column name="localC_19_address0">out, 12, ap_memory, localC_19, array</column>
<column name="localC_19_ce0">out, 1, ap_memory, localC_19, array</column>
<column name="localC_19_q0">in, 32, ap_memory, localC_19, array</column>
<column name="localC_19_address1">out, 12, ap_memory, localC_19, array</column>
<column name="localC_19_ce1">out, 1, ap_memory, localC_19, array</column>
<column name="localC_19_we1">out, 1, ap_memory, localC_19, array</column>
<column name="localC_19_d1">out, 32, ap_memory, localC_19, array</column>
<column name="localC_20_address0">out, 12, ap_memory, localC_20, array</column>
<column name="localC_20_ce0">out, 1, ap_memory, localC_20, array</column>
<column name="localC_20_q0">in, 32, ap_memory, localC_20, array</column>
<column name="localC_20_address1">out, 12, ap_memory, localC_20, array</column>
<column name="localC_20_ce1">out, 1, ap_memory, localC_20, array</column>
<column name="localC_20_we1">out, 1, ap_memory, localC_20, array</column>
<column name="localC_20_d1">out, 32, ap_memory, localC_20, array</column>
<column name="localC_21_address0">out, 12, ap_memory, localC_21, array</column>
<column name="localC_21_ce0">out, 1, ap_memory, localC_21, array</column>
<column name="localC_21_q0">in, 32, ap_memory, localC_21, array</column>
<column name="localC_21_address1">out, 12, ap_memory, localC_21, array</column>
<column name="localC_21_ce1">out, 1, ap_memory, localC_21, array</column>
<column name="localC_21_we1">out, 1, ap_memory, localC_21, array</column>
<column name="localC_21_d1">out, 32, ap_memory, localC_21, array</column>
<column name="localC_22_address0">out, 12, ap_memory, localC_22, array</column>
<column name="localC_22_ce0">out, 1, ap_memory, localC_22, array</column>
<column name="localC_22_q0">in, 32, ap_memory, localC_22, array</column>
<column name="localC_22_address1">out, 12, ap_memory, localC_22, array</column>
<column name="localC_22_ce1">out, 1, ap_memory, localC_22, array</column>
<column name="localC_22_we1">out, 1, ap_memory, localC_22, array</column>
<column name="localC_22_d1">out, 32, ap_memory, localC_22, array</column>
<column name="localC_23_address0">out, 12, ap_memory, localC_23, array</column>
<column name="localC_23_ce0">out, 1, ap_memory, localC_23, array</column>
<column name="localC_23_q0">in, 32, ap_memory, localC_23, array</column>
<column name="localC_23_address1">out, 12, ap_memory, localC_23, array</column>
<column name="localC_23_ce1">out, 1, ap_memory, localC_23, array</column>
<column name="localC_23_we1">out, 1, ap_memory, localC_23, array</column>
<column name="localC_23_d1">out, 32, ap_memory, localC_23, array</column>
<column name="localC_24_address0">out, 12, ap_memory, localC_24, array</column>
<column name="localC_24_ce0">out, 1, ap_memory, localC_24, array</column>
<column name="localC_24_q0">in, 32, ap_memory, localC_24, array</column>
<column name="localC_24_address1">out, 12, ap_memory, localC_24, array</column>
<column name="localC_24_ce1">out, 1, ap_memory, localC_24, array</column>
<column name="localC_24_we1">out, 1, ap_memory, localC_24, array</column>
<column name="localC_24_d1">out, 32, ap_memory, localC_24, array</column>
<column name="localC_25_address0">out, 12, ap_memory, localC_25, array</column>
<column name="localC_25_ce0">out, 1, ap_memory, localC_25, array</column>
<column name="localC_25_q0">in, 32, ap_memory, localC_25, array</column>
<column name="localC_25_address1">out, 12, ap_memory, localC_25, array</column>
<column name="localC_25_ce1">out, 1, ap_memory, localC_25, array</column>
<column name="localC_25_we1">out, 1, ap_memory, localC_25, array</column>
<column name="localC_25_d1">out, 32, ap_memory, localC_25, array</column>
<column name="localC_26_address0">out, 12, ap_memory, localC_26, array</column>
<column name="localC_26_ce0">out, 1, ap_memory, localC_26, array</column>
<column name="localC_26_q0">in, 32, ap_memory, localC_26, array</column>
<column name="localC_26_address1">out, 12, ap_memory, localC_26, array</column>
<column name="localC_26_ce1">out, 1, ap_memory, localC_26, array</column>
<column name="localC_26_we1">out, 1, ap_memory, localC_26, array</column>
<column name="localC_26_d1">out, 32, ap_memory, localC_26, array</column>
<column name="localC_27_address0">out, 12, ap_memory, localC_27, array</column>
<column name="localC_27_ce0">out, 1, ap_memory, localC_27, array</column>
<column name="localC_27_q0">in, 32, ap_memory, localC_27, array</column>
<column name="localC_27_address1">out, 12, ap_memory, localC_27, array</column>
<column name="localC_27_ce1">out, 1, ap_memory, localC_27, array</column>
<column name="localC_27_we1">out, 1, ap_memory, localC_27, array</column>
<column name="localC_27_d1">out, 32, ap_memory, localC_27, array</column>
<column name="p_ZZ5mmultE6localC_10_address0">out, 12, ap_memory, p_ZZ5mmultE6localC_10, array</column>
<column name="p_ZZ5mmultE6localC_10_ce0">out, 1, ap_memory, p_ZZ5mmultE6localC_10, array</column>
<column name="p_ZZ5mmultE6localC_10_q0">in, 32, ap_memory, p_ZZ5mmultE6localC_10, array</column>
<column name="p_ZZ5mmultE6localC_10_address1">out, 12, ap_memory, p_ZZ5mmultE6localC_10, array</column>
<column name="p_ZZ5mmultE6localC_10_ce1">out, 1, ap_memory, p_ZZ5mmultE6localC_10, array</column>
<column name="p_ZZ5mmultE6localC_10_we1">out, 1, ap_memory, p_ZZ5mmultE6localC_10, array</column>
<column name="p_ZZ5mmultE6localC_10_d1">out, 32, ap_memory, p_ZZ5mmultE6localC_10, array</column>
<column name="p_ZZ5mmultE6localC_11_address0">out, 12, ap_memory, p_ZZ5mmultE6localC_11, array</column>
<column name="p_ZZ5mmultE6localC_11_ce0">out, 1, ap_memory, p_ZZ5mmultE6localC_11, array</column>
<column name="p_ZZ5mmultE6localC_11_q0">in, 32, ap_memory, p_ZZ5mmultE6localC_11, array</column>
<column name="p_ZZ5mmultE6localC_11_address1">out, 12, ap_memory, p_ZZ5mmultE6localC_11, array</column>
<column name="p_ZZ5mmultE6localC_11_ce1">out, 1, ap_memory, p_ZZ5mmultE6localC_11, array</column>
<column name="p_ZZ5mmultE6localC_11_we1">out, 1, ap_memory, p_ZZ5mmultE6localC_11, array</column>
<column name="p_ZZ5mmultE6localC_11_d1">out, 32, ap_memory, p_ZZ5mmultE6localC_11, array</column>
<column name="p_ZZ5mmultE6localC_12_address0">out, 12, ap_memory, p_ZZ5mmultE6localC_12, array</column>
<column name="p_ZZ5mmultE6localC_12_ce0">out, 1, ap_memory, p_ZZ5mmultE6localC_12, array</column>
<column name="p_ZZ5mmultE6localC_12_q0">in, 32, ap_memory, p_ZZ5mmultE6localC_12, array</column>
<column name="p_ZZ5mmultE6localC_12_address1">out, 12, ap_memory, p_ZZ5mmultE6localC_12, array</column>
<column name="p_ZZ5mmultE6localC_12_ce1">out, 1, ap_memory, p_ZZ5mmultE6localC_12, array</column>
<column name="p_ZZ5mmultE6localC_12_we1">out, 1, ap_memory, p_ZZ5mmultE6localC_12, array</column>
<column name="p_ZZ5mmultE6localC_12_d1">out, 32, ap_memory, p_ZZ5mmultE6localC_12, array</column>
<column name="p_ZZ5mmultE6localC_13_address0">out, 12, ap_memory, p_ZZ5mmultE6localC_13, array</column>
<column name="p_ZZ5mmultE6localC_13_ce0">out, 1, ap_memory, p_ZZ5mmultE6localC_13, array</column>
<column name="p_ZZ5mmultE6localC_13_q0">in, 32, ap_memory, p_ZZ5mmultE6localC_13, array</column>
<column name="p_ZZ5mmultE6localC_13_address1">out, 12, ap_memory, p_ZZ5mmultE6localC_13, array</column>
<column name="p_ZZ5mmultE6localC_13_ce1">out, 1, ap_memory, p_ZZ5mmultE6localC_13, array</column>
<column name="p_ZZ5mmultE6localC_13_we1">out, 1, ap_memory, p_ZZ5mmultE6localC_13, array</column>
<column name="p_ZZ5mmultE6localC_13_d1">out, 32, ap_memory, p_ZZ5mmultE6localC_13, array</column>
<column name="p_ZZ5mmultE6localC_14_address0">out, 12, ap_memory, p_ZZ5mmultE6localC_14, array</column>
<column name="p_ZZ5mmultE6localC_14_ce0">out, 1, ap_memory, p_ZZ5mmultE6localC_14, array</column>
<column name="p_ZZ5mmultE6localC_14_q0">in, 32, ap_memory, p_ZZ5mmultE6localC_14, array</column>
<column name="p_ZZ5mmultE6localC_14_address1">out, 12, ap_memory, p_ZZ5mmultE6localC_14, array</column>
<column name="p_ZZ5mmultE6localC_14_ce1">out, 1, ap_memory, p_ZZ5mmultE6localC_14, array</column>
<column name="p_ZZ5mmultE6localC_14_we1">out, 1, ap_memory, p_ZZ5mmultE6localC_14, array</column>
<column name="p_ZZ5mmultE6localC_14_d1">out, 32, ap_memory, p_ZZ5mmultE6localC_14, array</column>
<column name="p_ZZ5mmultE6localC_15_address0">out, 12, ap_memory, p_ZZ5mmultE6localC_15, array</column>
<column name="p_ZZ5mmultE6localC_15_ce0">out, 1, ap_memory, p_ZZ5mmultE6localC_15, array</column>
<column name="p_ZZ5mmultE6localC_15_q0">in, 32, ap_memory, p_ZZ5mmultE6localC_15, array</column>
<column name="p_ZZ5mmultE6localC_15_address1">out, 12, ap_memory, p_ZZ5mmultE6localC_15, array</column>
<column name="p_ZZ5mmultE6localC_15_ce1">out, 1, ap_memory, p_ZZ5mmultE6localC_15, array</column>
<column name="p_ZZ5mmultE6localC_15_we1">out, 1, ap_memory, p_ZZ5mmultE6localC_15, array</column>
<column name="p_ZZ5mmultE6localC_15_d1">out, 32, ap_memory, p_ZZ5mmultE6localC_15, array</column>
</table>
</item>
</section>
</profile>
