<profile>

<section name = "Vitis HLS Report for 'mmult'" level="0">
<item name = "Date">Thu Dec 26 01:54:19 2024
</item>
<item name = "Version">2022.1 (Build 3526262 on Mon Apr 18 15:47:01 MDT 2022)</item>
<item name = "Project">q_matmul_k</item>
<item name = "Solution">solution1 (Vivado IP Flow Target)</item>
<item name = "Product family">virtexuplus</item>
<item name = "Target device">xcu50-fsvh2104-2-e</item>
</section>

<section name = "Performance Estimates" level="0">
<item name = "Timing">
<section name = "" level="1">
<item name = "Summary"><table name="" hasTotal="0">
<keys size="4">Clock, Target, Estimated, Uncertainty</keys>
<column name="ap_clk">10.00 ns, 7.300 ns, 2.70 ns</column>
</table>
</item>
</section>
</item>
<item name = "Latency">
<section name = "" level="1">
<item name = "Summary"><table name="" hasTotal="0">
<keys size="8">, min, max, min, max, min, max, Type</keys>
<column name="">128338, 128338, 1.283 ms, 1.283 ms, 128339, 128339, no</column>
</table>
</item>
<item name = "Detail">
<section name = "" level="1">
<item name = "Instance"><table name="" hasTotal="0">
<keys size="9">Instance, Module, min, max, min, max, min, max, Type</keys>
<column name="grp_mmult_Pipeline_readA_fu_23498">mmult_Pipeline_readA, 12617, 12617, 0.126 ms, 0.126 ms, 12617, 12617, no</column>
<column name="grp_mmult_Pipeline_readB_fu_23634">mmult_Pipeline_readB, 12618, 12618, 0.126 ms, 0.126 ms, 12618, 12618, no</column>
<column name="grp_mmult_Pipeline_initC_VITIS_LOOP_77_1_fu_23674">mmult_Pipeline_initC_VITIS_LOOP_77_1, 38813, 38813, 0.388 ms, 0.388 ms, 38813, 38813, no</column>
<column name="grp_mmult_Pipeline_init_inC_fu_23710">mmult_Pipeline_init_inC, 18, 18, 0.180 us, 0.180 us, 18, 18, no</column>
<column name="grp_mmult_Pipeline_read_subA_fu_24226">mmult_Pipeline_read_subA, 19, 19, 0.190 us, 0.190 us, 19, 19, no</column>
<column name="grp_mmult_Pipeline_read_subB_fu_24423">mmult_Pipeline_read_subB, 67, 67, 0.670 us, 0.670 us, 67, 67, no</column>
<column name="grp_mmult_Pipeline_init_inAB_fu_26519">mmult_Pipeline_init_inAB, 18, 18, 0.180 us, 0.180 us, 18, 18, no</column>
<column name="grp_mmult_Pipeline_VITIS_LOOP_173_7_fu_27483">mmult_Pipeline_VITIS_LOOP_173_7, 193, 193, 1.930 us, 1.930 us, 193, 193, no</column>
<column name="grp_mmult_Pipeline_VITIS_LOOP_223_16_fu_31135">mmult_Pipeline_VITIS_LOOP_223_16, 26, 26, 0.260 us, 0.260 us, 26, 26, no</column>
<column name="grp_mmult_Pipeline_writeC_fu_31440">mmult_Pipeline_writeC, 38820, 38820, 0.388 ms, 0.388 ms, 38820, 38820, no</column>
</table>
</item>
<item name = "Loop"><table name="" hasTotal="0">
<keys size="8">Loop Name, min, max, Latency, achieved, target, Count, Pipelined</keys>
<column name="- tile_outer_loop_VITIS_LOOP_105_2">50700, 50700, 300, -, -, 169, no</column>
</table>
</item>
</section>
</item>
</section>
</item>
</section>
</profile>
