<profile>

<section name = "Vitis HLS Report for 'mmult_Pipeline_store_tileC'" level="0">
<item name = "Date">Wed Dec 25 23:52:05 2024
</item>
<item name = "Version">2022.1 (Build 3526262 on Mon Apr 18 15:47:01 MDT 2022)</item>
<item name = "Project">q_matmul_k</item>
<item name = "Solution">solution1 (Vivado IP Flow Target)</item>
<item name = "Product family">virtexuplus</item>
<item name = "Target device">xcu50-fsvh2104-2-e</item>
</section>

<section name = "Performance Estimates" level="0">
<item name = "Timing">
<section name = "" level="1">
<item name = "Summary"><table name="" hasTotal="0">
<keys size="4">Clock, Target, Estimated, Uncertainty</keys>
<column name="ap_clk">10.00 ns, 6.480 ns, 2.70 ns</column>
</table>
</item>
</section>
</item>
<item name = "Latency">
<section name = "" level="1">
<item name = "Summary"><table name="" hasTotal="0">
<keys size="8">, min, max, min, max, min, max, Type</keys>
<column name="">370, 370, 3.700 us, 3.700 us, 370, 370, no</column>
</table>
</item>
<item name = "Detail">
<section name = "" level="1">
<item name = "Instance"><table name="" hasTotal="0">
<keys size="9">Instance, Module, min, max, min, max, min, max, Type</keys>
</table>
</item>
<item name = "Loop"><table name="" hasTotal="0">
<keys size="8">Loop Name, min, max, Latency, achieved, target, Count, Pipelined</keys>
<column name="- store_tileC">368, 368, 23, 23, 1, 16, yes</column>
</table>
</item>
</section>
</item>
</section>
</item>
</section>

<section name = "Utilization Estimates" level="0">
<item name = "Summary"><table name="" hasTotal="1">
<keys size="6">Name, BRAM_18K, DSP, FF, LUT, URAM</keys>
<column name="DSP">-, -, -, -, -</column>
<column name="Expression">-, -, 0, 438, -</column>
<column name="FIFO">-, -, -, -, -</column>
<column name="Instance">-, 0, 0, 1089, -</column>
<column name="Memory">-, -, -, -, -</column>
<column name="Multiplexer">-, -, -, 520, -</column>
<column name="Register">-, -, 1295, -, -</column>
<specialColumn name="Available SLR">1344, 2976, 871680, 435840, 320</specialColumn>
<specialColumn name="Utilization SLR (%)">0, 0, ~0, ~0, 0</specialColumn>
<specialColumn name="Available">2688, 5952, 1743360, 871680, 640</specialColumn>
<specialColumn name="Utilization (%)">0, 0, ~0, ~0, 0</specialColumn>
</table>
</item>
<item name = "Detail">
<section name = "" level="1">
<item name = "Instance"><table name="" hasTotal="1">
<keys size="7">Instance, Module, BRAM_18K, DSP, FF, LUT, URAM</keys>
<column name="mul_8ns_9ns_16_1_1_U7583">mul_8ns_9ns_16_1_1, 0, 0, 0, 49, 0</column>
<column name="mux_165_32_1_1_U7584">mux_165_32_1_1, 0, 0, 0, 65, 0</column>
<column name="mux_165_32_1_1_U7585">mux_165_32_1_1, 0, 0, 0, 65, 0</column>
<column name="mux_165_32_1_1_U7586">mux_165_32_1_1, 0, 0, 0, 65, 0</column>
<column name="mux_165_32_1_1_U7587">mux_165_32_1_1, 0, 0, 0, 65, 0</column>
<column name="mux_165_32_1_1_U7588">mux_165_32_1_1, 0, 0, 0, 65, 0</column>
<column name="mux_165_32_1_1_U7589">mux_165_32_1_1, 0, 0, 0, 65, 0</column>
<column name="mux_165_32_1_1_U7590">mux_165_32_1_1, 0, 0, 0, 65, 0</column>
<column name="mux_165_32_1_1_U7591">mux_165_32_1_1, 0, 0, 0, 65, 0</column>
<column name="mux_165_32_1_1_U7592">mux_165_32_1_1, 0, 0, 0, 65, 0</column>
<column name="mux_165_32_1_1_U7593">mux_165_32_1_1, 0, 0, 0, 65, 0</column>
<column name="mux_165_32_1_1_U7594">mux_165_32_1_1, 0, 0, 0, 65, 0</column>
<column name="mux_165_32_1_1_U7595">mux_165_32_1_1, 0, 0, 0, 65, 0</column>
<column name="mux_165_32_1_1_U7596">mux_165_32_1_1, 0, 0, 0, 65, 0</column>
<column name="mux_165_32_1_1_U7597">mux_165_32_1_1, 0, 0, 0, 65, 0</column>
<column name="mux_165_32_1_1_U7598">mux_165_32_1_1, 0, 0, 0, 65, 0</column>
<column name="mux_165_32_1_1_U7599">mux_165_32_1_1, 0, 0, 0, 65, 0</column>
</table>
</item>
<item name = "DSP"><table name="" hasTotal="0">
<keys size="3">Instance, Module, Expression</keys>
</table>
</item>
<item name = "Memory"><table name="" hasTotal="1">
<keys size="10">Memory, Module, BRAM_18K, FF, LUT, URAM, Words, Bits, Banks, W*Bits*Banks</keys>
</table>
</item>
<item name = "FIFO"><table name="" hasTotal="1">
<keys size="8">Name, BRAM_18K, FF, LUT, URAM, Depth, Bits, Size:D*B</keys>
</table>
</item>
<item name = "Expression"><table name="" hasTotal="1">
<keys size="7">Variable Name, Operation, DSP, FF, LUT, Bitwidth P0, Bitwidth P1</keys>
<column name="add_ln223_fu_2594_p2">+, 0, 0, 12, 5, 1</column>
<column name="add_ln231_10_fu_2730_p2">+, 0, 0, 23, 16, 16</column>
<column name="add_ln231_11_fu_2741_p2">+, 0, 0, 23, 16, 16</column>
<column name="add_ln231_12_fu_2752_p2">+, 0, 0, 23, 16, 16</column>
<column name="add_ln231_13_fu_2763_p2">+, 0, 0, 23, 16, 16</column>
<column name="add_ln231_14_fu_2774_p2">+, 0, 0, 23, 16, 16</column>
<column name="add_ln231_15_fu_2785_p2">+, 0, 0, 23, 16, 16</column>
<column name="add_ln231_1_fu_2631_p2">+, 0, 0, 23, 16, 16</column>
<column name="add_ln231_2_fu_2642_p2">+, 0, 0, 23, 16, 16</column>
<column name="add_ln231_3_fu_2653_p2">+, 0, 0, 23, 16, 16</column>
<column name="add_ln231_4_fu_2664_p2">+, 0, 0, 23, 16, 16</column>
<column name="add_ln231_5_fu_2675_p2">+, 0, 0, 23, 16, 16</column>
<column name="add_ln231_6_fu_2686_p2">+, 0, 0, 23, 16, 16</column>
<column name="add_ln231_7_fu_2697_p2">+, 0, 0, 23, 16, 16</column>
<column name="add_ln231_8_fu_2708_p2">+, 0, 0, 23, 16, 16</column>
<column name="add_ln231_9_fu_2719_p2">+, 0, 0, 23, 16, 16</column>
<column name="add_ln231_fu_2620_p2">+, 0, 0, 23, 16, 16</column>
<column name="empty_33_fu_2604_p2">+, 0, 0, 15, 8, 8</column>
<column name="and_ln229_10_fu_3432_p2">and, 0, 0, 2, 1, 1</column>
<column name="and_ln229_1_fu_3036_p2">and, 0, 0, 2, 1, 1</column>
<column name="and_ln229_2_fu_3080_p2">and, 0, 0, 2, 1, 1</column>
<column name="and_ln229_3_fu_3124_p2">and, 0, 0, 2, 1, 1</column>
<column name="and_ln229_4_fu_3168_p2">and, 0, 0, 2, 1, 1</column>
<column name="and_ln229_5_fu_3212_p2">and, 0, 0, 2, 1, 1</column>
<column name="and_ln229_6_fu_3256_p2">and, 0, 0, 2, 1, 1</column>
<column name="and_ln229_7_fu_3300_p2">and, 0, 0, 2, 1, 1</column>
<column name="and_ln229_8_fu_3344_p2">and, 0, 0, 2, 1, 1</column>
<column name="and_ln229_9_fu_3388_p2">and, 0, 0, 2, 1, 1</column>
<column name="and_ln229_fu_2992_p2">and, 0, 0, 2, 1, 1</column>
<column name="cmp316_fu_2796_p2">icmp, 0, 0, 11, 8, 7</column>
<column name="icmp_ln223_fu_2588_p2">icmp, 0, 0, 10, 5, 6</column>
</table>
</item>
<item name = "Multiplexer"><table name="" hasTotal="1">
<keys size="5">Name, LUT, Input Size, Bits, Total Bits</keys>
<column name="ap_NS_fsm">118, 24, 1, 24</column>
<column name="ap_done_int">9, 2, 1, 2</column>
<column name="ap_sig_allocacmp_i_2">9, 2, 5, 10</column>
<column name="grp_fu_2447_p0">31, 6, 32, 192</column>
<column name="grp_fu_2447_p1">54, 10, 32, 320</column>
<column name="grp_fu_2451_p0">26, 5, 32, 160</column>
<column name="grp_fu_2451_p1">43, 8, 32, 256</column>
<column name="i_fu_616">9, 2, 5, 10</column>
<column name="localC_address0">54, 10, 16, 160</column>
<column name="localC_address1">86, 18, 16, 288</column>
<column name="localC_d1">54, 10, 32, 320</column>
<column name="reg_2455">9, 2, 32, 64</column>
<column name="reg_2461">9, 2, 32, 64</column>
<column name="reg_2468">9, 2, 32, 64</column>
</table>
</item>
<item name = "Register"><table name="" hasTotal="1">
<keys size="5">Name, FF, LUT, Bits, Const Bits</keys>
<column name="add328_11_reg_3728">32, 0, 32, 0</column>
<column name="add328_6_reg_3713">32, 0, 32, 0</column>
<column name="add328_8_reg_3718">32, 0, 32, 0</column>
<column name="add328_9_reg_3723">32, 0, 32, 0</column>
<column name="add_ln223_reg_3491">5, 0, 5, 0</column>
<column name="and_ln229_10_reg_3704">1, 0, 1, 0</column>
<column name="and_ln229_1_reg_3623">1, 0, 1, 0</column>
<column name="and_ln229_2_reg_3632">1, 0, 1, 0</column>
<column name="and_ln229_3_reg_3641">1, 0, 1, 0</column>
<column name="and_ln229_4_reg_3650">1, 0, 1, 0</column>
<column name="and_ln229_5_reg_3659">1, 0, 1, 0</column>
<column name="and_ln229_6_reg_3668">1, 0, 1, 0</column>
<column name="and_ln229_7_reg_3677">1, 0, 1, 0</column>
<column name="and_ln229_8_reg_3686">1, 0, 1, 0</column>
<column name="and_ln229_9_reg_3695">1, 0, 1, 0</column>
<column name="and_ln229_reg_3614">1, 0, 1, 0</column>
<column name="ap_CS_fsm">23, 0, 23, 0</column>
<column name="ap_done_reg">1, 0, 1, 0</column>
<column name="cmp316_reg_3585">1, 0, 1, 0</column>
<column name="i_fu_616">5, 0, 5, 0</column>
<column name="icmp_ln223_reg_3487">1, 0, 1, 0</column>
<column name="localC_addr_10_reg_3550">16, 0, 16, 0</column>
<column name="localC_addr_11_reg_3556">16, 0, 16, 0</column>
<column name="localC_addr_12_reg_3562">16, 0, 16, 0</column>
<column name="localC_addr_13_reg_3567">16, 0, 16, 0</column>
<column name="localC_addr_14_reg_3573">16, 0, 16, 0</column>
<column name="localC_addr_15_reg_3579">16, 0, 16, 0</column>
<column name="localC_addr_1_reg_3501">16, 0, 16, 0</column>
<column name="localC_addr_2_reg_3506">16, 0, 16, 0</column>
<column name="localC_addr_3_reg_3512">16, 0, 16, 0</column>
<column name="localC_addr_4_reg_3517">16, 0, 16, 0</column>
<column name="localC_addr_5_reg_3523">16, 0, 16, 0</column>
<column name="localC_addr_6_reg_3528">16, 0, 16, 0</column>
<column name="localC_addr_7_reg_3534">16, 0, 16, 0</column>
<column name="localC_addr_8_reg_3539">16, 0, 16, 0</column>
<column name="localC_addr_9_reg_3545">16, 0, 16, 0</column>
<column name="localC_addr_reg_3496">16, 0, 16, 0</column>
<column name="reg_2455">32, 0, 32, 0</column>
<column name="reg_2461">32, 0, 32, 0</column>
<column name="reg_2468">32, 0, 32, 0</column>
<column name="reg_2475">32, 0, 32, 0</column>
<column name="reg_2481">32, 0, 32, 0</column>
<column name="reg_2486">32, 0, 32, 0</column>
<column name="reg_2491">32, 0, 32, 0</column>
<column name="reg_2496">32, 0, 32, 0</column>
<column name="reg_2501">32, 0, 32, 0</column>
<column name="reg_2506">32, 0, 32, 0</column>
<column name="reg_2511">32, 0, 32, 0</column>
<column name="tmp_10_reg_3663">32, 0, 32, 0</column>
<column name="tmp_11_reg_3672">32, 0, 32, 0</column>
<column name="tmp_12_reg_3681">32, 0, 32, 0</column>
<column name="tmp_13_reg_3690">32, 0, 32, 0</column>
<column name="tmp_14_reg_3699">32, 0, 32, 0</column>
<column name="tmp_15_reg_3708">32, 0, 32, 0</column>
<column name="tmp_1_reg_3636">32, 0, 32, 0</column>
<column name="tmp_2_reg_3589">32, 0, 32, 0</column>
<column name="tmp_3_reg_3594">32, 0, 32, 0</column>
<column name="tmp_4_reg_3599">32, 0, 32, 0</column>
<column name="tmp_5_reg_3604">32, 0, 32, 0</column>
<column name="tmp_6_reg_3609">32, 0, 32, 0</column>
<column name="tmp_7_reg_3645">32, 0, 32, 0</column>
<column name="tmp_8_reg_3618">32, 0, 32, 0</column>
<column name="tmp_9_reg_3654">32, 0, 32, 0</column>
<column name="tmp_s_reg_3627">32, 0, 32, 0</column>
</table>
</item>
</section>
</item>
</section>

<section name = "Interface" level="0">
<item name = "Summary"><table name="" hasTotal="0">
<keys size="6">RTL Ports, Dir, Bits, Protocol, Source Object, C Type</keys>
<column name="ap_clk">in, 1, ap_ctrl_hs, mmult_Pipeline_store_tileC, return value</column>
<column name="ap_rst">in, 1, ap_ctrl_hs, mmult_Pipeline_store_tileC, return value</column>
<column name="ap_start">in, 1, ap_ctrl_hs, mmult_Pipeline_store_tileC, return value</column>
<column name="ap_done">out, 1, ap_ctrl_hs, mmult_Pipeline_store_tileC, return value</column>
<column name="ap_idle">out, 1, ap_ctrl_hs, mmult_Pipeline_store_tileC, return value</column>
<column name="ap_ready">out, 1, ap_ctrl_hs, mmult_Pipeline_store_tileC, return value</column>
<column name="grp_fu_97625_p_din0">out, 32, ap_ctrl_hs, mmult_Pipeline_store_tileC, return value</column>
<column name="grp_fu_97625_p_din1">out, 32, ap_ctrl_hs, mmult_Pipeline_store_tileC, return value</column>
<column name="grp_fu_97625_p_opcode">out, 2, ap_ctrl_hs, mmult_Pipeline_store_tileC, return value</column>
<column name="grp_fu_97625_p_dout0">in, 32, ap_ctrl_hs, mmult_Pipeline_store_tileC, return value</column>
<column name="grp_fu_97625_p_ce">out, 1, ap_ctrl_hs, mmult_Pipeline_store_tileC, return value</column>
<column name="grp_fu_97629_p_din0">out, 32, ap_ctrl_hs, mmult_Pipeline_store_tileC, return value</column>
<column name="grp_fu_97629_p_din1">out, 32, ap_ctrl_hs, mmult_Pipeline_store_tileC, return value</column>
<column name="grp_fu_97629_p_opcode">out, 2, ap_ctrl_hs, mmult_Pipeline_store_tileC, return value</column>
<column name="grp_fu_97629_p_dout0">in, 32, ap_ctrl_hs, mmult_Pipeline_store_tileC, return value</column>
<column name="grp_fu_97629_p_ce">out, 1, ap_ctrl_hs, mmult_Pipeline_store_tileC, return value</column>
<column name="cmp120_15">in, 1, ap_none, cmp120_15, scalar</column>
<column name="cmp120_14">in, 1, ap_none, cmp120_14, scalar</column>
<column name="cmp120_13">in, 1, ap_none, cmp120_13, scalar</column>
<column name="cmp120_12">in, 1, ap_none, cmp120_12, scalar</column>
<column name="cmp120_11">in, 1, ap_none, cmp120_11, scalar</column>
<column name="cmp120_10">in, 1, ap_none, cmp120_10, scalar</column>
<column name="cmp120_9">in, 1, ap_none, cmp120_9, scalar</column>
<column name="cmp120_8">in, 1, ap_none, cmp120_8, scalar</column>
<column name="cmp120_7">in, 1, ap_none, cmp120_7, scalar</column>
<column name="cmp120_6">in, 1, ap_none, cmp120_6, scalar</column>
<column name="cmp120_5">in, 1, ap_none, cmp120_5, scalar</column>
<column name="p_mid2">in, 8, ap_none, p_mid2, scalar</column>
<column name="p_cast17">in, 8, ap_none, p_cast17, scalar</column>
<column name="zext_ln144">in, 8, ap_none, zext_ln144, scalar</column>
<column name="p_cast33">in, 8, ap_none, p_cast33, scalar</column>
<column name="p_cast32">in, 8, ap_none, p_cast32, scalar</column>
<column name="zext_ln195">in, 8, ap_none, zext_ln195, scalar</column>
<column name="p_cast18">in, 8, ap_none, p_cast18, scalar</column>
<column name="p_cast19">in, 8, ap_none, p_cast19, scalar</column>
<column name="p_cast20">in, 8, ap_none, p_cast20, scalar</column>
<column name="p_cast21">in, 8, ap_none, p_cast21, scalar</column>
<column name="p_cast22">in, 8, ap_none, p_cast22, scalar</column>
<column name="p_cast23">in, 8, ap_none, p_cast23, scalar</column>
<column name="p_cast24">in, 8, ap_none, p_cast24, scalar</column>
<column name="p_cast25">in, 8, ap_none, p_cast25, scalar</column>
<column name="p_cast26">in, 8, ap_none, p_cast26, scalar</column>
<column name="p_cast27">in, 8, ap_none, p_cast27, scalar</column>
<column name="p_cast28">in, 8, ap_none, p_cast28, scalar</column>
<column name="inC_reload">in, 32, ap_none, inC_reload, scalar</column>
<column name="inC_16_reload">in, 32, ap_none, inC_16_reload, scalar</column>
<column name="inC_32_reload">in, 32, ap_none, inC_32_reload, scalar</column>
<column name="inC_48_reload">in, 32, ap_none, inC_48_reload, scalar</column>
<column name="inC_64_reload">in, 32, ap_none, inC_64_reload, scalar</column>
<column name="inC_80_reload">in, 32, ap_none, inC_80_reload, scalar</column>
<column name="inC_96_reload">in, 32, ap_none, inC_96_reload, scalar</column>
<column name="inC_112_reload">in, 32, ap_none, inC_112_reload, scalar</column>
<column name="inC_128_reload">in, 32, ap_none, inC_128_reload, scalar</column>
<column name="inC_144_reload">in, 32, ap_none, inC_144_reload, scalar</column>
<column name="inC_160_reload">in, 32, ap_none, inC_160_reload, scalar</column>
<column name="inC_176_reload">in, 32, ap_none, inC_176_reload, scalar</column>
<column name="inC_192_reload">in, 32, ap_none, inC_192_reload, scalar</column>
<column name="inC_208_reload">in, 32, ap_none, inC_208_reload, scalar</column>
<column name="inC_224_reload">in, 32, ap_none, inC_224_reload, scalar</column>
<column name="inC_240_reload">in, 32, ap_none, inC_240_reload, scalar</column>
<column name="inC_1_reload">in, 32, ap_none, inC_1_reload, scalar</column>
<column name="inC_17_reload">in, 32, ap_none, inC_17_reload, scalar</column>
<column name="inC_33_reload">in, 32, ap_none, inC_33_reload, scalar</column>
<column name="inC_49_reload">in, 32, ap_none, inC_49_reload, scalar</column>
<column name="inC_65_reload">in, 32, ap_none, inC_65_reload, scalar</column>
<column name="inC_81_reload">in, 32, ap_none, inC_81_reload, scalar</column>
<column name="inC_97_reload">in, 32, ap_none, inC_97_reload, scalar</column>
<column name="inC_113_reload">in, 32, ap_none, inC_113_reload, scalar</column>
<column name="inC_129_reload">in, 32, ap_none, inC_129_reload, scalar</column>
<column name="inC_145_reload">in, 32, ap_none, inC_145_reload, scalar</column>
<column name="inC_161_reload">in, 32, ap_none, inC_161_reload, scalar</column>
<column name="inC_177_reload">in, 32, ap_none, inC_177_reload, scalar</column>
<column name="inC_193_reload">in, 32, ap_none, inC_193_reload, scalar</column>
<column name="inC_209_reload">in, 32, ap_none, inC_209_reload, scalar</column>
<column name="inC_225_reload">in, 32, ap_none, inC_225_reload, scalar</column>
<column name="inC_241_reload">in, 32, ap_none, inC_241_reload, scalar</column>
<column name="inC_2_reload">in, 32, ap_none, inC_2_reload, scalar</column>
<column name="inC_18_reload">in, 32, ap_none, inC_18_reload, scalar</column>
<column name="inC_34_reload">in, 32, ap_none, inC_34_reload, scalar</column>
<column name="inC_50_reload">in, 32, ap_none, inC_50_reload, scalar</column>
<column name="inC_66_reload">in, 32, ap_none, inC_66_reload, scalar</column>
<column name="inC_82_reload">in, 32, ap_none, inC_82_reload, scalar</column>
<column name="inC_98_reload">in, 32, ap_none, inC_98_reload, scalar</column>
<column name="inC_114_reload">in, 32, ap_none, inC_114_reload, scalar</column>
<column name="inC_130_reload">in, 32, ap_none, inC_130_reload, scalar</column>
<column name="inC_146_reload">in, 32, ap_none, inC_146_reload, scalar</column>
<column name="inC_162_reload">in, 32, ap_none, inC_162_reload, scalar</column>
<column name="inC_178_reload">in, 32, ap_none, inC_178_reload, scalar</column>
<column name="inC_194_reload">in, 32, ap_none, inC_194_reload, scalar</column>
<column name="inC_210_reload">in, 32, ap_none, inC_210_reload, scalar</column>
<column name="inC_226_reload">in, 32, ap_none, inC_226_reload, scalar</column>
<column name="inC_242_reload">in, 32, ap_none, inC_242_reload, scalar</column>
<column name="inC_3_reload">in, 32, ap_none, inC_3_reload, scalar</column>
<column name="inC_19_reload">in, 32, ap_none, inC_19_reload, scalar</column>
<column name="inC_35_reload">in, 32, ap_none, inC_35_reload, scalar</column>
<column name="inC_51_reload">in, 32, ap_none, inC_51_reload, scalar</column>
<column name="inC_67_reload">in, 32, ap_none, inC_67_reload, scalar</column>
<column name="inC_83_reload">in, 32, ap_none, inC_83_reload, scalar</column>
<column name="inC_99_reload">in, 32, ap_none, inC_99_reload, scalar</column>
<column name="inC_115_reload">in, 32, ap_none, inC_115_reload, scalar</column>
<column name="inC_131_reload">in, 32, ap_none, inC_131_reload, scalar</column>
<column name="inC_147_reload">in, 32, ap_none, inC_147_reload, scalar</column>
<column name="inC_163_reload">in, 32, ap_none, inC_163_reload, scalar</column>
<column name="inC_179_reload">in, 32, ap_none, inC_179_reload, scalar</column>
<column name="inC_195_reload">in, 32, ap_none, inC_195_reload, scalar</column>
<column name="inC_211_reload">in, 32, ap_none, inC_211_reload, scalar</column>
<column name="inC_227_reload">in, 32, ap_none, inC_227_reload, scalar</column>
<column name="inC_243_reload">in, 32, ap_none, inC_243_reload, scalar</column>
<column name="inC_4_reload">in, 32, ap_none, inC_4_reload, scalar</column>
<column name="inC_20_reload">in, 32, ap_none, inC_20_reload, scalar</column>
<column name="inC_36_reload">in, 32, ap_none, inC_36_reload, scalar</column>
<column name="inC_52_reload">in, 32, ap_none, inC_52_reload, scalar</column>
<column name="inC_68_reload">in, 32, ap_none, inC_68_reload, scalar</column>
<column name="inC_84_reload">in, 32, ap_none, inC_84_reload, scalar</column>
<column name="inC_100_reload">in, 32, ap_none, inC_100_reload, scalar</column>
<column name="inC_116_reload">in, 32, ap_none, inC_116_reload, scalar</column>
<column name="inC_132_reload">in, 32, ap_none, inC_132_reload, scalar</column>
<column name="inC_148_reload">in, 32, ap_none, inC_148_reload, scalar</column>
<column name="inC_164_reload">in, 32, ap_none, inC_164_reload, scalar</column>
<column name="inC_180_reload">in, 32, ap_none, inC_180_reload, scalar</column>
<column name="inC_196_reload">in, 32, ap_none, inC_196_reload, scalar</column>
<column name="inC_212_reload">in, 32, ap_none, inC_212_reload, scalar</column>
<column name="inC_228_reload">in, 32, ap_none, inC_228_reload, scalar</column>
<column name="inC_244_reload">in, 32, ap_none, inC_244_reload, scalar</column>
<column name="inC_5_reload">in, 32, ap_none, inC_5_reload, scalar</column>
<column name="inC_21_reload">in, 32, ap_none, inC_21_reload, scalar</column>
<column name="inC_37_reload">in, 32, ap_none, inC_37_reload, scalar</column>
<column name="inC_53_reload">in, 32, ap_none, inC_53_reload, scalar</column>
<column name="inC_69_reload">in, 32, ap_none, inC_69_reload, scalar</column>
<column name="inC_85_reload">in, 32, ap_none, inC_85_reload, scalar</column>
<column name="inC_101_reload">in, 32, ap_none, inC_101_reload, scalar</column>
<column name="inC_117_reload">in, 32, ap_none, inC_117_reload, scalar</column>
<column name="inC_133_reload">in, 32, ap_none, inC_133_reload, scalar</column>
<column name="inC_149_reload">in, 32, ap_none, inC_149_reload, scalar</column>
<column name="inC_165_reload">in, 32, ap_none, inC_165_reload, scalar</column>
<column name="inC_181_reload">in, 32, ap_none, inC_181_reload, scalar</column>
<column name="inC_197_reload">in, 32, ap_none, inC_197_reload, scalar</column>
<column name="inC_213_reload">in, 32, ap_none, inC_213_reload, scalar</column>
<column name="inC_229_reload">in, 32, ap_none, inC_229_reload, scalar</column>
<column name="inC_245_reload">in, 32, ap_none, inC_245_reload, scalar</column>
<column name="inC_6_reload">in, 32, ap_none, inC_6_reload, scalar</column>
<column name="inC_22_reload">in, 32, ap_none, inC_22_reload, scalar</column>
<column name="inC_38_reload">in, 32, ap_none, inC_38_reload, scalar</column>
<column name="inC_54_reload">in, 32, ap_none, inC_54_reload, scalar</column>
<column name="inC_70_reload">in, 32, ap_none, inC_70_reload, scalar</column>
<column name="inC_86_reload">in, 32, ap_none, inC_86_reload, scalar</column>
<column name="inC_102_reload">in, 32, ap_none, inC_102_reload, scalar</column>
<column name="inC_118_reload">in, 32, ap_none, inC_118_reload, scalar</column>
<column name="inC_134_reload">in, 32, ap_none, inC_134_reload, scalar</column>
<column name="inC_150_reload">in, 32, ap_none, inC_150_reload, scalar</column>
<column name="inC_166_reload">in, 32, ap_none, inC_166_reload, scalar</column>
<column name="inC_182_reload">in, 32, ap_none, inC_182_reload, scalar</column>
<column name="inC_198_reload">in, 32, ap_none, inC_198_reload, scalar</column>
<column name="inC_214_reload">in, 32, ap_none, inC_214_reload, scalar</column>
<column name="inC_230_reload">in, 32, ap_none, inC_230_reload, scalar</column>
<column name="inC_246_reload">in, 32, ap_none, inC_246_reload, scalar</column>
<column name="inC_7_reload">in, 32, ap_none, inC_7_reload, scalar</column>
<column name="inC_23_reload">in, 32, ap_none, inC_23_reload, scalar</column>
<column name="inC_39_reload">in, 32, ap_none, inC_39_reload, scalar</column>
<column name="inC_55_reload">in, 32, ap_none, inC_55_reload, scalar</column>
<column name="inC_71_reload">in, 32, ap_none, inC_71_reload, scalar</column>
<column name="inC_87_reload">in, 32, ap_none, inC_87_reload, scalar</column>
<column name="inC_103_reload">in, 32, ap_none, inC_103_reload, scalar</column>
<column name="inC_119_reload">in, 32, ap_none, inC_119_reload, scalar</column>
<column name="inC_135_reload">in, 32, ap_none, inC_135_reload, scalar</column>
<column name="inC_151_reload">in, 32, ap_none, inC_151_reload, scalar</column>
<column name="inC_167_reload">in, 32, ap_none, inC_167_reload, scalar</column>
<column name="inC_183_reload">in, 32, ap_none, inC_183_reload, scalar</column>
<column name="inC_199_reload">in, 32, ap_none, inC_199_reload, scalar</column>
<column name="inC_215_reload">in, 32, ap_none, inC_215_reload, scalar</column>
<column name="inC_231_reload">in, 32, ap_none, inC_231_reload, scalar</column>
<column name="inC_247_reload">in, 32, ap_none, inC_247_reload, scalar</column>
<column name="inC_8_reload">in, 32, ap_none, inC_8_reload, scalar</column>
<column name="inC_24_reload">in, 32, ap_none, inC_24_reload, scalar</column>
<column name="inC_40_reload">in, 32, ap_none, inC_40_reload, scalar</column>
<column name="inC_56_reload">in, 32, ap_none, inC_56_reload, scalar</column>
<column name="inC_72_reload">in, 32, ap_none, inC_72_reload, scalar</column>
<column name="inC_88_reload">in, 32, ap_none, inC_88_reload, scalar</column>
<column name="inC_104_reload">in, 32, ap_none, inC_104_reload, scalar</column>
<column name="inC_120_reload">in, 32, ap_none, inC_120_reload, scalar</column>
<column name="inC_136_reload">in, 32, ap_none, inC_136_reload, scalar</column>
<column name="inC_152_reload">in, 32, ap_none, inC_152_reload, scalar</column>
<column name="inC_168_reload">in, 32, ap_none, inC_168_reload, scalar</column>
<column name="inC_184_reload">in, 32, ap_none, inC_184_reload, scalar</column>
<column name="inC_200_reload">in, 32, ap_none, inC_200_reload, scalar</column>
<column name="inC_216_reload">in, 32, ap_none, inC_216_reload, scalar</column>
<column name="inC_232_reload">in, 32, ap_none, inC_232_reload, scalar</column>
<column name="inC_248_reload">in, 32, ap_none, inC_248_reload, scalar</column>
<column name="inC_9_reload">in, 32, ap_none, inC_9_reload, scalar</column>
<column name="inC_25_reload">in, 32, ap_none, inC_25_reload, scalar</column>
<column name="inC_41_reload">in, 32, ap_none, inC_41_reload, scalar</column>
<column name="inC_57_reload">in, 32, ap_none, inC_57_reload, scalar</column>
<column name="inC_73_reload">in, 32, ap_none, inC_73_reload, scalar</column>
<column name="inC_89_reload">in, 32, ap_none, inC_89_reload, scalar</column>
<column name="inC_105_reload">in, 32, ap_none, inC_105_reload, scalar</column>
<column name="inC_121_reload">in, 32, ap_none, inC_121_reload, scalar</column>
<column name="inC_137_reload">in, 32, ap_none, inC_137_reload, scalar</column>
<column name="inC_153_reload">in, 32, ap_none, inC_153_reload, scalar</column>
<column name="inC_169_reload">in, 32, ap_none, inC_169_reload, scalar</column>
<column name="inC_185_reload">in, 32, ap_none, inC_185_reload, scalar</column>
<column name="inC_201_reload">in, 32, ap_none, inC_201_reload, scalar</column>
<column name="inC_217_reload">in, 32, ap_none, inC_217_reload, scalar</column>
<column name="inC_233_reload">in, 32, ap_none, inC_233_reload, scalar</column>
<column name="inC_249_reload">in, 32, ap_none, inC_249_reload, scalar</column>
<column name="inC_10_reload">in, 32, ap_none, inC_10_reload, scalar</column>
<column name="inC_26_reload">in, 32, ap_none, inC_26_reload, scalar</column>
<column name="inC_42_reload">in, 32, ap_none, inC_42_reload, scalar</column>
<column name="inC_58_reload">in, 32, ap_none, inC_58_reload, scalar</column>
<column name="inC_74_reload">in, 32, ap_none, inC_74_reload, scalar</column>
<column name="inC_90_reload">in, 32, ap_none, inC_90_reload, scalar</column>
<column name="inC_106_reload">in, 32, ap_none, inC_106_reload, scalar</column>
<column name="inC_122_reload">in, 32, ap_none, inC_122_reload, scalar</column>
<column name="inC_138_reload">in, 32, ap_none, inC_138_reload, scalar</column>
<column name="inC_154_reload">in, 32, ap_none, inC_154_reload, scalar</column>
<column name="inC_170_reload">in, 32, ap_none, inC_170_reload, scalar</column>
<column name="inC_186_reload">in, 32, ap_none, inC_186_reload, scalar</column>
<column name="inC_202_reload">in, 32, ap_none, inC_202_reload, scalar</column>
<column name="inC_218_reload">in, 32, ap_none, inC_218_reload, scalar</column>
<column name="inC_234_reload">in, 32, ap_none, inC_234_reload, scalar</column>
<column name="inC_250_reload">in, 32, ap_none, inC_250_reload, scalar</column>
<column name="inC_11_reload">in, 32, ap_none, inC_11_reload, scalar</column>
<column name="inC_27_reload">in, 32, ap_none, inC_27_reload, scalar</column>
<column name="inC_43_reload">in, 32, ap_none, inC_43_reload, scalar</column>
<column name="inC_59_reload">in, 32, ap_none, inC_59_reload, scalar</column>
<column name="inC_75_reload">in, 32, ap_none, inC_75_reload, scalar</column>
<column name="inC_91_reload">in, 32, ap_none, inC_91_reload, scalar</column>
<column name="inC_107_reload">in, 32, ap_none, inC_107_reload, scalar</column>
<column name="inC_123_reload">in, 32, ap_none, inC_123_reload, scalar</column>
<column name="inC_139_reload">in, 32, ap_none, inC_139_reload, scalar</column>
<column name="inC_155_reload">in, 32, ap_none, inC_155_reload, scalar</column>
<column name="inC_171_reload">in, 32, ap_none, inC_171_reload, scalar</column>
<column name="inC_187_reload">in, 32, ap_none, inC_187_reload, scalar</column>
<column name="inC_203_reload">in, 32, ap_none, inC_203_reload, scalar</column>
<column name="inC_219_reload">in, 32, ap_none, inC_219_reload, scalar</column>
<column name="inC_235_reload">in, 32, ap_none, inC_235_reload, scalar</column>
<column name="inC_251_reload">in, 32, ap_none, inC_251_reload, scalar</column>
<column name="inC_12_reload">in, 32, ap_none, inC_12_reload, scalar</column>
<column name="inC_28_reload">in, 32, ap_none, inC_28_reload, scalar</column>
<column name="inC_44_reload">in, 32, ap_none, inC_44_reload, scalar</column>
<column name="inC_60_reload">in, 32, ap_none, inC_60_reload, scalar</column>
<column name="inC_76_reload">in, 32, ap_none, inC_76_reload, scalar</column>
<column name="inC_92_reload">in, 32, ap_none, inC_92_reload, scalar</column>
<column name="inC_108_reload">in, 32, ap_none, inC_108_reload, scalar</column>
<column name="inC_124_reload">in, 32, ap_none, inC_124_reload, scalar</column>
<column name="inC_140_reload">in, 32, ap_none, inC_140_reload, scalar</column>
<column name="inC_156_reload">in, 32, ap_none, inC_156_reload, scalar</column>
<column name="inC_172_reload">in, 32, ap_none, inC_172_reload, scalar</column>
<column name="inC_188_reload">in, 32, ap_none, inC_188_reload, scalar</column>
<column name="inC_204_reload">in, 32, ap_none, inC_204_reload, scalar</column>
<column name="inC_220_reload">in, 32, ap_none, inC_220_reload, scalar</column>
<column name="inC_236_reload">in, 32, ap_none, inC_236_reload, scalar</column>
<column name="inC_252_reload">in, 32, ap_none, inC_252_reload, scalar</column>
<column name="inC_13_reload">in, 32, ap_none, inC_13_reload, scalar</column>
<column name="inC_29_reload">in, 32, ap_none, inC_29_reload, scalar</column>
<column name="inC_45_reload">in, 32, ap_none, inC_45_reload, scalar</column>
<column name="inC_61_reload">in, 32, ap_none, inC_61_reload, scalar</column>
<column name="inC_77_reload">in, 32, ap_none, inC_77_reload, scalar</column>
<column name="inC_93_reload">in, 32, ap_none, inC_93_reload, scalar</column>
<column name="inC_109_reload">in, 32, ap_none, inC_109_reload, scalar</column>
<column name="inC_125_reload">in, 32, ap_none, inC_125_reload, scalar</column>
<column name="inC_141_reload">in, 32, ap_none, inC_141_reload, scalar</column>
<column name="inC_157_reload">in, 32, ap_none, inC_157_reload, scalar</column>
<column name="inC_173_reload">in, 32, ap_none, inC_173_reload, scalar</column>
<column name="inC_189_reload">in, 32, ap_none, inC_189_reload, scalar</column>
<column name="inC_205_reload">in, 32, ap_none, inC_205_reload, scalar</column>
<column name="inC_221_reload">in, 32, ap_none, inC_221_reload, scalar</column>
<column name="inC_237_reload">in, 32, ap_none, inC_237_reload, scalar</column>
<column name="inC_253_reload">in, 32, ap_none, inC_253_reload, scalar</column>
<column name="inC_14_reload">in, 32, ap_none, inC_14_reload, scalar</column>
<column name="inC_30_reload">in, 32, ap_none, inC_30_reload, scalar</column>
<column name="inC_46_reload">in, 32, ap_none, inC_46_reload, scalar</column>
<column name="inC_62_reload">in, 32, ap_none, inC_62_reload, scalar</column>
<column name="inC_78_reload">in, 32, ap_none, inC_78_reload, scalar</column>
<column name="inC_94_reload">in, 32, ap_none, inC_94_reload, scalar</column>
<column name="inC_110_reload">in, 32, ap_none, inC_110_reload, scalar</column>
<column name="inC_126_reload">in, 32, ap_none, inC_126_reload, scalar</column>
<column name="inC_142_reload">in, 32, ap_none, inC_142_reload, scalar</column>
<column name="inC_158_reload">in, 32, ap_none, inC_158_reload, scalar</column>
<column name="inC_174_reload">in, 32, ap_none, inC_174_reload, scalar</column>
<column name="inC_190_reload">in, 32, ap_none, inC_190_reload, scalar</column>
<column name="inC_206_reload">in, 32, ap_none, inC_206_reload, scalar</column>
<column name="inC_222_reload">in, 32, ap_none, inC_222_reload, scalar</column>
<column name="inC_238_reload">in, 32, ap_none, inC_238_reload, scalar</column>
<column name="inC_254_reload">in, 32, ap_none, inC_254_reload, scalar</column>
<column name="inC_15_reload">in, 32, ap_none, inC_15_reload, scalar</column>
<column name="inC_31_reload">in, 32, ap_none, inC_31_reload, scalar</column>
<column name="inC_47_reload">in, 32, ap_none, inC_47_reload, scalar</column>
<column name="inC_63_reload">in, 32, ap_none, inC_63_reload, scalar</column>
<column name="inC_79_reload">in, 32, ap_none, inC_79_reload, scalar</column>
<column name="inC_95_reload">in, 32, ap_none, inC_95_reload, scalar</column>
<column name="inC_111_reload">in, 32, ap_none, inC_111_reload, scalar</column>
<column name="inC_127_reload">in, 32, ap_none, inC_127_reload, scalar</column>
<column name="inC_143_reload">in, 32, ap_none, inC_143_reload, scalar</column>
<column name="inC_159_reload">in, 32, ap_none, inC_159_reload, scalar</column>
<column name="inC_175_reload">in, 32, ap_none, inC_175_reload, scalar</column>
<column name="inC_191_reload">in, 32, ap_none, inC_191_reload, scalar</column>
<column name="inC_207_reload">in, 32, ap_none, inC_207_reload, scalar</column>
<column name="inC_223_reload">in, 32, ap_none, inC_223_reload, scalar</column>
<column name="inC_239_reload">in, 32, ap_none, inC_239_reload, scalar</column>
<column name="inC_255_reload">in, 32, ap_none, inC_255_reload, scalar</column>
<column name="localC_address0">out, 16, ap_memory, localC, array</column>
<column name="localC_ce0">out, 1, ap_memory, localC, array</column>
<column name="localC_q0">in, 32, ap_memory, localC, array</column>
<column name="localC_address1">out, 16, ap_memory, localC, array</column>
<column name="localC_ce1">out, 1, ap_memory, localC, array</column>
<column name="localC_we1">out, 1, ap_memory, localC, array</column>
<column name="localC_d1">out, 32, ap_memory, localC, array</column>
<column name="localC_q1">in, 32, ap_memory, localC, array</column>
</table>
</item>
</section>
</profile>
