<stg><name>mmult_Pipeline_writeC</name>


<trans_list>

<trans id="144" from="1" to="2">
<condition id="-1">
<or_exp><and_exp></and_exp></or_exp>
</condition>
</trans>

<trans id="165" from="2" to="9">
<condition id="-1">
<or_exp><and_exp><literal name="icmp_ln244" val="1"/>
</and_exp></or_exp>
</condition>
</trans>

<trans id="166" from="2" to="3">
<condition id="-1">
<or_exp><and_exp><literal name="icmp_ln244" val="0"/>
</and_exp></or_exp>
</condition>
</trans>

<trans id="159" from="3" to="4">
<condition id="-1">
<or_exp><and_exp></and_exp></or_exp>
</condition>
</trans>

<trans id="160" from="4" to="5">
<condition id="-1">
<or_exp><and_exp></and_exp></or_exp>
</condition>
</trans>

<trans id="161" from="5" to="6">
<condition id="-1">
<or_exp><and_exp></and_exp></or_exp>
</condition>
</trans>

<trans id="162" from="6" to="7">
<condition id="-1">
<or_exp><and_exp></and_exp></or_exp>
</condition>
</trans>

<trans id="163" from="7" to="8">
<condition id="-1">
<or_exp><and_exp></and_exp></or_exp>
</condition>
</trans>

<trans id="164" from="8" to="2">
<condition id="-1">
<or_exp><and_exp></and_exp></or_exp>
</condition>
</trans>

<trans id="154" from="9" to="10">
<condition id="-1">
<or_exp><and_exp></and_exp></or_exp>
</condition>
</trans>

<trans id="155" from="10" to="11">
<condition id="-1">
<or_exp><and_exp></and_exp></or_exp>
</condition>
</trans>

<trans id="156" from="11" to="12">
<condition id="-1">
<or_exp><and_exp></and_exp></or_exp>
</condition>
</trans>

<trans id="157" from="12" to="13">
<condition id="-1">
<or_exp><and_exp></and_exp></or_exp>
</condition>
</trans>
</trans_list>



<state_list>

<state id="1" st_id="1">

<operation id="14" st_id="1" stage="1" lat="1">
<core>NULL</core>
<MemPortIdVec></MemPortIdVec>
<condition id="-1">
<or_exp><and_exp></and_exp></or_exp>
</condition>

<Node id="20" bw="32" op_0_bw="32">
<![CDATA[
newFuncRoot:0 %i = alloca i32 1

]]></Node>
<StgValue><ssdm name="i"/></StgValue>
</operation>

<operation id="15" st_id="1" stage="1" lat="1">
<core>NULL</core>
<MemPortIdVec></MemPortIdVec>
<condition id="-1">
<or_exp><and_exp></and_exp></or_exp>
</condition>

<Node id="21" bw="32" op_0_bw="32">
<![CDATA[
newFuncRoot:1 %j = alloca i32 1

]]></Node>
<StgValue><ssdm name="j"/></StgValue>
</operation>

<operation id="16" st_id="1" stage="1" lat="1">
<core>NULL</core>
<MemPortIdVec></MemPortIdVec>
<condition id="-1">
<or_exp><and_exp></and_exp></or_exp>
</condition>

<Node id="22" bw="16" op_0_bw="32">
<![CDATA[
newFuncRoot:2 %loc = alloca i32 1

]]></Node>
<StgValue><ssdm name="loc"/></StgValue>
</operation>

<operation id="17" st_id="1" stage="1" lat="1">
<core>NULL</core>
<MemPortIdVec></MemPortIdVec>
<condition id="-1">
<or_exp><and_exp></and_exp></or_exp>
</condition>

<Node id="23" bw="64" op_0_bw="64" op_1_bw="64">
<![CDATA[
newFuncRoot:3 %c6 = read i64 @_ssdm_op_Read.ap_auto.i64, i64 %c

]]></Node>
<StgValue><ssdm name="c6"/></StgValue>
</operation>

<operation id="18" st_id="1" stage="1" lat="1">
<core>NULL</core>
<MemPortIdVec></MemPortIdVec>
<condition id="-1">
<or_exp><and_exp></and_exp></or_exp>
</condition>

<Node id="24" bw="62" op_0_bw="62" op_1_bw="62">
<![CDATA[
newFuncRoot:4 %sext_ln250_read = read i62 @_ssdm_op_Read.ap_auto.i62, i62 %sext_ln250

]]></Node>
<StgValue><ssdm name="sext_ln250_read"/></StgValue>
</operation>

<operation id="19" st_id="1" stage="1" lat="1">
<core>NULL</core>
<MemPortIdVec></MemPortIdVec>
<condition id="-1">
<or_exp><and_exp></and_exp></or_exp>
</condition>

<Node id="25" bw="64" op_0_bw="62">
<![CDATA[
newFuncRoot:5 %sext_ln250_cast = sext i62 %sext_ln250_read

]]></Node>
<StgValue><ssdm name="sext_ln250_cast"/></StgValue>
</operation>

<operation id="20" st_id="1" stage="1" lat="1">
<core>NULL</core>
<MemPortIdVec></MemPortIdVec>
<condition id="-1">
<or_exp><and_exp></and_exp></or_exp>
</condition>

<Node id="26" bw="0" op_0_bw="0" op_1_bw="32" op_2_bw="64" op_3_bw="64" op_4_bw="64">
<![CDATA[
newFuncRoot:6 %specmemcore_ln0 = specmemcore void @_ssdm_op_SpecMemCore, i32 %localC, i64 666, i64 22, i64 2

]]></Node>
<StgValue><ssdm name="specmemcore_ln0"/></StgValue>
</operation>

<operation id="21" st_id="1" stage="1" lat="1">
<core>NULL</core>
<MemPortIdVec></MemPortIdVec>
<condition id="-1">
<or_exp><and_exp></and_exp></or_exp>
</condition>

<Node id="27" bw="0" op_0_bw="0" op_1_bw="32" op_2_bw="64" op_3_bw="64" op_4_bw="64">
<![CDATA[
newFuncRoot:7 %specmemcore_ln0 = specmemcore void @_ssdm_op_SpecMemCore, i32 %localC_19, i64 666, i64 22, i64 2

]]></Node>
<StgValue><ssdm name="specmemcore_ln0"/></StgValue>
</operation>

<operation id="22" st_id="1" stage="1" lat="1">
<core>NULL</core>
<MemPortIdVec></MemPortIdVec>
<condition id="-1">
<or_exp><and_exp></and_exp></or_exp>
</condition>

<Node id="28" bw="0" op_0_bw="0" op_1_bw="32" op_2_bw="64" op_3_bw="64" op_4_bw="64">
<![CDATA[
newFuncRoot:8 %specmemcore_ln0 = specmemcore void @_ssdm_op_SpecMemCore, i32 %localC_20, i64 666, i64 22, i64 2

]]></Node>
<StgValue><ssdm name="specmemcore_ln0"/></StgValue>
</operation>

<operation id="23" st_id="1" stage="1" lat="1">
<core>NULL</core>
<MemPortIdVec></MemPortIdVec>
<condition id="-1">
<or_exp><and_exp></and_exp></or_exp>
</condition>

<Node id="29" bw="0" op_0_bw="0" op_1_bw="32" op_2_bw="64" op_3_bw="64" op_4_bw="64">
<![CDATA[
newFuncRoot:9 %specmemcore_ln0 = specmemcore void @_ssdm_op_SpecMemCore, i32 %localC_21, i64 666, i64 22, i64 2

]]></Node>
<StgValue><ssdm name="specmemcore_ln0"/></StgValue>
</operation>

<operation id="24" st_id="1" stage="1" lat="1">
<core>NULL</core>
<MemPortIdVec></MemPortIdVec>
<condition id="-1">
<or_exp><and_exp></and_exp></or_exp>
</condition>

<Node id="30" bw="0" op_0_bw="0" op_1_bw="32" op_2_bw="64" op_3_bw="64" op_4_bw="64">
<![CDATA[
newFuncRoot:10 %specmemcore_ln0 = specmemcore void @_ssdm_op_SpecMemCore, i32 %localC_22, i64 666, i64 22, i64 2

]]></Node>
<StgValue><ssdm name="specmemcore_ln0"/></StgValue>
</operation>

<operation id="25" st_id="1" stage="1" lat="1">
<core>NULL</core>
<MemPortIdVec></MemPortIdVec>
<condition id="-1">
<or_exp><and_exp></and_exp></or_exp>
</condition>

<Node id="31" bw="0" op_0_bw="0" op_1_bw="32" op_2_bw="64" op_3_bw="64" op_4_bw="64">
<![CDATA[
newFuncRoot:11 %specmemcore_ln0 = specmemcore void @_ssdm_op_SpecMemCore, i32 %localC_23, i64 666, i64 22, i64 2

]]></Node>
<StgValue><ssdm name="specmemcore_ln0"/></StgValue>
</operation>

<operation id="26" st_id="1" stage="1" lat="1">
<core>NULL</core>
<MemPortIdVec></MemPortIdVec>
<condition id="-1">
<or_exp><and_exp></and_exp></or_exp>
</condition>

<Node id="32" bw="0" op_0_bw="0" op_1_bw="32" op_2_bw="64" op_3_bw="64" op_4_bw="64">
<![CDATA[
newFuncRoot:12 %specmemcore_ln0 = specmemcore void @_ssdm_op_SpecMemCore, i32 %localC_24, i64 666, i64 22, i64 2

]]></Node>
<StgValue><ssdm name="specmemcore_ln0"/></StgValue>
</operation>

<operation id="27" st_id="1" stage="1" lat="1">
<core>NULL</core>
<MemPortIdVec></MemPortIdVec>
<condition id="-1">
<or_exp><and_exp></and_exp></or_exp>
</condition>

<Node id="33" bw="0" op_0_bw="0" op_1_bw="32" op_2_bw="64" op_3_bw="64" op_4_bw="64">
<![CDATA[
newFuncRoot:13 %specmemcore_ln0 = specmemcore void @_ssdm_op_SpecMemCore, i32 %localC_25, i64 666, i64 22, i64 2

]]></Node>
<StgValue><ssdm name="specmemcore_ln0"/></StgValue>
</operation>

<operation id="28" st_id="1" stage="1" lat="1">
<core>NULL</core>
<MemPortIdVec></MemPortIdVec>
<condition id="-1">
<or_exp><and_exp></and_exp></or_exp>
</condition>

<Node id="34" bw="0" op_0_bw="0" op_1_bw="32" op_2_bw="64" op_3_bw="64" op_4_bw="64">
<![CDATA[
newFuncRoot:14 %specmemcore_ln0 = specmemcore void @_ssdm_op_SpecMemCore, i32 %localC_26, i64 666, i64 22, i64 2

]]></Node>
<StgValue><ssdm name="specmemcore_ln0"/></StgValue>
</operation>

<operation id="29" st_id="1" stage="1" lat="1">
<core>NULL</core>
<MemPortIdVec></MemPortIdVec>
<condition id="-1">
<or_exp><and_exp></and_exp></or_exp>
</condition>

<Node id="35" bw="0" op_0_bw="0" op_1_bw="32" op_2_bw="64" op_3_bw="64" op_4_bw="64">
<![CDATA[
newFuncRoot:15 %specmemcore_ln0 = specmemcore void @_ssdm_op_SpecMemCore, i32 %localC_27, i64 666, i64 22, i64 2

]]></Node>
<StgValue><ssdm name="specmemcore_ln0"/></StgValue>
</operation>

<operation id="30" st_id="1" stage="1" lat="1">
<core>NULL</core>
<MemPortIdVec></MemPortIdVec>
<condition id="-1">
<or_exp><and_exp></and_exp></or_exp>
</condition>

<Node id="36" bw="0" op_0_bw="0" op_1_bw="32" op_2_bw="64" op_3_bw="64" op_4_bw="64">
<![CDATA[
newFuncRoot:16 %specmemcore_ln0 = specmemcore void @_ssdm_op_SpecMemCore, i32 %p_ZZ5mmultE6localC_10, i64 666, i64 22, i64 2

]]></Node>
<StgValue><ssdm name="specmemcore_ln0"/></StgValue>
</operation>

<operation id="31" st_id="1" stage="1" lat="1">
<core>NULL</core>
<MemPortIdVec></MemPortIdVec>
<condition id="-1">
<or_exp><and_exp></and_exp></or_exp>
</condition>

<Node id="37" bw="0" op_0_bw="0" op_1_bw="32" op_2_bw="64" op_3_bw="64" op_4_bw="64">
<![CDATA[
newFuncRoot:17 %specmemcore_ln0 = specmemcore void @_ssdm_op_SpecMemCore, i32 %p_ZZ5mmultE6localC_11, i64 666, i64 22, i64 2

]]></Node>
<StgValue><ssdm name="specmemcore_ln0"/></StgValue>
</operation>

<operation id="32" st_id="1" stage="1" lat="1">
<core>NULL</core>
<MemPortIdVec></MemPortIdVec>
<condition id="-1">
<or_exp><and_exp></and_exp></or_exp>
</condition>

<Node id="38" bw="0" op_0_bw="0" op_1_bw="32" op_2_bw="64" op_3_bw="64" op_4_bw="64">
<![CDATA[
newFuncRoot:18 %specmemcore_ln0 = specmemcore void @_ssdm_op_SpecMemCore, i32 %p_ZZ5mmultE6localC_12, i64 666, i64 22, i64 2

]]></Node>
<StgValue><ssdm name="specmemcore_ln0"/></StgValue>
</operation>

<operation id="33" st_id="1" stage="1" lat="1">
<core>NULL</core>
<MemPortIdVec></MemPortIdVec>
<condition id="-1">
<or_exp><and_exp></and_exp></or_exp>
</condition>

<Node id="39" bw="0" op_0_bw="0" op_1_bw="32" op_2_bw="64" op_3_bw="64" op_4_bw="64">
<![CDATA[
newFuncRoot:19 %specmemcore_ln0 = specmemcore void @_ssdm_op_SpecMemCore, i32 %p_ZZ5mmultE6localC_13, i64 666, i64 22, i64 2

]]></Node>
<StgValue><ssdm name="specmemcore_ln0"/></StgValue>
</operation>

<operation id="34" st_id="1" stage="1" lat="1">
<core>NULL</core>
<MemPortIdVec></MemPortIdVec>
<condition id="-1">
<or_exp><and_exp></and_exp></or_exp>
</condition>

<Node id="40" bw="0" op_0_bw="0" op_1_bw="32" op_2_bw="64" op_3_bw="64" op_4_bw="64">
<![CDATA[
newFuncRoot:20 %specmemcore_ln0 = specmemcore void @_ssdm_op_SpecMemCore, i32 %p_ZZ5mmultE6localC_14, i64 666, i64 22, i64 2

]]></Node>
<StgValue><ssdm name="specmemcore_ln0"/></StgValue>
</operation>

<operation id="35" st_id="1" stage="1" lat="1">
<core>NULL</core>
<MemPortIdVec></MemPortIdVec>
<condition id="-1">
<or_exp><and_exp></and_exp></or_exp>
</condition>

<Node id="41" bw="0" op_0_bw="0" op_1_bw="32" op_2_bw="64" op_3_bw="64" op_4_bw="64">
<![CDATA[
newFuncRoot:21 %specmemcore_ln0 = specmemcore void @_ssdm_op_SpecMemCore, i32 %p_ZZ5mmultE6localC_15, i64 666, i64 22, i64 2

]]></Node>
<StgValue><ssdm name="specmemcore_ln0"/></StgValue>
</operation>

<operation id="36" st_id="1" stage="1" lat="1">
<core>NULL</core>
<MemPortIdVec></MemPortIdVec>
<condition id="-1">
<or_exp><and_exp></and_exp></or_exp>
</condition>

<Node id="42" bw="0" op_0_bw="0" op_1_bw="32" op_2_bw="0" op_3_bw="32" op_4_bw="32" op_5_bw="0" op_6_bw="32" op_7_bw="32" op_8_bw="0" op_9_bw="0" op_10_bw="0" op_11_bw="32" op_12_bw="32" op_13_bw="32" op_14_bw="32" op_15_bw="0" op_16_bw="0" op_17_bw="32" op_18_bw="32">
<![CDATA[
newFuncRoot:22 %specinterface_ln0 = specinterface void @_ssdm_op_SpecInterface, i32 %gmem2, void @empty_15, i32 0, i32 0, void @empty_16, i32 0, i32 38809, void @empty_21, void @empty_9, void @empty_16, i32 16, i32 16, i32 16, i32 16, void @empty_16, void @empty_16, i32 4294967295, i32 0

]]></Node>
<StgValue><ssdm name="specinterface_ln0"/></StgValue>
</operation>

<operation id="37" st_id="1" stage="1" lat="1">
<core>NULL</core>
<MemPortIdVec></MemPortIdVec>
<condition id="-1">
<or_exp><and_exp></and_exp></or_exp>
</condition>

<Node id="43" bw="32" op_0_bw="32" op_1_bw="64">
<![CDATA[
newFuncRoot:23 %gmem2_addr = getelementptr i32 %gmem2, i64 %sext_ln250_cast

]]></Node>
<StgValue><ssdm name="gmem2_addr"/></StgValue>
</operation>

<operation id="38" st_id="1" stage="1" lat="1">
<core>m_axi</core>
<MemPortIdVec></MemPortIdVec>
<condition id="-1">
<or_exp><and_exp></and_exp></or_exp>
</condition>

<Node id="44" bw="1" op_0_bw="1" op_1_bw="32" op_2_bw="32">
<![CDATA[
newFuncRoot:24 %p_wr_req = writereq i1 @_ssdm_op_WriteReq.m_axi.i32P1A, i32 %gmem2_addr, i32 38809

]]></Node>
<StgValue><ssdm name="p_wr_req"/></StgValue>
</operation>

<operation id="39" st_id="1" stage="1" lat="1">
<core>NULL</core>
<MemPortIdVec></MemPortIdVec>
<condition id="-1">
<or_exp><and_exp></and_exp></or_exp>
</condition>

<Node id="45" bw="0" op_0_bw="16" op_1_bw="16">
<![CDATA[
newFuncRoot:25 %store_ln0 = store i16 0, i16 %loc

]]></Node>
<StgValue><ssdm name="store_ln0"/></StgValue>
</operation>

<operation id="40" st_id="1" stage="1" lat="1">
<core>NULL</core>
<MemPortIdVec></MemPortIdVec>
<condition id="-1">
<or_exp><and_exp></and_exp></or_exp>
</condition>

<Node id="46" bw="0" op_0_bw="32" op_1_bw="32">
<![CDATA[
newFuncRoot:26 %store_ln0 = store i32 0, i32 %j

]]></Node>
<StgValue><ssdm name="store_ln0"/></StgValue>
</operation>

<operation id="41" st_id="1" stage="1" lat="1">
<core>NULL</core>
<MemPortIdVec></MemPortIdVec>
<condition id="-1">
<or_exp><and_exp></and_exp></or_exp>
</condition>

<Node id="47" bw="0" op_0_bw="32" op_1_bw="32">
<![CDATA[
newFuncRoot:27 %store_ln0 = store i32 0, i32 %i

]]></Node>
<StgValue><ssdm name="store_ln0"/></StgValue>
</operation>

<operation id="42" st_id="1" stage="1" lat="1">
<core>NULL</core>
<MemPortIdVec></MemPortIdVec>
<condition id="-1">
<or_exp><and_exp></and_exp></or_exp>
</condition>

<Node id="48" bw="0" op_0_bw="0">
<![CDATA[
newFuncRoot:28 %br_ln0 = br void %for.body348

]]></Node>
<StgValue><ssdm name="br_ln0"/></StgValue>
</operation>
</state>

<state id="2" st_id="2">

<operation id="43" st_id="2" stage="1" lat="1">
<core>NULL</core>
<MemPortIdVec></MemPortIdVec>
<condition id="-1">
<or_exp><and_exp></and_exp></or_exp>
</condition>

<Node id="50" bw="16" op_0_bw="16" op_1_bw="0">
<![CDATA[
for.body348:0 %loc_1 = load i16 %loc

]]></Node>
<StgValue><ssdm name="loc_1"/></StgValue>
</operation>

<operation id="44" st_id="2" stage="1" lat="1">
<core>NULL</core>
<MemPortIdVec></MemPortIdVec>
<condition id="-1">
<or_exp><and_exp></and_exp></or_exp>
</condition>

<Node id="51" bw="0" op_0_bw="0" op_1_bw="32">
<![CDATA[
for.body348:1 %specbitsmap_ln0 = specbitsmap void @_ssdm_op_SpecBitsMap, i32 %gmem2

]]></Node>
<StgValue><ssdm name="specbitsmap_ln0"/></StgValue>
</operation>

<operation id="45" st_id="2" stage="1" lat="1">
<core>Cmp</core>
<MemPortIdVec></MemPortIdVec>
<condition id="-1">
<or_exp><and_exp></and_exp></or_exp>
</condition>

<Node id="52" bw="1" op_0_bw="16" op_1_bw="16">
<![CDATA[
for.body348:2 %icmp_ln244 = icmp_eq  i16 %loc_1, i16 38809

]]></Node>
<StgValue><ssdm name="icmp_ln244"/></StgValue>
</operation>

<operation id="46" st_id="2" stage="1" lat="1">
<core>NULL</core>
<MemPortIdVec></MemPortIdVec>
<condition id="-1">
<or_exp><and_exp></and_exp></or_exp>
</condition>

<Node id="53" bw="32" op_0_bw="32" op_1_bw="64" op_2_bw="64" op_3_bw="64">
<![CDATA[
for.body348:3 %empty = speclooptripcount i32 @_ssdm_op_SpecLoopTripCount, i64 38809, i64 38809, i64 38809

]]></Node>
<StgValue><ssdm name="empty"/></StgValue>
</operation>

<operation id="47" st_id="2" stage="1" lat="1">
<core>Adder</core>
<MemPortIdVec></MemPortIdVec>
<condition id="-1">
<or_exp><and_exp></and_exp></or_exp>
</condition>

<Node id="54" bw="16" op_0_bw="16" op_1_bw="16">
<![CDATA[
for.body348:4 %add_ln244 = add i16 %loc_1, i16 1

]]></Node>
<StgValue><ssdm name="add_ln244"/></StgValue>
</operation>

<operation id="48" st_id="2" stage="1" lat="1">
<core>NULL</core>
<MemPortIdVec></MemPortIdVec>
<condition id="-1">
<or_exp><and_exp></and_exp></or_exp>
</condition>

<Node id="55" bw="0" op_0_bw="1" op_1_bw="0" op_2_bw="0">
<![CDATA[
for.body348:5 %br_ln244 = br i1 %icmp_ln244, void %for.body348.split, void %for.end362.exitStub

]]></Node>
<StgValue><ssdm name="br_ln244"/></StgValue>
</operation>

<operation id="49" st_id="2" stage="1" lat="1">
<core>NULL</core>
<MemPortIdVec></MemPortIdVec>
<condition id="-1">
<or_exp><and_exp><literal name="icmp_ln244" val="0"/>
</and_exp></or_exp>
</condition>

<Node id="57" bw="32" op_0_bw="32" op_1_bw="0">
<![CDATA[
for.body348.split:0 %i_load = load i32 %i

]]></Node>
<StgValue><ssdm name="i_load"/></StgValue>
</operation>

<operation id="50" st_id="2" stage="1" lat="1">
<core>NULL</core>
<MemPortIdVec></MemPortIdVec>
<condition id="-1">
<or_exp><and_exp><literal name="icmp_ln244" val="0"/>
</and_exp></or_exp>
</condition>

<Node id="58" bw="32" op_0_bw="32" op_1_bw="0">
<![CDATA[
for.body348.split:1 %j_load = load i32 %j

]]></Node>
<StgValue><ssdm name="j_load"/></StgValue>
</operation>

<operation id="51" st_id="2" stage="1" lat="1">
<core>Cmp</core>
<MemPortIdVec></MemPortIdVec>
<condition id="-1">
<or_exp><and_exp><literal name="icmp_ln244" val="0"/>
</and_exp></or_exp>
</condition>

<Node id="61" bw="1" op_0_bw="32" op_1_bw="32">
<![CDATA[
for.body348.split:4 %icmp_ln246 = icmp_eq  i32 %j_load, i32 197

]]></Node>
<StgValue><ssdm name="icmp_ln246"/></StgValue>
</operation>

<operation id="52" st_id="2" stage="1" lat="1">
<core>Adder</core>
<MemPortIdVec></MemPortIdVec>
<condition id="-1">
<or_exp><and_exp><literal name="icmp_ln244" val="0"/>
</and_exp></or_exp>
</condition>

<Node id="62" bw="32" op_0_bw="32" op_1_bw="32">
<![CDATA[
for.body348.split:5 %add_ln247 = add i32 %i_load, i32 1

]]></Node>
<StgValue><ssdm name="add_ln247"/></StgValue>
</operation>

<operation id="53" st_id="2" stage="1" lat="1">
<core>Sel</core>
<MemPortIdVec></MemPortIdVec>
<condition id="-1">
<or_exp><and_exp><literal name="icmp_ln244" val="0"/>
</and_exp></or_exp>
</condition>

<Node id="63" bw="32" op_0_bw="1" op_1_bw="32" op_2_bw="32">
<![CDATA[
for.body348.split:6 %i_1 = select i1 %icmp_ln246, i32 %add_ln247, i32 %i_load

]]></Node>
<StgValue><ssdm name="i_1"/></StgValue>
</operation>

<operation id="54" st_id="2" stage="1" lat="1">
<core>Sel</core>
<MemPortIdVec></MemPortIdVec>
<condition id="-1">
<or_exp><and_exp><literal name="icmp_ln244" val="0"/>
</and_exp></or_exp>
</condition>

<Node id="64" bw="32" op_0_bw="1" op_1_bw="32" op_2_bw="32">
<![CDATA[
for.body348.split:7 %j_1 = select i1 %icmp_ln246, i32 0, i32 %j_load

]]></Node>
<StgValue><ssdm name="j_1"/></StgValue>
</operation>

<operation id="55" st_id="2" stage="1" lat="1">
<core>NULL</core>
<MemPortIdVec></MemPortIdVec>
<condition id="-1">
<or_exp><and_exp><literal name="icmp_ln244" val="0"/>
</and_exp></or_exp>
</condition>

<Node id="65" bw="4" op_0_bw="32">
<![CDATA[
for.body348.split:8 %trunc_ln244 = trunc i32 %j_1

]]></Node>
<StgValue><ssdm name="trunc_ln244"/></StgValue>
</operation>

<operation id="56" st_id="2" stage="1" lat="1">
<core>NULL</core>
<MemPortIdVec></MemPortIdVec>
<condition id="-1">
<or_exp><and_exp><literal name="icmp_ln244" val="0"/>
</and_exp></or_exp>
</condition>

<Node id="66" bw="12" op_0_bw="32">
<![CDATA[
for.body348.split:9 %trunc_ln250 = trunc i32 %i_1

]]></Node>
<StgValue><ssdm name="trunc_ln250"/></StgValue>
</operation>

<operation id="57" st_id="2" stage="3" lat="3">
<core>DSP48</core>
<MemPortIdVec></MemPortIdVec>
<condition id="-1">
<or_exp><and_exp><literal name="icmp_ln244" val="0"/>
</and_exp></or_exp>
</condition>

<Node id="67" bw="12" op_0_bw="12" op_1_bw="12">
<![CDATA[
for.body348.split:10 %mul_ln250 = mul i12 %trunc_ln250, i12 13

]]></Node>
<StgValue><ssdm name="mul_ln250"/></StgValue>
</operation>

<operation id="58" st_id="2" stage="1" lat="1">
<core>NULL</core>
<MemPortIdVec></MemPortIdVec>
<condition id="-1">
<or_exp><and_exp><literal name="icmp_ln244" val="0"/>
</and_exp></or_exp>
</condition>

<Node id="68" bw="12" op_0_bw="12" op_1_bw="32" op_2_bw="32" op_3_bw="32">
<![CDATA[
for.body348.split:11 %lshr_ln2 = partselect i12 @_ssdm_op_PartSelect.i12.i32.i32.i32, i32 %j_1, i32 4, i32 15

]]></Node>
<StgValue><ssdm name="lshr_ln2"/></StgValue>
</operation>

<operation id="59" st_id="2" stage="1" lat="1">
<core>Adder</core>
<MemPortIdVec></MemPortIdVec>
<condition id="-1">
<or_exp><and_exp><literal name="icmp_ln244" val="0"/>
</and_exp></or_exp>
</condition>

<Node id="106" bw="32" op_0_bw="32" op_1_bw="32">
<![CDATA[
for.body348.split:49 %j_2 = add i32 %j_1, i32 1

]]></Node>
<StgValue><ssdm name="j_2"/></StgValue>
</operation>

<operation id="60" st_id="2" stage="1" lat="1">
<core>NULL</core>
<MemPortIdVec></MemPortIdVec>
<condition id="-1">
<or_exp><and_exp><literal name="icmp_ln244" val="0"/>
</and_exp></or_exp>
</condition>

<Node id="107" bw="0" op_0_bw="16" op_1_bw="16" op_2_bw="0" op_3_bw="0">
<![CDATA[
for.body348.split:50 %store_ln244 = store i16 %add_ln244, i16 %loc

]]></Node>
<StgValue><ssdm name="store_ln244"/></StgValue>
</operation>

<operation id="61" st_id="2" stage="1" lat="1">
<core>NULL</core>
<MemPortIdVec></MemPortIdVec>
<condition id="-1">
<or_exp><and_exp><literal name="icmp_ln244" val="0"/>
</and_exp></or_exp>
</condition>

<Node id="108" bw="0" op_0_bw="32" op_1_bw="32" op_2_bw="0" op_3_bw="0">
<![CDATA[
for.body348.split:51 %store_ln244 = store i32 %j_2, i32 %j

]]></Node>
<StgValue><ssdm name="store_ln244"/></StgValue>
</operation>

<operation id="62" st_id="2" stage="1" lat="1">
<core>NULL</core>
<MemPortIdVec></MemPortIdVec>
<condition id="-1">
<or_exp><and_exp><literal name="icmp_ln244" val="0"/>
</and_exp></or_exp>
</condition>

<Node id="109" bw="0" op_0_bw="32" op_1_bw="32" op_2_bw="0" op_3_bw="0">
<![CDATA[
for.body348.split:52 %store_ln244 = store i32 %i_1, i32 %i

]]></Node>
<StgValue><ssdm name="store_ln244"/></StgValue>
</operation>
</state>

<state id="3" st_id="3">

<operation id="63" st_id="3" stage="2" lat="3">
<core>DSP48</core>
<MemPortIdVec></MemPortIdVec>
<condition id="-1">
<or_exp><and_exp></and_exp></or_exp>
</condition>

<Node id="67" bw="12" op_0_bw="12" op_1_bw="12">
<![CDATA[
for.body348.split:10 %mul_ln250 = mul i12 %trunc_ln250, i12 13

]]></Node>
<StgValue><ssdm name="mul_ln250"/></StgValue>
</operation>
</state>

<state id="4" st_id="4">

<operation id="64" st_id="4" stage="1" lat="3">
<core>DSP48</core>
<MemPortIdVec></MemPortIdVec>
<condition id="-1">
<or_exp><and_exp></and_exp></or_exp>
</condition>

<Node id="67" bw="12" op_0_bw="12" op_1_bw="12">
<![CDATA[
for.body348.split:10 %mul_ln250 = mul i12 %trunc_ln250, i12 13

]]></Node>
<StgValue><ssdm name="mul_ln250"/></StgValue>
</operation>

<operation id="65" st_id="4" stage="2" lat="2">
<core>DSP48</core>
<MemPortIdVec></MemPortIdVec>
<condition id="-1">
<or_exp><and_exp></and_exp></or_exp>
</condition>

<Node id="69" bw="12" op_0_bw="12" op_1_bw="12">
<![CDATA[
for.body348.split:12 %add_ln250 = add i12 %mul_ln250, i12 %lshr_ln2

]]></Node>
<StgValue><ssdm name="add_ln250"/></StgValue>
</operation>
</state>

<state id="5" st_id="5">

<operation id="66" st_id="5" stage="1" lat="2">
<core>DSP48</core>
<MemPortIdVec></MemPortIdVec>
<condition id="-1">
<or_exp><and_exp></and_exp></or_exp>
</condition>

<Node id="69" bw="12" op_0_bw="12" op_1_bw="12">
<![CDATA[
for.body348.split:12 %add_ln250 = add i12 %mul_ln250, i12 %lshr_ln2

]]></Node>
<StgValue><ssdm name="add_ln250"/></StgValue>
</operation>

<operation id="67" st_id="5" stage="1" lat="1">
<core>NULL</core>
<MemPortIdVec></MemPortIdVec>
<condition id="-1">
<or_exp><and_exp></and_exp></or_exp>
</condition>

<Node id="70" bw="64" op_0_bw="12">
<![CDATA[
for.body348.split:13 %zext_ln250 = zext i12 %add_ln250

]]></Node>
<StgValue><ssdm name="zext_ln250"/></StgValue>
</operation>

<operation id="68" st_id="5" stage="1" lat="1">
<core>NULL</core>
<MemPortIdVec></MemPortIdVec>
<condition id="-1">
<or_exp><and_exp></and_exp></or_exp>
</condition>

<Node id="71" bw="12" op_0_bw="32" op_1_bw="64" op_2_bw="64">
<![CDATA[
for.body348.split:14 %p_ZZ5mmultE6localC_10_addr = getelementptr i32 %p_ZZ5mmultE6localC_10, i64 0, i64 %zext_ln250

]]></Node>
<StgValue><ssdm name="p_ZZ5mmultE6localC_10_addr"/></StgValue>
</operation>

<operation id="69" st_id="5" stage="1" lat="1">
<core>NULL</core>
<MemPortIdVec></MemPortIdVec>
<condition id="-1">
<or_exp><and_exp></and_exp></or_exp>
</condition>

<Node id="72" bw="12" op_0_bw="32" op_1_bw="64" op_2_bw="64">
<![CDATA[
for.body348.split:15 %p_ZZ5mmultE6localC_11_addr = getelementptr i32 %p_ZZ5mmultE6localC_11, i64 0, i64 %zext_ln250

]]></Node>
<StgValue><ssdm name="p_ZZ5mmultE6localC_11_addr"/></StgValue>
</operation>

<operation id="70" st_id="5" stage="1" lat="1">
<core>NULL</core>
<MemPortIdVec></MemPortIdVec>
<condition id="-1">
<or_exp><and_exp></and_exp></or_exp>
</condition>

<Node id="73" bw="12" op_0_bw="32" op_1_bw="64" op_2_bw="64">
<![CDATA[
for.body348.split:16 %p_ZZ5mmultE6localC_12_addr = getelementptr i32 %p_ZZ5mmultE6localC_12, i64 0, i64 %zext_ln250

]]></Node>
<StgValue><ssdm name="p_ZZ5mmultE6localC_12_addr"/></StgValue>
</operation>

<operation id="71" st_id="5" stage="1" lat="1">
<core>NULL</core>
<MemPortIdVec></MemPortIdVec>
<condition id="-1">
<or_exp><and_exp></and_exp></or_exp>
</condition>

<Node id="74" bw="12" op_0_bw="32" op_1_bw="64" op_2_bw="64">
<![CDATA[
for.body348.split:17 %p_ZZ5mmultE6localC_13_addr = getelementptr i32 %p_ZZ5mmultE6localC_13, i64 0, i64 %zext_ln250

]]></Node>
<StgValue><ssdm name="p_ZZ5mmultE6localC_13_addr"/></StgValue>
</operation>

<operation id="72" st_id="5" stage="1" lat="1">
<core>NULL</core>
<MemPortIdVec></MemPortIdVec>
<condition id="-1">
<or_exp><and_exp></and_exp></or_exp>
</condition>

<Node id="75" bw="12" op_0_bw="32" op_1_bw="64" op_2_bw="64">
<![CDATA[
for.body348.split:18 %p_ZZ5mmultE6localC_14_addr = getelementptr i32 %p_ZZ5mmultE6localC_14, i64 0, i64 %zext_ln250

]]></Node>
<StgValue><ssdm name="p_ZZ5mmultE6localC_14_addr"/></StgValue>
</operation>

<operation id="73" st_id="5" stage="1" lat="1">
<core>NULL</core>
<MemPortIdVec></MemPortIdVec>
<condition id="-1">
<or_exp><and_exp></and_exp></or_exp>
</condition>

<Node id="76" bw="12" op_0_bw="32" op_1_bw="64" op_2_bw="64">
<![CDATA[
for.body348.split:19 %mmult_localC = getelementptr i32 %p_ZZ5mmultE6localC_15, i64 0, i64 %zext_ln250

]]></Node>
<StgValue><ssdm name="mmult_localC"/></StgValue>
</operation>

<operation id="74" st_id="5" stage="1" lat="1">
<core>NULL</core>
<MemPortIdVec></MemPortIdVec>
<condition id="-1">
<or_exp><and_exp></and_exp></or_exp>
</condition>

<Node id="77" bw="12" op_0_bw="32" op_1_bw="64" op_2_bw="64">
<![CDATA[
for.body348.split:20 %localC_addr = getelementptr i32 %localC, i64 0, i64 %zext_ln250

]]></Node>
<StgValue><ssdm name="localC_addr"/></StgValue>
</operation>

<operation id="75" st_id="5" stage="1" lat="1">
<core>NULL</core>
<MemPortIdVec></MemPortIdVec>
<condition id="-1">
<or_exp><and_exp></and_exp></or_exp>
</condition>

<Node id="78" bw="12" op_0_bw="32" op_1_bw="64" op_2_bw="64">
<![CDATA[
for.body348.split:21 %localC_19_addr = getelementptr i32 %localC_19, i64 0, i64 %zext_ln250

]]></Node>
<StgValue><ssdm name="localC_19_addr"/></StgValue>
</operation>

<operation id="76" st_id="5" stage="1" lat="1">
<core>NULL</core>
<MemPortIdVec></MemPortIdVec>
<condition id="-1">
<or_exp><and_exp></and_exp></or_exp>
</condition>

<Node id="79" bw="12" op_0_bw="32" op_1_bw="64" op_2_bw="64">
<![CDATA[
for.body348.split:22 %localC_20_addr = getelementptr i32 %localC_20, i64 0, i64 %zext_ln250

]]></Node>
<StgValue><ssdm name="localC_20_addr"/></StgValue>
</operation>

<operation id="77" st_id="5" stage="1" lat="1">
<core>NULL</core>
<MemPortIdVec></MemPortIdVec>
<condition id="-1">
<or_exp><and_exp></and_exp></or_exp>
</condition>

<Node id="80" bw="12" op_0_bw="32" op_1_bw="64" op_2_bw="64">
<![CDATA[
for.body348.split:23 %localC_21_addr = getelementptr i32 %localC_21, i64 0, i64 %zext_ln250

]]></Node>
<StgValue><ssdm name="localC_21_addr"/></StgValue>
</operation>

<operation id="78" st_id="5" stage="1" lat="1">
<core>NULL</core>
<MemPortIdVec></MemPortIdVec>
<condition id="-1">
<or_exp><and_exp></and_exp></or_exp>
</condition>

<Node id="81" bw="12" op_0_bw="32" op_1_bw="64" op_2_bw="64">
<![CDATA[
for.body348.split:24 %localC_22_addr = getelementptr i32 %localC_22, i64 0, i64 %zext_ln250

]]></Node>
<StgValue><ssdm name="localC_22_addr"/></StgValue>
</operation>

<operation id="79" st_id="5" stage="1" lat="1">
<core>NULL</core>
<MemPortIdVec></MemPortIdVec>
<condition id="-1">
<or_exp><and_exp></and_exp></or_exp>
</condition>

<Node id="82" bw="12" op_0_bw="32" op_1_bw="64" op_2_bw="64">
<![CDATA[
for.body348.split:25 %localC_23_addr = getelementptr i32 %localC_23, i64 0, i64 %zext_ln250

]]></Node>
<StgValue><ssdm name="localC_23_addr"/></StgValue>
</operation>

<operation id="80" st_id="5" stage="1" lat="1">
<core>NULL</core>
<MemPortIdVec></MemPortIdVec>
<condition id="-1">
<or_exp><and_exp></and_exp></or_exp>
</condition>

<Node id="83" bw="12" op_0_bw="32" op_1_bw="64" op_2_bw="64">
<![CDATA[
for.body348.split:26 %localC_24_addr = getelementptr i32 %localC_24, i64 0, i64 %zext_ln250

]]></Node>
<StgValue><ssdm name="localC_24_addr"/></StgValue>
</operation>

<operation id="81" st_id="5" stage="1" lat="1">
<core>NULL</core>
<MemPortIdVec></MemPortIdVec>
<condition id="-1">
<or_exp><and_exp></and_exp></or_exp>
</condition>

<Node id="84" bw="12" op_0_bw="32" op_1_bw="64" op_2_bw="64">
<![CDATA[
for.body348.split:27 %localC_25_addr = getelementptr i32 %localC_25, i64 0, i64 %zext_ln250

]]></Node>
<StgValue><ssdm name="localC_25_addr"/></StgValue>
</operation>

<operation id="82" st_id="5" stage="1" lat="1">
<core>NULL</core>
<MemPortIdVec></MemPortIdVec>
<condition id="-1">
<or_exp><and_exp></and_exp></or_exp>
</condition>

<Node id="85" bw="12" op_0_bw="32" op_1_bw="64" op_2_bw="64">
<![CDATA[
for.body348.split:28 %localC_26_addr = getelementptr i32 %localC_26, i64 0, i64 %zext_ln250

]]></Node>
<StgValue><ssdm name="localC_26_addr"/></StgValue>
</operation>

<operation id="83" st_id="5" stage="1" lat="1">
<core>NULL</core>
<MemPortIdVec></MemPortIdVec>
<condition id="-1">
<or_exp><and_exp></and_exp></or_exp>
</condition>

<Node id="86" bw="12" op_0_bw="32" op_1_bw="64" op_2_bw="64">
<![CDATA[
for.body348.split:29 %localC_27_addr = getelementptr i32 %localC_27, i64 0, i64 %zext_ln250

]]></Node>
<StgValue><ssdm name="localC_27_addr"/></StgValue>
</operation>

<operation id="84" st_id="5" stage="3" lat="3">
<core>RAM_2P_BRAM</core>
<MemPortIdVec>0 </MemPortIdVec>
<condition id="-1">
<or_exp><and_exp></and_exp></or_exp>
</condition>

<Node id="87" bw="32" op_0_bw="12">
<![CDATA[
for.body348.split:30 %localC_load = load i12 %localC_addr

]]></Node>
<StgValue><ssdm name="localC_load"/></StgValue>
</operation>

<operation id="85" st_id="5" stage="3" lat="3">
<core>RAM_2P_BRAM</core>
<MemPortIdVec>0 </MemPortIdVec>
<condition id="-1">
<or_exp><and_exp></and_exp></or_exp>
</condition>

<Node id="88" bw="32" op_0_bw="12">
<![CDATA[
for.body348.split:31 %localC_19_load = load i12 %localC_19_addr

]]></Node>
<StgValue><ssdm name="localC_19_load"/></StgValue>
</operation>

<operation id="86" st_id="5" stage="3" lat="3">
<core>RAM_2P_BRAM</core>
<MemPortIdVec>0 </MemPortIdVec>
<condition id="-1">
<or_exp><and_exp></and_exp></or_exp>
</condition>

<Node id="89" bw="32" op_0_bw="12">
<![CDATA[
for.body348.split:32 %localC_20_load = load i12 %localC_20_addr

]]></Node>
<StgValue><ssdm name="localC_20_load"/></StgValue>
</operation>

<operation id="87" st_id="5" stage="3" lat="3">
<core>RAM_2P_BRAM</core>
<MemPortIdVec>0 </MemPortIdVec>
<condition id="-1">
<or_exp><and_exp></and_exp></or_exp>
</condition>

<Node id="90" bw="32" op_0_bw="12">
<![CDATA[
for.body348.split:33 %localC_21_load = load i12 %localC_21_addr

]]></Node>
<StgValue><ssdm name="localC_21_load"/></StgValue>
</operation>

<operation id="88" st_id="5" stage="3" lat="3">
<core>RAM_2P_BRAM</core>
<MemPortIdVec>0 </MemPortIdVec>
<condition id="-1">
<or_exp><and_exp></and_exp></or_exp>
</condition>

<Node id="91" bw="32" op_0_bw="12">
<![CDATA[
for.body348.split:34 %localC_22_load = load i12 %localC_22_addr

]]></Node>
<StgValue><ssdm name="localC_22_load"/></StgValue>
</operation>

<operation id="89" st_id="5" stage="3" lat="3">
<core>RAM_2P_BRAM</core>
<MemPortIdVec>0 </MemPortIdVec>
<condition id="-1">
<or_exp><and_exp></and_exp></or_exp>
</condition>

<Node id="92" bw="32" op_0_bw="12">
<![CDATA[
for.body348.split:35 %localC_23_load = load i12 %localC_23_addr

]]></Node>
<StgValue><ssdm name="localC_23_load"/></StgValue>
</operation>

<operation id="90" st_id="5" stage="3" lat="3">
<core>RAM_2P_BRAM</core>
<MemPortIdVec>0 </MemPortIdVec>
<condition id="-1">
<or_exp><and_exp></and_exp></or_exp>
</condition>

<Node id="93" bw="32" op_0_bw="12">
<![CDATA[
for.body348.split:36 %localC_24_load = load i12 %localC_24_addr

]]></Node>
<StgValue><ssdm name="localC_24_load"/></StgValue>
</operation>

<operation id="91" st_id="5" stage="3" lat="3">
<core>RAM_2P_BRAM</core>
<MemPortIdVec>0 </MemPortIdVec>
<condition id="-1">
<or_exp><and_exp></and_exp></or_exp>
</condition>

<Node id="94" bw="32" op_0_bw="12">
<![CDATA[
for.body348.split:37 %localC_25_load = load i12 %localC_25_addr

]]></Node>
<StgValue><ssdm name="localC_25_load"/></StgValue>
</operation>

<operation id="92" st_id="5" stage="3" lat="3">
<core>RAM_2P_BRAM</core>
<MemPortIdVec>0 </MemPortIdVec>
<condition id="-1">
<or_exp><and_exp></and_exp></or_exp>
</condition>

<Node id="95" bw="32" op_0_bw="12">
<![CDATA[
for.body348.split:38 %localC_26_load = load i12 %localC_26_addr

]]></Node>
<StgValue><ssdm name="localC_26_load"/></StgValue>
</operation>

<operation id="93" st_id="5" stage="3" lat="3">
<core>RAM_2P_BRAM</core>
<MemPortIdVec>0 </MemPortIdVec>
<condition id="-1">
<or_exp><and_exp></and_exp></or_exp>
</condition>

<Node id="96" bw="32" op_0_bw="12">
<![CDATA[
for.body348.split:39 %localC_27_load = load i12 %localC_27_addr

]]></Node>
<StgValue><ssdm name="localC_27_load"/></StgValue>
</operation>

<operation id="94" st_id="5" stage="3" lat="3">
<core>RAM_2P_BRAM</core>
<MemPortIdVec>0 </MemPortIdVec>
<condition id="-1">
<or_exp><and_exp></and_exp></or_exp>
</condition>

<Node id="97" bw="32" op_0_bw="12">
<![CDATA[
for.body348.split:40 %p_ZZ5mmultE6localC_10_load = load i12 %p_ZZ5mmultE6localC_10_addr

]]></Node>
<StgValue><ssdm name="p_ZZ5mmultE6localC_10_load"/></StgValue>
</operation>

<operation id="95" st_id="5" stage="3" lat="3">
<core>RAM_2P_BRAM</core>
<MemPortIdVec>0 </MemPortIdVec>
<condition id="-1">
<or_exp><and_exp></and_exp></or_exp>
</condition>

<Node id="98" bw="32" op_0_bw="12">
<![CDATA[
for.body348.split:41 %mmult_localC_33 = load i12 %p_ZZ5mmultE6localC_11_addr

]]></Node>
<StgValue><ssdm name="mmult_localC_33"/></StgValue>
</operation>

<operation id="96" st_id="5" stage="3" lat="3">
<core>RAM_2P_BRAM</core>
<MemPortIdVec>0 </MemPortIdVec>
<condition id="-1">
<or_exp><and_exp></and_exp></or_exp>
</condition>

<Node id="99" bw="32" op_0_bw="12">
<![CDATA[
for.body348.split:42 %mmult_localC_34 = load i12 %p_ZZ5mmultE6localC_12_addr

]]></Node>
<StgValue><ssdm name="mmult_localC_34"/></StgValue>
</operation>

<operation id="97" st_id="5" stage="3" lat="3">
<core>RAM_2P_BRAM</core>
<MemPortIdVec>0 </MemPortIdVec>
<condition id="-1">
<or_exp><and_exp></and_exp></or_exp>
</condition>

<Node id="100" bw="32" op_0_bw="12">
<![CDATA[
for.body348.split:43 %mmult_localC_35 = load i12 %p_ZZ5mmultE6localC_13_addr

]]></Node>
<StgValue><ssdm name="mmult_localC_35"/></StgValue>
</operation>

<operation id="98" st_id="5" stage="3" lat="3">
<core>RAM_2P_BRAM</core>
<MemPortIdVec>0 </MemPortIdVec>
<condition id="-1">
<or_exp><and_exp></and_exp></or_exp>
</condition>

<Node id="101" bw="32" op_0_bw="12">
<![CDATA[
for.body348.split:44 %mmult_localC_36 = load i12 %p_ZZ5mmultE6localC_14_addr

]]></Node>
<StgValue><ssdm name="mmult_localC_36"/></StgValue>
</operation>

<operation id="99" st_id="5" stage="3" lat="3">
<core>RAM_2P_BRAM</core>
<MemPortIdVec>0 </MemPortIdVec>
<condition id="-1">
<or_exp><and_exp></and_exp></or_exp>
</condition>

<Node id="102" bw="32" op_0_bw="12">
<![CDATA[
for.body348.split:45 %mmult_localC_37 = load i12 %mmult_localC

]]></Node>
<StgValue><ssdm name="mmult_localC_37"/></StgValue>
</operation>
</state>

<state id="6" st_id="6">

<operation id="100" st_id="6" stage="2" lat="3">
<core>RAM_2P_BRAM</core>
<MemPortIdVec>0 </MemPortIdVec>
<condition id="-1">
<or_exp><and_exp></and_exp></or_exp>
</condition>

<Node id="87" bw="32" op_0_bw="12">
<![CDATA[
for.body348.split:30 %localC_load = load i12 %localC_addr

]]></Node>
<StgValue><ssdm name="localC_load"/></StgValue>
</operation>

<operation id="101" st_id="6" stage="2" lat="3">
<core>RAM_2P_BRAM</core>
<MemPortIdVec>0 </MemPortIdVec>
<condition id="-1">
<or_exp><and_exp></and_exp></or_exp>
</condition>

<Node id="88" bw="32" op_0_bw="12">
<![CDATA[
for.body348.split:31 %localC_19_load = load i12 %localC_19_addr

]]></Node>
<StgValue><ssdm name="localC_19_load"/></StgValue>
</operation>

<operation id="102" st_id="6" stage="2" lat="3">
<core>RAM_2P_BRAM</core>
<MemPortIdVec>0 </MemPortIdVec>
<condition id="-1">
<or_exp><and_exp></and_exp></or_exp>
</condition>

<Node id="89" bw="32" op_0_bw="12">
<![CDATA[
for.body348.split:32 %localC_20_load = load i12 %localC_20_addr

]]></Node>
<StgValue><ssdm name="localC_20_load"/></StgValue>
</operation>

<operation id="103" st_id="6" stage="2" lat="3">
<core>RAM_2P_BRAM</core>
<MemPortIdVec>0 </MemPortIdVec>
<condition id="-1">
<or_exp><and_exp></and_exp></or_exp>
</condition>

<Node id="90" bw="32" op_0_bw="12">
<![CDATA[
for.body348.split:33 %localC_21_load = load i12 %localC_21_addr

]]></Node>
<StgValue><ssdm name="localC_21_load"/></StgValue>
</operation>

<operation id="104" st_id="6" stage="2" lat="3">
<core>RAM_2P_BRAM</core>
<MemPortIdVec>0 </MemPortIdVec>
<condition id="-1">
<or_exp><and_exp></and_exp></or_exp>
</condition>

<Node id="91" bw="32" op_0_bw="12">
<![CDATA[
for.body348.split:34 %localC_22_load = load i12 %localC_22_addr

]]></Node>
<StgValue><ssdm name="localC_22_load"/></StgValue>
</operation>

<operation id="105" st_id="6" stage="2" lat="3">
<core>RAM_2P_BRAM</core>
<MemPortIdVec>0 </MemPortIdVec>
<condition id="-1">
<or_exp><and_exp></and_exp></or_exp>
</condition>

<Node id="92" bw="32" op_0_bw="12">
<![CDATA[
for.body348.split:35 %localC_23_load = load i12 %localC_23_addr

]]></Node>
<StgValue><ssdm name="localC_23_load"/></StgValue>
</operation>

<operation id="106" st_id="6" stage="2" lat="3">
<core>RAM_2P_BRAM</core>
<MemPortIdVec>0 </MemPortIdVec>
<condition id="-1">
<or_exp><and_exp></and_exp></or_exp>
</condition>

<Node id="93" bw="32" op_0_bw="12">
<![CDATA[
for.body348.split:36 %localC_24_load = load i12 %localC_24_addr

]]></Node>
<StgValue><ssdm name="localC_24_load"/></StgValue>
</operation>

<operation id="107" st_id="6" stage="2" lat="3">
<core>RAM_2P_BRAM</core>
<MemPortIdVec>0 </MemPortIdVec>
<condition id="-1">
<or_exp><and_exp></and_exp></or_exp>
</condition>

<Node id="94" bw="32" op_0_bw="12">
<![CDATA[
for.body348.split:37 %localC_25_load = load i12 %localC_25_addr

]]></Node>
<StgValue><ssdm name="localC_25_load"/></StgValue>
</operation>

<operation id="108" st_id="6" stage="2" lat="3">
<core>RAM_2P_BRAM</core>
<MemPortIdVec>0 </MemPortIdVec>
<condition id="-1">
<or_exp><and_exp></and_exp></or_exp>
</condition>

<Node id="95" bw="32" op_0_bw="12">
<![CDATA[
for.body348.split:38 %localC_26_load = load i12 %localC_26_addr

]]></Node>
<StgValue><ssdm name="localC_26_load"/></StgValue>
</operation>

<operation id="109" st_id="6" stage="2" lat="3">
<core>RAM_2P_BRAM</core>
<MemPortIdVec>0 </MemPortIdVec>
<condition id="-1">
<or_exp><and_exp></and_exp></or_exp>
</condition>

<Node id="96" bw="32" op_0_bw="12">
<![CDATA[
for.body348.split:39 %localC_27_load = load i12 %localC_27_addr

]]></Node>
<StgValue><ssdm name="localC_27_load"/></StgValue>
</operation>

<operation id="110" st_id="6" stage="2" lat="3">
<core>RAM_2P_BRAM</core>
<MemPortIdVec>0 </MemPortIdVec>
<condition id="-1">
<or_exp><and_exp></and_exp></or_exp>
</condition>

<Node id="97" bw="32" op_0_bw="12">
<![CDATA[
for.body348.split:40 %p_ZZ5mmultE6localC_10_load = load i12 %p_ZZ5mmultE6localC_10_addr

]]></Node>
<StgValue><ssdm name="p_ZZ5mmultE6localC_10_load"/></StgValue>
</operation>

<operation id="111" st_id="6" stage="2" lat="3">
<core>RAM_2P_BRAM</core>
<MemPortIdVec>0 </MemPortIdVec>
<condition id="-1">
<or_exp><and_exp></and_exp></or_exp>
</condition>

<Node id="98" bw="32" op_0_bw="12">
<![CDATA[
for.body348.split:41 %mmult_localC_33 = load i12 %p_ZZ5mmultE6localC_11_addr

]]></Node>
<StgValue><ssdm name="mmult_localC_33"/></StgValue>
</operation>

<operation id="112" st_id="6" stage="2" lat="3">
<core>RAM_2P_BRAM</core>
<MemPortIdVec>0 </MemPortIdVec>
<condition id="-1">
<or_exp><and_exp></and_exp></or_exp>
</condition>

<Node id="99" bw="32" op_0_bw="12">
<![CDATA[
for.body348.split:42 %mmult_localC_34 = load i12 %p_ZZ5mmultE6localC_12_addr

]]></Node>
<StgValue><ssdm name="mmult_localC_34"/></StgValue>
</operation>

<operation id="113" st_id="6" stage="2" lat="3">
<core>RAM_2P_BRAM</core>
<MemPortIdVec>0 </MemPortIdVec>
<condition id="-1">
<or_exp><and_exp></and_exp></or_exp>
</condition>

<Node id="100" bw="32" op_0_bw="12">
<![CDATA[
for.body348.split:43 %mmult_localC_35 = load i12 %p_ZZ5mmultE6localC_13_addr

]]></Node>
<StgValue><ssdm name="mmult_localC_35"/></StgValue>
</operation>

<operation id="114" st_id="6" stage="2" lat="3">
<core>RAM_2P_BRAM</core>
<MemPortIdVec>0 </MemPortIdVec>
<condition id="-1">
<or_exp><and_exp></and_exp></or_exp>
</condition>

<Node id="101" bw="32" op_0_bw="12">
<![CDATA[
for.body348.split:44 %mmult_localC_36 = load i12 %p_ZZ5mmultE6localC_14_addr

]]></Node>
<StgValue><ssdm name="mmult_localC_36"/></StgValue>
</operation>

<operation id="115" st_id="6" stage="2" lat="3">
<core>RAM_2P_BRAM</core>
<MemPortIdVec>0 </MemPortIdVec>
<condition id="-1">
<or_exp><and_exp></and_exp></or_exp>
</condition>

<Node id="102" bw="32" op_0_bw="12">
<![CDATA[
for.body348.split:45 %mmult_localC_37 = load i12 %mmult_localC

]]></Node>
<StgValue><ssdm name="mmult_localC_37"/></StgValue>
</operation>
</state>

<state id="7" st_id="7">

<operation id="116" st_id="7" stage="1" lat="3">
<core>RAM_2P_BRAM</core>
<MemPortIdVec>0 </MemPortIdVec>
<condition id="-1">
<or_exp><and_exp></and_exp></or_exp>
</condition>

<Node id="87" bw="32" op_0_bw="12">
<![CDATA[
for.body348.split:30 %localC_load = load i12 %localC_addr

]]></Node>
<StgValue><ssdm name="localC_load"/></StgValue>
</operation>

<operation id="117" st_id="7" stage="1" lat="3">
<core>RAM_2P_BRAM</core>
<MemPortIdVec>0 </MemPortIdVec>
<condition id="-1">
<or_exp><and_exp></and_exp></or_exp>
</condition>

<Node id="88" bw="32" op_0_bw="12">
<![CDATA[
for.body348.split:31 %localC_19_load = load i12 %localC_19_addr

]]></Node>
<StgValue><ssdm name="localC_19_load"/></StgValue>
</operation>

<operation id="118" st_id="7" stage="1" lat="3">
<core>RAM_2P_BRAM</core>
<MemPortIdVec>0 </MemPortIdVec>
<condition id="-1">
<or_exp><and_exp></and_exp></or_exp>
</condition>

<Node id="89" bw="32" op_0_bw="12">
<![CDATA[
for.body348.split:32 %localC_20_load = load i12 %localC_20_addr

]]></Node>
<StgValue><ssdm name="localC_20_load"/></StgValue>
</operation>

<operation id="119" st_id="7" stage="1" lat="3">
<core>RAM_2P_BRAM</core>
<MemPortIdVec>0 </MemPortIdVec>
<condition id="-1">
<or_exp><and_exp></and_exp></or_exp>
</condition>

<Node id="90" bw="32" op_0_bw="12">
<![CDATA[
for.body348.split:33 %localC_21_load = load i12 %localC_21_addr

]]></Node>
<StgValue><ssdm name="localC_21_load"/></StgValue>
</operation>

<operation id="120" st_id="7" stage="1" lat="3">
<core>RAM_2P_BRAM</core>
<MemPortIdVec>0 </MemPortIdVec>
<condition id="-1">
<or_exp><and_exp></and_exp></or_exp>
</condition>

<Node id="91" bw="32" op_0_bw="12">
<![CDATA[
for.body348.split:34 %localC_22_load = load i12 %localC_22_addr

]]></Node>
<StgValue><ssdm name="localC_22_load"/></StgValue>
</operation>

<operation id="121" st_id="7" stage="1" lat="3">
<core>RAM_2P_BRAM</core>
<MemPortIdVec>0 </MemPortIdVec>
<condition id="-1">
<or_exp><and_exp></and_exp></or_exp>
</condition>

<Node id="92" bw="32" op_0_bw="12">
<![CDATA[
for.body348.split:35 %localC_23_load = load i12 %localC_23_addr

]]></Node>
<StgValue><ssdm name="localC_23_load"/></StgValue>
</operation>

<operation id="122" st_id="7" stage="1" lat="3">
<core>RAM_2P_BRAM</core>
<MemPortIdVec>0 </MemPortIdVec>
<condition id="-1">
<or_exp><and_exp></and_exp></or_exp>
</condition>

<Node id="93" bw="32" op_0_bw="12">
<![CDATA[
for.body348.split:36 %localC_24_load = load i12 %localC_24_addr

]]></Node>
<StgValue><ssdm name="localC_24_load"/></StgValue>
</operation>

<operation id="123" st_id="7" stage="1" lat="3">
<core>RAM_2P_BRAM</core>
<MemPortIdVec>0 </MemPortIdVec>
<condition id="-1">
<or_exp><and_exp></and_exp></or_exp>
</condition>

<Node id="94" bw="32" op_0_bw="12">
<![CDATA[
for.body348.split:37 %localC_25_load = load i12 %localC_25_addr

]]></Node>
<StgValue><ssdm name="localC_25_load"/></StgValue>
</operation>

<operation id="124" st_id="7" stage="1" lat="3">
<core>RAM_2P_BRAM</core>
<MemPortIdVec>0 </MemPortIdVec>
<condition id="-1">
<or_exp><and_exp></and_exp></or_exp>
</condition>

<Node id="95" bw="32" op_0_bw="12">
<![CDATA[
for.body348.split:38 %localC_26_load = load i12 %localC_26_addr

]]></Node>
<StgValue><ssdm name="localC_26_load"/></StgValue>
</operation>

<operation id="125" st_id="7" stage="1" lat="3">
<core>RAM_2P_BRAM</core>
<MemPortIdVec>0 </MemPortIdVec>
<condition id="-1">
<or_exp><and_exp></and_exp></or_exp>
</condition>

<Node id="96" bw="32" op_0_bw="12">
<![CDATA[
for.body348.split:39 %localC_27_load = load i12 %localC_27_addr

]]></Node>
<StgValue><ssdm name="localC_27_load"/></StgValue>
</operation>

<operation id="126" st_id="7" stage="1" lat="3">
<core>RAM_2P_BRAM</core>
<MemPortIdVec>0 </MemPortIdVec>
<condition id="-1">
<or_exp><and_exp></and_exp></or_exp>
</condition>

<Node id="97" bw="32" op_0_bw="12">
<![CDATA[
for.body348.split:40 %p_ZZ5mmultE6localC_10_load = load i12 %p_ZZ5mmultE6localC_10_addr

]]></Node>
<StgValue><ssdm name="p_ZZ5mmultE6localC_10_load"/></StgValue>
</operation>

<operation id="127" st_id="7" stage="1" lat="3">
<core>RAM_2P_BRAM</core>
<MemPortIdVec>0 </MemPortIdVec>
<condition id="-1">
<or_exp><and_exp></and_exp></or_exp>
</condition>

<Node id="98" bw="32" op_0_bw="12">
<![CDATA[
for.body348.split:41 %mmult_localC_33 = load i12 %p_ZZ5mmultE6localC_11_addr

]]></Node>
<StgValue><ssdm name="mmult_localC_33"/></StgValue>
</operation>

<operation id="128" st_id="7" stage="1" lat="3">
<core>RAM_2P_BRAM</core>
<MemPortIdVec>0 </MemPortIdVec>
<condition id="-1">
<or_exp><and_exp></and_exp></or_exp>
</condition>

<Node id="99" bw="32" op_0_bw="12">
<![CDATA[
for.body348.split:42 %mmult_localC_34 = load i12 %p_ZZ5mmultE6localC_12_addr

]]></Node>
<StgValue><ssdm name="mmult_localC_34"/></StgValue>
</operation>

<operation id="129" st_id="7" stage="1" lat="3">
<core>RAM_2P_BRAM</core>
<MemPortIdVec>0 </MemPortIdVec>
<condition id="-1">
<or_exp><and_exp></and_exp></or_exp>
</condition>

<Node id="100" bw="32" op_0_bw="12">
<![CDATA[
for.body348.split:43 %mmult_localC_35 = load i12 %p_ZZ5mmultE6localC_13_addr

]]></Node>
<StgValue><ssdm name="mmult_localC_35"/></StgValue>
</operation>

<operation id="130" st_id="7" stage="1" lat="3">
<core>RAM_2P_BRAM</core>
<MemPortIdVec>0 </MemPortIdVec>
<condition id="-1">
<or_exp><and_exp></and_exp></or_exp>
</condition>

<Node id="101" bw="32" op_0_bw="12">
<![CDATA[
for.body348.split:44 %mmult_localC_36 = load i12 %p_ZZ5mmultE6localC_14_addr

]]></Node>
<StgValue><ssdm name="mmult_localC_36"/></StgValue>
</operation>

<operation id="131" st_id="7" stage="1" lat="3">
<core>RAM_2P_BRAM</core>
<MemPortIdVec>0 </MemPortIdVec>
<condition id="-1">
<or_exp><and_exp></and_exp></or_exp>
</condition>

<Node id="102" bw="32" op_0_bw="12">
<![CDATA[
for.body348.split:45 %mmult_localC_37 = load i12 %mmult_localC

]]></Node>
<StgValue><ssdm name="mmult_localC_37"/></StgValue>
</operation>

<operation id="132" st_id="7" stage="1" lat="1">
<core>Multiplexer</core>
<MemPortIdVec></MemPortIdVec>
<condition id="-1">
<or_exp><and_exp></and_exp></or_exp>
</condition>

<Node id="103" bw="32" op_0_bw="32" op_1_bw="32" op_2_bw="32" op_3_bw="32" op_4_bw="32" op_5_bw="32" op_6_bw="32" op_7_bw="32" op_8_bw="32" op_9_bw="32" op_10_bw="32" op_11_bw="32" op_12_bw="32" op_13_bw="32" op_14_bw="32" op_15_bw="32" op_16_bw="32" op_17_bw="4">
<![CDATA[
for.body348.split:46 %tmp = mux i32 @_ssdm_op_Mux.ap_auto.16float.i4, i32 %localC_load, i32 %localC_19_load, i32 %localC_20_load, i32 %localC_21_load, i32 %localC_22_load, i32 %localC_23_load, i32 %localC_24_load, i32 %localC_25_load, i32 %localC_26_load, i32 %localC_27_load, i32 %p_ZZ5mmultE6localC_10_load, i32 %mmult_localC_33, i32 %mmult_localC_34, i32 %mmult_localC_35, i32 %mmult_localC_36, i32 %mmult_localC_37, i4 %trunc_ln244

]]></Node>
<StgValue><ssdm name="tmp"/></StgValue>
</operation>
</state>

<state id="8" st_id="8">

<operation id="133" st_id="8" stage="1" lat="1">
<core>NULL</core>
<MemPortIdVec></MemPortIdVec>
<condition id="-1">
<or_exp><and_exp></and_exp></or_exp>
</condition>

<Node id="59" bw="0" op_0_bw="0" op_1_bw="32" op_2_bw="32" op_3_bw="32" op_4_bw="32" op_5_bw="0">
<![CDATA[
for.body348.split:2 %specpipeline_ln245 = specpipeline void @_ssdm_op_SpecPipeline, i32 1, i32 0, i32 0, i32 0, void @empty_16

]]></Node>
<StgValue><ssdm name="specpipeline_ln245"/></StgValue>
</operation>

<operation id="134" st_id="8" stage="1" lat="1">
<core>NULL</core>
<MemPortIdVec></MemPortIdVec>
<condition id="-1">
<or_exp><and_exp></and_exp></or_exp>
</condition>

<Node id="60" bw="0" op_0_bw="0" op_1_bw="0">
<![CDATA[
for.body348.split:3 %specloopname_ln244 = specloopname void @_ssdm_op_SpecLoopName, void @empty_6

]]></Node>
<StgValue><ssdm name="specloopname_ln244"/></StgValue>
</operation>

<operation id="135" st_id="8" stage="1" lat="1">
<core>NULL</core>
<MemPortIdVec></MemPortIdVec>
<condition id="-1">
<or_exp><and_exp></and_exp></or_exp>
</condition>

<Node id="104" bw="32" op_0_bw="32">
<![CDATA[
for.body348.split:47 %bitcast_ln250 = bitcast i32 %tmp

]]></Node>
<StgValue><ssdm name="bitcast_ln250"/></StgValue>
</operation>

<operation id="136" st_id="8" stage="1" lat="1">
<core>m_axi</core>
<MemPortIdVec></MemPortIdVec>
<condition id="-1">
<or_exp><and_exp></and_exp></or_exp>
</condition>

<Node id="105" bw="0" op_0_bw="0" op_1_bw="32" op_2_bw="32" op_3_bw="4" op_4_bw="0">
<![CDATA[
for.body348.split:48 %write_ln250 = write void @_ssdm_op_Write.m_axi.i32P1A, i32 %gmem2_addr, i32 %bitcast_ln250, i4 15

]]></Node>
<StgValue><ssdm name="write_ln250"/></StgValue>
</operation>

<operation id="137" st_id="8" stage="1" lat="1">
<core>NULL</core>
<MemPortIdVec></MemPortIdVec>
<condition id="-1">
<or_exp><and_exp></and_exp></or_exp>
</condition>

<Node id="110" bw="0" op_0_bw="0">
<![CDATA[
for.body348.split:53 %br_ln244 = br void %for.body348

]]></Node>
<StgValue><ssdm name="br_ln244"/></StgValue>
</operation>
</state>

<state id="9" st_id="9">

<operation id="138" st_id="9" stage="5" lat="5">
<core>m_axi</core>
<MemPortIdVec></MemPortIdVec>
<condition id="-1">
<or_exp><and_exp></and_exp></or_exp>
</condition>

<Node id="112" bw="1" op_0_bw="1" op_1_bw="32">
<![CDATA[
for.end362.exitStub:0 %p_wr_resp = writeresp i1 @_ssdm_op_WriteResp.m_axi.i32P1A, i32 %gmem2_addr

]]></Node>
<StgValue><ssdm name="p_wr_resp"/></StgValue>
</operation>
</state>

<state id="10" st_id="10">

<operation id="139" st_id="10" stage="4" lat="5">
<core>m_axi</core>
<MemPortIdVec></MemPortIdVec>
<condition id="-1">
<or_exp><and_exp></and_exp></or_exp>
</condition>

<Node id="112" bw="1" op_0_bw="1" op_1_bw="32">
<![CDATA[
for.end362.exitStub:0 %p_wr_resp = writeresp i1 @_ssdm_op_WriteResp.m_axi.i32P1A, i32 %gmem2_addr

]]></Node>
<StgValue><ssdm name="p_wr_resp"/></StgValue>
</operation>
</state>

<state id="11" st_id="11">

<operation id="140" st_id="11" stage="3" lat="5">
<core>m_axi</core>
<MemPortIdVec></MemPortIdVec>
<condition id="-1">
<or_exp><and_exp></and_exp></or_exp>
</condition>

<Node id="112" bw="1" op_0_bw="1" op_1_bw="32">
<![CDATA[
for.end362.exitStub:0 %p_wr_resp = writeresp i1 @_ssdm_op_WriteResp.m_axi.i32P1A, i32 %gmem2_addr

]]></Node>
<StgValue><ssdm name="p_wr_resp"/></StgValue>
</operation>
</state>

<state id="12" st_id="12">

<operation id="141" st_id="12" stage="2" lat="5">
<core>m_axi</core>
<MemPortIdVec></MemPortIdVec>
<condition id="-1">
<or_exp><and_exp></and_exp></or_exp>
</condition>

<Node id="112" bw="1" op_0_bw="1" op_1_bw="32">
<![CDATA[
for.end362.exitStub:0 %p_wr_resp = writeresp i1 @_ssdm_op_WriteResp.m_axi.i32P1A, i32 %gmem2_addr

]]></Node>
<StgValue><ssdm name="p_wr_resp"/></StgValue>
</operation>
</state>

<state id="13" st_id="13">

<operation id="142" st_id="13" stage="1" lat="5">
<core>m_axi</core>
<MemPortIdVec></MemPortIdVec>
<condition id="-1">
<or_exp><and_exp></and_exp></or_exp>
</condition>

<Node id="112" bw="1" op_0_bw="1" op_1_bw="32">
<![CDATA[
for.end362.exitStub:0 %p_wr_resp = writeresp i1 @_ssdm_op_WriteResp.m_axi.i32P1A, i32 %gmem2_addr

]]></Node>
<StgValue><ssdm name="p_wr_resp"/></StgValue>
</operation>

<operation id="143" st_id="13" stage="1" lat="1">
<core>NULL</core>
<MemPortIdVec></MemPortIdVec>
<condition id="-1">
<or_exp><and_exp></and_exp></or_exp>
</condition>

<Node id="113" bw="0">
<![CDATA[
for.end362.exitStub:1 %ret_ln0 = ret

]]></Node>
<StgValue><ssdm name="ret_ln0"/></StgValue>
</operation>
</state>
</state_list>


<ports>
<port id="167" name="gmem2" dir="1" iftype="4">
<core>NULL</core><StgValue><ssdm name="gmem2"/></StgValue>
</port>
<port id="168" name="sext_ln250" dir="0" iftype="0">
<core>NULL</core><StgValue><ssdm name="sext_ln250"/></StgValue>
</port>
<port id="169" name="c" dir="0" iftype="0">
<core>NULL</core><StgValue><ssdm name="c"/></StgValue>
</port>
<port id="170" name="localC" dir="0" iftype="1">
<core>RAM_2P_BRAM</core><StgValue><ssdm name="localC"/><MemPortTyVec>1 3 </MemPortTyVec>
</StgValue>
</port>
<port id="171" name="localC_19" dir="0" iftype="1">
<core>RAM_2P_BRAM</core><StgValue><ssdm name="localC_19"/><MemPortTyVec>1 3 </MemPortTyVec>
</StgValue>
</port>
<port id="172" name="localC_20" dir="0" iftype="1">
<core>RAM_2P_BRAM</core><StgValue><ssdm name="localC_20"/><MemPortTyVec>1 3 </MemPortTyVec>
</StgValue>
</port>
<port id="173" name="localC_21" dir="0" iftype="1">
<core>RAM_2P_BRAM</core><StgValue><ssdm name="localC_21"/><MemPortTyVec>1 3 </MemPortTyVec>
</StgValue>
</port>
<port id="174" name="localC_22" dir="0" iftype="1">
<core>RAM_2P_BRAM</core><StgValue><ssdm name="localC_22"/><MemPortTyVec>1 3 </MemPortTyVec>
</StgValue>
</port>
<port id="175" name="localC_23" dir="0" iftype="1">
<core>RAM_2P_BRAM</core><StgValue><ssdm name="localC_23"/><MemPortTyVec>1 3 </MemPortTyVec>
</StgValue>
</port>
<port id="176" name="localC_24" dir="0" iftype="1">
<core>RAM_2P_BRAM</core><StgValue><ssdm name="localC_24"/><MemPortTyVec>1 3 </MemPortTyVec>
</StgValue>
</port>
<port id="177" name="localC_25" dir="0" iftype="1">
<core>RAM_2P_BRAM</core><StgValue><ssdm name="localC_25"/><MemPortTyVec>1 3 </MemPortTyVec>
</StgValue>
</port>
<port id="178" name="localC_26" dir="0" iftype="1">
<core>RAM_2P_BRAM</core><StgValue><ssdm name="localC_26"/><MemPortTyVec>1 3 </MemPortTyVec>
</StgValue>
</port>
<port id="179" name="localC_27" dir="0" iftype="1">
<core>RAM_2P_BRAM</core><StgValue><ssdm name="localC_27"/><MemPortTyVec>1 3 </MemPortTyVec>
</StgValue>
</port>
<port id="180" name="p_ZZ5mmultE6localC_10" dir="0" iftype="1">
<core>RAM_2P_BRAM</core><StgValue><ssdm name="p_ZZ5mmultE6localC_10"/><MemPortTyVec>1 3 </MemPortTyVec>
</StgValue>
</port>
<port id="181" name="p_ZZ5mmultE6localC_11" dir="0" iftype="1">
<core>RAM_2P_BRAM</core><StgValue><ssdm name="p_ZZ5mmultE6localC_11"/><MemPortTyVec>1 3 </MemPortTyVec>
</StgValue>
</port>
<port id="182" name="p_ZZ5mmultE6localC_12" dir="0" iftype="1">
<core>RAM_2P_BRAM</core><StgValue><ssdm name="p_ZZ5mmultE6localC_12"/><MemPortTyVec>1 3 </MemPortTyVec>
</StgValue>
</port>
<port id="183" name="p_ZZ5mmultE6localC_13" dir="0" iftype="1">
<core>RAM_2P_BRAM</core><StgValue><ssdm name="p_ZZ5mmultE6localC_13"/><MemPortTyVec>1 3 </MemPortTyVec>
</StgValue>
</port>
<port id="184" name="p_ZZ5mmultE6localC_14" dir="0" iftype="1">
<core>RAM_2P_BRAM</core><StgValue><ssdm name="p_ZZ5mmultE6localC_14"/><MemPortTyVec>1 3 </MemPortTyVec>
</StgValue>
</port>
<port id="185" name="p_ZZ5mmultE6localC_15" dir="0" iftype="1">
<core>RAM_2P_BRAM</core><StgValue><ssdm name="p_ZZ5mmultE6localC_15"/><MemPortTyVec>1 3 </MemPortTyVec>
</StgValue>
</port>
</ports>


<dataflows>
<dataflow id="187" from="StgValue_186" to="i" fromId="186" toId="14">
</dataflow>
<dataflow id="188" from="StgValue_186" to="j" fromId="186" toId="15">
</dataflow>
<dataflow id="189" from="StgValue_186" to="loc" fromId="186" toId="16">
</dataflow>
<dataflow id="191" from="_ssdm_op_Read.ap_auto.i64" to="c6" fromId="190" toId="17">
</dataflow>
<dataflow id="192" from="c" to="c6" fromId="169" toId="17">
</dataflow>
<dataflow id="194" from="_ssdm_op_Read.ap_auto.i62" to="sext_ln250_read" fromId="193" toId="18">
</dataflow>
<dataflow id="195" from="sext_ln250" to="sext_ln250_read" fromId="168" toId="18">
</dataflow>
<dataflow id="196" from="sext_ln250_read" to="sext_ln250_cast" fromId="18" toId="19">
</dataflow>
<dataflow id="198" from="_ssdm_op_SpecMemCore" to="specmemcore_ln0" fromId="197" toId="20">
</dataflow>
<dataflow id="199" from="localC" to="specmemcore_ln0" fromId="170" toId="20">
</dataflow>
<dataflow id="201" from="StgValue_200" to="specmemcore_ln0" fromId="200" toId="20">
</dataflow>
<dataflow id="203" from="StgValue_202" to="specmemcore_ln0" fromId="202" toId="20">
</dataflow>
<dataflow id="205" from="StgValue_204" to="specmemcore_ln0" fromId="204" toId="20">
</dataflow>
<dataflow id="206" from="_ssdm_op_SpecMemCore" to="specmemcore_ln0" fromId="197" toId="21">
</dataflow>
<dataflow id="207" from="localC_19" to="specmemcore_ln0" fromId="171" toId="21">
</dataflow>
<dataflow id="208" from="StgValue_200" to="specmemcore_ln0" fromId="200" toId="21">
</dataflow>
<dataflow id="209" from="StgValue_202" to="specmemcore_ln0" fromId="202" toId="21">
</dataflow>
<dataflow id="210" from="StgValue_204" to="specmemcore_ln0" fromId="204" toId="21">
</dataflow>
<dataflow id="211" from="_ssdm_op_SpecMemCore" to="specmemcore_ln0" fromId="197" toId="22">
</dataflow>
<dataflow id="212" from="localC_20" to="specmemcore_ln0" fromId="172" toId="22">
</dataflow>
<dataflow id="213" from="StgValue_200" to="specmemcore_ln0" fromId="200" toId="22">
</dataflow>
<dataflow id="214" from="StgValue_202" to="specmemcore_ln0" fromId="202" toId="22">
</dataflow>
<dataflow id="215" from="StgValue_204" to="specmemcore_ln0" fromId="204" toId="22">
</dataflow>
<dataflow id="216" from="_ssdm_op_SpecMemCore" to="specmemcore_ln0" fromId="197" toId="23">
</dataflow>
<dataflow id="217" from="localC_21" to="specmemcore_ln0" fromId="173" toId="23">
</dataflow>
<dataflow id="218" from="StgValue_200" to="specmemcore_ln0" fromId="200" toId="23">
</dataflow>
<dataflow id="219" from="StgValue_202" to="specmemcore_ln0" fromId="202" toId="23">
</dataflow>
<dataflow id="220" from="StgValue_204" to="specmemcore_ln0" fromId="204" toId="23">
</dataflow>
<dataflow id="221" from="_ssdm_op_SpecMemCore" to="specmemcore_ln0" fromId="197" toId="24">
</dataflow>
<dataflow id="222" from="localC_22" to="specmemcore_ln0" fromId="174" toId="24">
</dataflow>
<dataflow id="223" from="StgValue_200" to="specmemcore_ln0" fromId="200" toId="24">
</dataflow>
<dataflow id="224" from="StgValue_202" to="specmemcore_ln0" fromId="202" toId="24">
</dataflow>
<dataflow id="225" from="StgValue_204" to="specmemcore_ln0" fromId="204" toId="24">
</dataflow>
<dataflow id="226" from="_ssdm_op_SpecMemCore" to="specmemcore_ln0" fromId="197" toId="25">
</dataflow>
<dataflow id="227" from="localC_23" to="specmemcore_ln0" fromId="175" toId="25">
</dataflow>
<dataflow id="228" from="StgValue_200" to="specmemcore_ln0" fromId="200" toId="25">
</dataflow>
<dataflow id="229" from="StgValue_202" to="specmemcore_ln0" fromId="202" toId="25">
</dataflow>
<dataflow id="230" from="StgValue_204" to="specmemcore_ln0" fromId="204" toId="25">
</dataflow>
<dataflow id="231" from="_ssdm_op_SpecMemCore" to="specmemcore_ln0" fromId="197" toId="26">
</dataflow>
<dataflow id="232" from="localC_24" to="specmemcore_ln0" fromId="176" toId="26">
</dataflow>
<dataflow id="233" from="StgValue_200" to="specmemcore_ln0" fromId="200" toId="26">
</dataflow>
<dataflow id="234" from="StgValue_202" to="specmemcore_ln0" fromId="202" toId="26">
</dataflow>
<dataflow id="235" from="StgValue_204" to="specmemcore_ln0" fromId="204" toId="26">
</dataflow>
<dataflow id="236" from="_ssdm_op_SpecMemCore" to="specmemcore_ln0" fromId="197" toId="27">
</dataflow>
<dataflow id="237" from="localC_25" to="specmemcore_ln0" fromId="177" toId="27">
</dataflow>
<dataflow id="238" from="StgValue_200" to="specmemcore_ln0" fromId="200" toId="27">
</dataflow>
<dataflow id="239" from="StgValue_202" to="specmemcore_ln0" fromId="202" toId="27">
</dataflow>
<dataflow id="240" from="StgValue_204" to="specmemcore_ln0" fromId="204" toId="27">
</dataflow>
<dataflow id="241" from="_ssdm_op_SpecMemCore" to="specmemcore_ln0" fromId="197" toId="28">
</dataflow>
<dataflow id="242" from="localC_26" to="specmemcore_ln0" fromId="178" toId="28">
</dataflow>
<dataflow id="243" from="StgValue_200" to="specmemcore_ln0" fromId="200" toId="28">
</dataflow>
<dataflow id="244" from="StgValue_202" to="specmemcore_ln0" fromId="202" toId="28">
</dataflow>
<dataflow id="245" from="StgValue_204" to="specmemcore_ln0" fromId="204" toId="28">
</dataflow>
<dataflow id="246" from="_ssdm_op_SpecMemCore" to="specmemcore_ln0" fromId="197" toId="29">
</dataflow>
<dataflow id="247" from="localC_27" to="specmemcore_ln0" fromId="179" toId="29">
</dataflow>
<dataflow id="248" from="StgValue_200" to="specmemcore_ln0" fromId="200" toId="29">
</dataflow>
<dataflow id="249" from="StgValue_202" to="specmemcore_ln0" fromId="202" toId="29">
</dataflow>
<dataflow id="250" from="StgValue_204" to="specmemcore_ln0" fromId="204" toId="29">
</dataflow>
<dataflow id="251" from="_ssdm_op_SpecMemCore" to="specmemcore_ln0" fromId="197" toId="30">
</dataflow>
<dataflow id="252" from="p_ZZ5mmultE6localC_10" to="specmemcore_ln0" fromId="180" toId="30">
</dataflow>
<dataflow id="253" from="StgValue_200" to="specmemcore_ln0" fromId="200" toId="30">
</dataflow>
<dataflow id="254" from="StgValue_202" to="specmemcore_ln0" fromId="202" toId="30">
</dataflow>
<dataflow id="255" from="StgValue_204" to="specmemcore_ln0" fromId="204" toId="30">
</dataflow>
<dataflow id="256" from="_ssdm_op_SpecMemCore" to="specmemcore_ln0" fromId="197" toId="31">
</dataflow>
<dataflow id="257" from="p_ZZ5mmultE6localC_11" to="specmemcore_ln0" fromId="181" toId="31">
</dataflow>
<dataflow id="258" from="StgValue_200" to="specmemcore_ln0" fromId="200" toId="31">
</dataflow>
<dataflow id="259" from="StgValue_202" to="specmemcore_ln0" fromId="202" toId="31">
</dataflow>
<dataflow id="260" from="StgValue_204" to="specmemcore_ln0" fromId="204" toId="31">
</dataflow>
<dataflow id="261" from="_ssdm_op_SpecMemCore" to="specmemcore_ln0" fromId="197" toId="32">
</dataflow>
<dataflow id="262" from="p_ZZ5mmultE6localC_12" to="specmemcore_ln0" fromId="182" toId="32">
</dataflow>
<dataflow id="263" from="StgValue_200" to="specmemcore_ln0" fromId="200" toId="32">
</dataflow>
<dataflow id="264" from="StgValue_202" to="specmemcore_ln0" fromId="202" toId="32">
</dataflow>
<dataflow id="265" from="StgValue_204" to="specmemcore_ln0" fromId="204" toId="32">
</dataflow>
<dataflow id="266" from="_ssdm_op_SpecMemCore" to="specmemcore_ln0" fromId="197" toId="33">
</dataflow>
<dataflow id="267" from="p_ZZ5mmultE6localC_13" to="specmemcore_ln0" fromId="183" toId="33">
</dataflow>
<dataflow id="268" from="StgValue_200" to="specmemcore_ln0" fromId="200" toId="33">
</dataflow>
<dataflow id="269" from="StgValue_202" to="specmemcore_ln0" fromId="202" toId="33">
</dataflow>
<dataflow id="270" from="StgValue_204" to="specmemcore_ln0" fromId="204" toId="33">
</dataflow>
<dataflow id="271" from="_ssdm_op_SpecMemCore" to="specmemcore_ln0" fromId="197" toId="34">
</dataflow>
<dataflow id="272" from="p_ZZ5mmultE6localC_14" to="specmemcore_ln0" fromId="184" toId="34">
</dataflow>
<dataflow id="273" from="StgValue_200" to="specmemcore_ln0" fromId="200" toId="34">
</dataflow>
<dataflow id="274" from="StgValue_202" to="specmemcore_ln0" fromId="202" toId="34">
</dataflow>
<dataflow id="275" from="StgValue_204" to="specmemcore_ln0" fromId="204" toId="34">
</dataflow>
<dataflow id="276" from="_ssdm_op_SpecMemCore" to="specmemcore_ln0" fromId="197" toId="35">
</dataflow>
<dataflow id="277" from="p_ZZ5mmultE6localC_15" to="specmemcore_ln0" fromId="185" toId="35">
</dataflow>
<dataflow id="278" from="StgValue_200" to="specmemcore_ln0" fromId="200" toId="35">
</dataflow>
<dataflow id="279" from="StgValue_202" to="specmemcore_ln0" fromId="202" toId="35">
</dataflow>
<dataflow id="280" from="StgValue_204" to="specmemcore_ln0" fromId="204" toId="35">
</dataflow>
<dataflow id="282" from="_ssdm_op_SpecInterface" to="specinterface_ln0" fromId="281" toId="36">
</dataflow>
<dataflow id="283" from="gmem2" to="specinterface_ln0" fromId="167" toId="36">
</dataflow>
<dataflow id="285" from="empty_15" to="specinterface_ln0" fromId="284" toId="36">
</dataflow>
<dataflow id="287" from="StgValue_286" to="specinterface_ln0" fromId="286" toId="36">
</dataflow>
<dataflow id="288" from="StgValue_286" to="specinterface_ln0" fromId="286" toId="36">
</dataflow>
<dataflow id="290" from="empty_16" to="specinterface_ln0" fromId="289" toId="36">
</dataflow>
<dataflow id="291" from="StgValue_286" to="specinterface_ln0" fromId="286" toId="36">
</dataflow>
<dataflow id="293" from="StgValue_292" to="specinterface_ln0" fromId="292" toId="36">
</dataflow>
<dataflow id="295" from="empty_21" to="specinterface_ln0" fromId="294" toId="36">
</dataflow>
<dataflow id="297" from="empty_9" to="specinterface_ln0" fromId="296" toId="36">
</dataflow>
<dataflow id="298" from="empty_16" to="specinterface_ln0" fromId="289" toId="36">
</dataflow>
<dataflow id="300" from="StgValue_299" to="specinterface_ln0" fromId="299" toId="36">
</dataflow>
<dataflow id="301" from="StgValue_299" to="specinterface_ln0" fromId="299" toId="36">
</dataflow>
<dataflow id="302" from="StgValue_299" to="specinterface_ln0" fromId="299" toId="36">
</dataflow>
<dataflow id="303" from="StgValue_299" to="specinterface_ln0" fromId="299" toId="36">
</dataflow>
<dataflow id="304" from="empty_16" to="specinterface_ln0" fromId="289" toId="36">
</dataflow>
<dataflow id="305" from="empty_16" to="specinterface_ln0" fromId="289" toId="36">
</dataflow>
<dataflow id="307" from="StgValue_306" to="specinterface_ln0" fromId="306" toId="36">
</dataflow>
<dataflow id="308" from="StgValue_286" to="specinterface_ln0" fromId="286" toId="36">
</dataflow>
<dataflow id="309" from="gmem2" to="gmem2_addr" fromId="167" toId="37">
</dataflow>
<dataflow id="310" from="sext_ln250_cast" to="gmem2_addr" fromId="19" toId="37">
</dataflow>
<dataflow id="312" from="_ssdm_op_WriteReq.m_axi.i32P1A" to="p_wr_req" fromId="311" toId="38">
</dataflow>
<dataflow id="313" from="gmem2_addr" to="p_wr_req" fromId="37" toId="38">
</dataflow>
<dataflow id="314" from="StgValue_292" to="p_wr_req" fromId="292" toId="38">
</dataflow>
<dataflow id="316" from="StgValue_315" to="store_ln0" fromId="315" toId="39">
</dataflow>
<dataflow id="317" from="loc" to="store_ln0" fromId="16" toId="39">
</dataflow>
<dataflow id="318" from="StgValue_286" to="store_ln0" fromId="286" toId="40">
</dataflow>
<dataflow id="319" from="j" to="store_ln0" fromId="15" toId="40">
</dataflow>
<dataflow id="320" from="StgValue_286" to="store_ln0" fromId="286" toId="41">
</dataflow>
<dataflow id="321" from="i" to="store_ln0" fromId="14" toId="41">
</dataflow>
<dataflow id="322" from="loc" to="loc_1" fromId="16" toId="43">
</dataflow>
<dataflow id="324" from="_ssdm_op_SpecBitsMap" to="specbitsmap_ln0" fromId="323" toId="44">
</dataflow>
<dataflow id="325" from="gmem2" to="specbitsmap_ln0" fromId="167" toId="44">
</dataflow>
<dataflow id="326" from="loc_1" to="icmp_ln244" fromId="43" toId="45">
</dataflow>
<dataflow id="328" from="StgValue_327" to="icmp_ln244" fromId="327" toId="45">
</dataflow>
<dataflow id="330" from="_ssdm_op_SpecLoopTripCount" to="empty" fromId="329" toId="46">
</dataflow>
<dataflow id="332" from="StgValue_331" to="empty" fromId="331" toId="46">
</dataflow>
<dataflow id="333" from="StgValue_331" to="empty" fromId="331" toId="46">
</dataflow>
<dataflow id="334" from="StgValue_331" to="empty" fromId="331" toId="46">
</dataflow>
<dataflow id="335" from="loc_1" to="add_ln244" fromId="43" toId="47">
</dataflow>
<dataflow id="337" from="StgValue_336" to="add_ln244" fromId="336" toId="47">
</dataflow>
<dataflow id="338" from="icmp_ln244" to="br_ln244" fromId="45" toId="48">
</dataflow>
<dataflow id="339" from="i" to="i_load" fromId="14" toId="49">
</dataflow>
<dataflow id="340" from="j" to="j_load" fromId="15" toId="50">
</dataflow>
<dataflow id="341" from="j_load" to="icmp_ln246" fromId="50" toId="51">
</dataflow>
<dataflow id="343" from="StgValue_342" to="icmp_ln246" fromId="342" toId="51">
</dataflow>
<dataflow id="344" from="i_load" to="add_ln247" fromId="49" toId="52">
</dataflow>
<dataflow id="345" from="StgValue_186" to="add_ln247" fromId="186" toId="52">
</dataflow>
<dataflow id="346" from="icmp_ln246" to="i_1" fromId="51" toId="53">
</dataflow>
<dataflow id="347" from="add_ln247" to="i_1" fromId="52" toId="53">
</dataflow>
<dataflow id="348" from="i_load" to="i_1" fromId="49" toId="53">
</dataflow>
<dataflow id="349" from="icmp_ln246" to="j_1" fromId="51" toId="54">
</dataflow>
<dataflow id="350" from="StgValue_286" to="j_1" fromId="286" toId="54">
</dataflow>
<dataflow id="351" from="j_load" to="j_1" fromId="50" toId="54">
</dataflow>
<dataflow id="352" from="j_1" to="trunc_ln244" fromId="54" toId="55">
</dataflow>
<dataflow id="353" from="i_1" to="trunc_ln250" fromId="53" toId="56">
</dataflow>
<dataflow id="354" from="trunc_ln250" to="mul_ln250" fromId="56" toId="57">
</dataflow>
<dataflow id="356" from="StgValue_355" to="mul_ln250" fromId="355" toId="57">
</dataflow>
<dataflow id="358" from="_ssdm_op_PartSelect.i12.i32.i32.i32" to="lshr_ln2" fromId="357" toId="58">
</dataflow>
<dataflow id="359" from="j_1" to="lshr_ln2" fromId="54" toId="58">
</dataflow>
<dataflow id="361" from="StgValue_360" to="lshr_ln2" fromId="360" toId="58">
</dataflow>
<dataflow id="363" from="StgValue_362" to="lshr_ln2" fromId="362" toId="58">
</dataflow>
<dataflow id="364" from="j_1" to="j_2" fromId="54" toId="59">
</dataflow>
<dataflow id="365" from="StgValue_186" to="j_2" fromId="186" toId="59">
</dataflow>
<dataflow id="366" from="add_ln244" to="store_ln244" fromId="47" toId="60">
</dataflow>
<dataflow id="367" from="loc" to="store_ln244" fromId="16" toId="60">
</dataflow>
<dataflow id="368" from="j_2" to="store_ln244" fromId="59" toId="61">
</dataflow>
<dataflow id="369" from="j" to="store_ln244" fromId="15" toId="61">
</dataflow>
<dataflow id="370" from="i_1" to="store_ln244" fromId="53" toId="62">
</dataflow>
<dataflow id="371" from="i" to="store_ln244" fromId="14" toId="62">
</dataflow>
<dataflow id="372" from="trunc_ln250" to="mul_ln250" fromId="56" toId="63">
</dataflow>
<dataflow id="373" from="StgValue_355" to="mul_ln250" fromId="355" toId="63">
</dataflow>
<dataflow id="374" from="trunc_ln250" to="mul_ln250" fromId="56" toId="64">
</dataflow>
<dataflow id="375" from="StgValue_355" to="mul_ln250" fromId="355" toId="64">
</dataflow>
<dataflow id="376" from="mul_ln250" to="add_ln250" fromId="64" toId="65">
</dataflow>
<dataflow id="377" from="lshr_ln2" to="add_ln250" fromId="58" toId="65">
</dataflow>
<dataflow id="378" from="mul_ln250" to="add_ln250" fromId="64" toId="66">
</dataflow>
<dataflow id="379" from="lshr_ln2" to="add_ln250" fromId="58" toId="66">
</dataflow>
<dataflow id="380" from="add_ln250" to="zext_ln250" fromId="66" toId="67">
</dataflow>
<dataflow id="381" from="p_ZZ5mmultE6localC_10" to="p_ZZ5mmultE6localC_10_addr" fromId="180" toId="68">
</dataflow>
<dataflow id="383" from="StgValue_382" to="p_ZZ5mmultE6localC_10_addr" fromId="382" toId="68">
</dataflow>
<dataflow id="384" from="zext_ln250" to="p_ZZ5mmultE6localC_10_addr" fromId="67" toId="68">
</dataflow>
<dataflow id="385" from="p_ZZ5mmultE6localC_11" to="p_ZZ5mmultE6localC_11_addr" fromId="181" toId="69">
</dataflow>
<dataflow id="386" from="StgValue_382" to="p_ZZ5mmultE6localC_11_addr" fromId="382" toId="69">
</dataflow>
<dataflow id="387" from="zext_ln250" to="p_ZZ5mmultE6localC_11_addr" fromId="67" toId="69">
</dataflow>
<dataflow id="388" from="p_ZZ5mmultE6localC_12" to="p_ZZ5mmultE6localC_12_addr" fromId="182" toId="70">
</dataflow>
<dataflow id="389" from="StgValue_382" to="p_ZZ5mmultE6localC_12_addr" fromId="382" toId="70">
</dataflow>
<dataflow id="390" from="zext_ln250" to="p_ZZ5mmultE6localC_12_addr" fromId="67" toId="70">
</dataflow>
<dataflow id="391" from="p_ZZ5mmultE6localC_13" to="p_ZZ5mmultE6localC_13_addr" fromId="183" toId="71">
</dataflow>
<dataflow id="392" from="StgValue_382" to="p_ZZ5mmultE6localC_13_addr" fromId="382" toId="71">
</dataflow>
<dataflow id="393" from="zext_ln250" to="p_ZZ5mmultE6localC_13_addr" fromId="67" toId="71">
</dataflow>
<dataflow id="394" from="p_ZZ5mmultE6localC_14" to="p_ZZ5mmultE6localC_14_addr" fromId="184" toId="72">
</dataflow>
<dataflow id="395" from="StgValue_382" to="p_ZZ5mmultE6localC_14_addr" fromId="382" toId="72">
</dataflow>
<dataflow id="396" from="zext_ln250" to="p_ZZ5mmultE6localC_14_addr" fromId="67" toId="72">
</dataflow>
<dataflow id="397" from="p_ZZ5mmultE6localC_15" to="mmult_localC" fromId="185" toId="73">
</dataflow>
<dataflow id="398" from="StgValue_382" to="mmult_localC" fromId="382" toId="73">
</dataflow>
<dataflow id="399" from="zext_ln250" to="mmult_localC" fromId="67" toId="73">
</dataflow>
<dataflow id="400" from="localC" to="localC_addr" fromId="170" toId="74">
</dataflow>
<dataflow id="401" from="StgValue_382" to="localC_addr" fromId="382" toId="74">
</dataflow>
<dataflow id="402" from="zext_ln250" to="localC_addr" fromId="67" toId="74">
</dataflow>
<dataflow id="403" from="localC_19" to="localC_19_addr" fromId="171" toId="75">
</dataflow>
<dataflow id="404" from="StgValue_382" to="localC_19_addr" fromId="382" toId="75">
</dataflow>
<dataflow id="405" from="zext_ln250" to="localC_19_addr" fromId="67" toId="75">
</dataflow>
<dataflow id="406" from="localC_20" to="localC_20_addr" fromId="172" toId="76">
</dataflow>
<dataflow id="407" from="StgValue_382" to="localC_20_addr" fromId="382" toId="76">
</dataflow>
<dataflow id="408" from="zext_ln250" to="localC_20_addr" fromId="67" toId="76">
</dataflow>
<dataflow id="409" from="localC_21" to="localC_21_addr" fromId="173" toId="77">
</dataflow>
<dataflow id="410" from="StgValue_382" to="localC_21_addr" fromId="382" toId="77">
</dataflow>
<dataflow id="411" from="zext_ln250" to="localC_21_addr" fromId="67" toId="77">
</dataflow>
<dataflow id="412" from="localC_22" to="localC_22_addr" fromId="174" toId="78">
</dataflow>
<dataflow id="413" from="StgValue_382" to="localC_22_addr" fromId="382" toId="78">
</dataflow>
<dataflow id="414" from="zext_ln250" to="localC_22_addr" fromId="67" toId="78">
</dataflow>
<dataflow id="415" from="localC_23" to="localC_23_addr" fromId="175" toId="79">
</dataflow>
<dataflow id="416" from="StgValue_382" to="localC_23_addr" fromId="382" toId="79">
</dataflow>
<dataflow id="417" from="zext_ln250" to="localC_23_addr" fromId="67" toId="79">
</dataflow>
<dataflow id="418" from="localC_24" to="localC_24_addr" fromId="176" toId="80">
</dataflow>
<dataflow id="419" from="StgValue_382" to="localC_24_addr" fromId="382" toId="80">
</dataflow>
<dataflow id="420" from="zext_ln250" to="localC_24_addr" fromId="67" toId="80">
</dataflow>
<dataflow id="421" from="localC_25" to="localC_25_addr" fromId="177" toId="81">
</dataflow>
<dataflow id="422" from="StgValue_382" to="localC_25_addr" fromId="382" toId="81">
</dataflow>
<dataflow id="423" from="zext_ln250" to="localC_25_addr" fromId="67" toId="81">
</dataflow>
<dataflow id="424" from="localC_26" to="localC_26_addr" fromId="178" toId="82">
</dataflow>
<dataflow id="425" from="StgValue_382" to="localC_26_addr" fromId="382" toId="82">
</dataflow>
<dataflow id="426" from="zext_ln250" to="localC_26_addr" fromId="67" toId="82">
</dataflow>
<dataflow id="427" from="localC_27" to="localC_27_addr" fromId="179" toId="83">
</dataflow>
<dataflow id="428" from="StgValue_382" to="localC_27_addr" fromId="382" toId="83">
</dataflow>
<dataflow id="429" from="zext_ln250" to="localC_27_addr" fromId="67" toId="83">
</dataflow>
<dataflow id="430" from="localC_addr" to="localC_load" fromId="74" toId="84">
</dataflow>
<dataflow id="431" from="localC_19_addr" to="localC_19_load" fromId="75" toId="85">
</dataflow>
<dataflow id="432" from="localC_20_addr" to="localC_20_load" fromId="76" toId="86">
</dataflow>
<dataflow id="433" from="localC_21_addr" to="localC_21_load" fromId="77" toId="87">
</dataflow>
<dataflow id="434" from="localC_22_addr" to="localC_22_load" fromId="78" toId="88">
</dataflow>
<dataflow id="435" from="localC_23_addr" to="localC_23_load" fromId="79" toId="89">
</dataflow>
<dataflow id="436" from="localC_24_addr" to="localC_24_load" fromId="80" toId="90">
</dataflow>
<dataflow id="437" from="localC_25_addr" to="localC_25_load" fromId="81" toId="91">
</dataflow>
<dataflow id="438" from="localC_26_addr" to="localC_26_load" fromId="82" toId="92">
</dataflow>
<dataflow id="439" from="localC_27_addr" to="localC_27_load" fromId="83" toId="93">
</dataflow>
<dataflow id="440" from="p_ZZ5mmultE6localC_10_addr" to="p_ZZ5mmultE6localC_10_load" fromId="68" toId="94">
</dataflow>
<dataflow id="441" from="p_ZZ5mmultE6localC_11_addr" to="mmult_localC_33" fromId="69" toId="95">
</dataflow>
<dataflow id="442" from="p_ZZ5mmultE6localC_12_addr" to="mmult_localC_34" fromId="70" toId="96">
</dataflow>
<dataflow id="443" from="p_ZZ5mmultE6localC_13_addr" to="mmult_localC_35" fromId="71" toId="97">
</dataflow>
<dataflow id="444" from="p_ZZ5mmultE6localC_14_addr" to="mmult_localC_36" fromId="72" toId="98">
</dataflow>
<dataflow id="445" from="mmult_localC" to="mmult_localC_37" fromId="73" toId="99">
</dataflow>
<dataflow id="446" from="localC_addr" to="localC_load" fromId="74" toId="100">
</dataflow>
<dataflow id="447" from="localC_19_addr" to="localC_19_load" fromId="75" toId="101">
</dataflow>
<dataflow id="448" from="localC_20_addr" to="localC_20_load" fromId="76" toId="102">
</dataflow>
<dataflow id="449" from="localC_21_addr" to="localC_21_load" fromId="77" toId="103">
</dataflow>
<dataflow id="450" from="localC_22_addr" to="localC_22_load" fromId="78" toId="104">
</dataflow>
<dataflow id="451" from="localC_23_addr" to="localC_23_load" fromId="79" toId="105">
</dataflow>
<dataflow id="452" from="localC_24_addr" to="localC_24_load" fromId="80" toId="106">
</dataflow>
<dataflow id="453" from="localC_25_addr" to="localC_25_load" fromId="81" toId="107">
</dataflow>
<dataflow id="454" from="localC_26_addr" to="localC_26_load" fromId="82" toId="108">
</dataflow>
<dataflow id="455" from="localC_27_addr" to="localC_27_load" fromId="83" toId="109">
</dataflow>
<dataflow id="456" from="p_ZZ5mmultE6localC_10_addr" to="p_ZZ5mmultE6localC_10_load" fromId="68" toId="110">
</dataflow>
<dataflow id="457" from="p_ZZ5mmultE6localC_11_addr" to="mmult_localC_33" fromId="69" toId="111">
</dataflow>
<dataflow id="458" from="p_ZZ5mmultE6localC_12_addr" to="mmult_localC_34" fromId="70" toId="112">
</dataflow>
<dataflow id="459" from="p_ZZ5mmultE6localC_13_addr" to="mmult_localC_35" fromId="71" toId="113">
</dataflow>
<dataflow id="460" from="p_ZZ5mmultE6localC_14_addr" to="mmult_localC_36" fromId="72" toId="114">
</dataflow>
<dataflow id="461" from="mmult_localC" to="mmult_localC_37" fromId="73" toId="115">
</dataflow>
<dataflow id="462" from="localC_addr" to="localC_load" fromId="74" toId="116">
</dataflow>
<dataflow id="463" from="localC_19_addr" to="localC_19_load" fromId="75" toId="117">
</dataflow>
<dataflow id="464" from="localC_20_addr" to="localC_20_load" fromId="76" toId="118">
</dataflow>
<dataflow id="465" from="localC_21_addr" to="localC_21_load" fromId="77" toId="119">
</dataflow>
<dataflow id="466" from="localC_22_addr" to="localC_22_load" fromId="78" toId="120">
</dataflow>
<dataflow id="467" from="localC_23_addr" to="localC_23_load" fromId="79" toId="121">
</dataflow>
<dataflow id="468" from="localC_24_addr" to="localC_24_load" fromId="80" toId="122">
</dataflow>
<dataflow id="469" from="localC_25_addr" to="localC_25_load" fromId="81" toId="123">
</dataflow>
<dataflow id="470" from="localC_26_addr" to="localC_26_load" fromId="82" toId="124">
</dataflow>
<dataflow id="471" from="localC_27_addr" to="localC_27_load" fromId="83" toId="125">
</dataflow>
<dataflow id="472" from="p_ZZ5mmultE6localC_10_addr" to="p_ZZ5mmultE6localC_10_load" fromId="68" toId="126">
</dataflow>
<dataflow id="473" from="p_ZZ5mmultE6localC_11_addr" to="mmult_localC_33" fromId="69" toId="127">
</dataflow>
<dataflow id="474" from="p_ZZ5mmultE6localC_12_addr" to="mmult_localC_34" fromId="70" toId="128">
</dataflow>
<dataflow id="475" from="p_ZZ5mmultE6localC_13_addr" to="mmult_localC_35" fromId="71" toId="129">
</dataflow>
<dataflow id="476" from="p_ZZ5mmultE6localC_14_addr" to="mmult_localC_36" fromId="72" toId="130">
</dataflow>
<dataflow id="477" from="mmult_localC" to="mmult_localC_37" fromId="73" toId="131">
</dataflow>
<dataflow id="479" from="_ssdm_op_Mux.ap_auto.16float.i4" to="tmp" fromId="478" toId="132">
</dataflow>
<dataflow id="480" from="localC_load" to="tmp" fromId="116" toId="132">
</dataflow>
<dataflow id="481" from="localC_19_load" to="tmp" fromId="117" toId="132">
</dataflow>
<dataflow id="482" from="localC_20_load" to="tmp" fromId="118" toId="132">
</dataflow>
<dataflow id="483" from="localC_21_load" to="tmp" fromId="119" toId="132">
</dataflow>
<dataflow id="484" from="localC_22_load" to="tmp" fromId="120" toId="132">
</dataflow>
<dataflow id="485" from="localC_23_load" to="tmp" fromId="121" toId="132">
</dataflow>
<dataflow id="486" from="localC_24_load" to="tmp" fromId="122" toId="132">
</dataflow>
<dataflow id="487" from="localC_25_load" to="tmp" fromId="123" toId="132">
</dataflow>
<dataflow id="488" from="localC_26_load" to="tmp" fromId="124" toId="132">
</dataflow>
<dataflow id="489" from="localC_27_load" to="tmp" fromId="125" toId="132">
</dataflow>
<dataflow id="490" from="p_ZZ5mmultE6localC_10_load" to="tmp" fromId="126" toId="132">
</dataflow>
<dataflow id="491" from="mmult_localC_33" to="tmp" fromId="127" toId="132">
</dataflow>
<dataflow id="492" from="mmult_localC_34" to="tmp" fromId="128" toId="132">
</dataflow>
<dataflow id="493" from="mmult_localC_35" to="tmp" fromId="129" toId="132">
</dataflow>
<dataflow id="494" from="mmult_localC_36" to="tmp" fromId="130" toId="132">
</dataflow>
<dataflow id="495" from="mmult_localC_37" to="tmp" fromId="131" toId="132">
</dataflow>
<dataflow id="496" from="trunc_ln244" to="tmp" fromId="55" toId="132">
</dataflow>
<dataflow id="498" from="_ssdm_op_SpecPipeline" to="specpipeline_ln245" fromId="497" toId="133">
</dataflow>
<dataflow id="499" from="StgValue_186" to="specpipeline_ln245" fromId="186" toId="133">
</dataflow>
<dataflow id="500" from="StgValue_286" to="specpipeline_ln245" fromId="286" toId="133">
</dataflow>
<dataflow id="501" from="StgValue_286" to="specpipeline_ln245" fromId="286" toId="133">
</dataflow>
<dataflow id="502" from="StgValue_286" to="specpipeline_ln245" fromId="286" toId="133">
</dataflow>
<dataflow id="503" from="empty_16" to="specpipeline_ln245" fromId="289" toId="133">
</dataflow>
<dataflow id="505" from="_ssdm_op_SpecLoopName" to="specloopname_ln244" fromId="504" toId="134">
</dataflow>
<dataflow id="507" from="empty_6" to="specloopname_ln244" fromId="506" toId="134">
</dataflow>
<dataflow id="508" from="tmp" to="bitcast_ln250" fromId="132" toId="135">
</dataflow>
<dataflow id="510" from="_ssdm_op_Write.m_axi.i32P1A" to="write_ln250" fromId="509" toId="136">
</dataflow>
<dataflow id="511" from="gmem2_addr" to="write_ln250" fromId="37" toId="136">
</dataflow>
<dataflow id="512" from="bitcast_ln250" to="write_ln250" fromId="135" toId="136">
</dataflow>
<dataflow id="514" from="StgValue_513" to="write_ln250" fromId="513" toId="136">
</dataflow>
<dataflow id="516" from="_ssdm_op_WriteResp.m_axi.i32P1A" to="p_wr_resp" fromId="515" toId="138">
</dataflow>
<dataflow id="517" from="gmem2_addr" to="p_wr_resp" fromId="37" toId="138">
</dataflow>
<dataflow id="518" from="_ssdm_op_WriteResp.m_axi.i32P1A" to="p_wr_resp" fromId="515" toId="139">
</dataflow>
<dataflow id="519" from="gmem2_addr" to="p_wr_resp" fromId="37" toId="139">
</dataflow>
<dataflow id="520" from="_ssdm_op_WriteResp.m_axi.i32P1A" to="p_wr_resp" fromId="515" toId="140">
</dataflow>
<dataflow id="521" from="gmem2_addr" to="p_wr_resp" fromId="37" toId="140">
</dataflow>
<dataflow id="522" from="_ssdm_op_WriteResp.m_axi.i32P1A" to="p_wr_resp" fromId="515" toId="141">
</dataflow>
<dataflow id="523" from="gmem2_addr" to="p_wr_resp" fromId="37" toId="141">
</dataflow>
<dataflow id="524" from="_ssdm_op_WriteResp.m_axi.i32P1A" to="p_wr_resp" fromId="515" toId="142">
</dataflow>
<dataflow id="525" from="gmem2_addr" to="p_wr_resp" fromId="37" toId="142">
</dataflow>
<dataflow id="526" from="icmp_ln244" to="StgValue_2" fromId="45" toId="2">
</dataflow>
</dataflows>


</stg>
