<stg><name>mmult_Pipeline_readB</name>


<trans_list>

<trans id="128" from="1" to="2">
<condition id="-1">
<or_exp><and_exp></and_exp></or_exp>
</condition>
</trans>

<trans id="129" from="2" to="3">
<condition id="-1">
<or_exp><and_exp></and_exp></or_exp>
</condition>
</trans>

<trans id="130" from="3" to="4">
<condition id="-1">
<or_exp><and_exp></and_exp></or_exp>
</condition>
</trans>

<trans id="131" from="4" to="5">
<condition id="-1">
<or_exp><and_exp></and_exp></or_exp>
</condition>
</trans>

<trans id="132" from="5" to="6">
<condition id="-1">
<or_exp><and_exp></and_exp></or_exp>
</condition>
</trans>

<trans id="133" from="6" to="7">
<condition id="-1">
<or_exp><and_exp></and_exp></or_exp>
</condition>
</trans>

<trans id="134" from="7" to="8">
<condition id="-1">
<or_exp><and_exp></and_exp></or_exp>
</condition>
</trans>

<trans id="145" from="8" to="12">
<condition id="-1">
<or_exp><and_exp><literal name="icmp_ln62" val="1"/>
</and_exp></or_exp>
</condition>
</trans>

<trans id="146" from="8" to="9">
<condition id="-1">
<or_exp><and_exp><literal name="icmp_ln62" val="0"/>
</and_exp></or_exp>
</condition>
</trans>

<trans id="142" from="9" to="10">
<condition id="-1">
<or_exp><and_exp></and_exp></or_exp>
</condition>
</trans>

<trans id="143" from="10" to="11">
<condition id="-1">
<or_exp><and_exp></and_exp></or_exp>
</condition>
</trans>

<trans id="144" from="11" to="8">
<condition id="-1">
<or_exp><and_exp></and_exp></or_exp>
</condition>
</trans>
</trans_list>



<state_list>

<state id="1" st_id="1">

<operation id="13" st_id="1" stage="1" lat="1">
<core>NULL</core>
<MemPortIdVec></MemPortIdVec>
<condition id="-1">
<or_exp><and_exp></and_exp></or_exp>
</condition>

<Node id="20" bw="32" op_0_bw="32">
<![CDATA[
newFuncRoot:0 %j_2 = alloca i32 1

]]></Node>
<StgValue><ssdm name="j_2"/></StgValue>
</operation>

<operation id="14" st_id="1" stage="1" lat="1">
<core>NULL</core>
<MemPortIdVec></MemPortIdVec>
<condition id="-1">
<or_exp><and_exp></and_exp></or_exp>
</condition>

<Node id="21" bw="32" op_0_bw="32">
<![CDATA[
newFuncRoot:1 %i_1 = alloca i32 1

]]></Node>
<StgValue><ssdm name="i_1"/></StgValue>
</operation>

<operation id="15" st_id="1" stage="1" lat="1">
<core>NULL</core>
<MemPortIdVec></MemPortIdVec>
<condition id="-1">
<or_exp><and_exp></and_exp></or_exp>
</condition>

<Node id="22" bw="14" op_0_bw="32">
<![CDATA[
newFuncRoot:2 %loc_1 = alloca i32 1

]]></Node>
<StgValue><ssdm name="loc_1"/></StgValue>
</operation>

<operation id="16" st_id="1" stage="1" lat="1">
<core>NULL</core>
<MemPortIdVec></MemPortIdVec>
<condition id="-1">
<or_exp><and_exp></and_exp></or_exp>
</condition>

<Node id="24" bw="62" op_0_bw="62" op_1_bw="62">
<![CDATA[
newFuncRoot:4 %sext_ln68_read = read i62 @_ssdm_op_Read.ap_auto.i62, i62 %sext_ln68

]]></Node>
<StgValue><ssdm name="sext_ln68_read"/></StgValue>
</operation>

<operation id="17" st_id="1" stage="1" lat="1">
<core>NULL</core>
<MemPortIdVec></MemPortIdVec>
<condition id="-1">
<or_exp><and_exp></and_exp></or_exp>
</condition>

<Node id="25" bw="64" op_0_bw="62">
<![CDATA[
newFuncRoot:5 %sext_ln68_cast = sext i62 %sext_ln68_read

]]></Node>
<StgValue><ssdm name="sext_ln68_cast"/></StgValue>
</operation>

<operation id="18" st_id="1" stage="1" lat="1">
<core>NULL</core>
<MemPortIdVec></MemPortIdVec>
<condition id="-1">
<or_exp><and_exp></and_exp></or_exp>
</condition>

<Node id="43" bw="32" op_0_bw="32" op_1_bw="64">
<![CDATA[
newFuncRoot:23 %gmem1_addr = getelementptr i32 %gmem1, i64 %sext_ln68_cast

]]></Node>
<StgValue><ssdm name="gmem1_addr"/></StgValue>
</operation>

<operation id="19" st_id="1" stage="7" lat="7">
<core>m_axi</core>
<MemPortIdVec></MemPortIdVec>
<condition id="-1">
<or_exp><and_exp></and_exp></or_exp>
</condition>

<Node id="44" bw="1" op_0_bw="1" op_1_bw="32" op_2_bw="32">
<![CDATA[
newFuncRoot:24 %p_rd_req = readreq i1 @_ssdm_op_ReadReq.m_axi.i32P1A, i32 %gmem1_addr, i32 12608

]]></Node>
<StgValue><ssdm name="p_rd_req"/></StgValue>
</operation>

<operation id="20" st_id="1" stage="1" lat="1">
<core>NULL</core>
<MemPortIdVec></MemPortIdVec>
<condition id="-1">
<or_exp><and_exp></and_exp></or_exp>
</condition>

<Node id="45" bw="0" op_0_bw="14" op_1_bw="14">
<![CDATA[
newFuncRoot:25 %store_ln0 = store i14 0, i14 %loc_1

]]></Node>
<StgValue><ssdm name="store_ln0"/></StgValue>
</operation>

<operation id="21" st_id="1" stage="1" lat="1">
<core>NULL</core>
<MemPortIdVec></MemPortIdVec>
<condition id="-1">
<or_exp><and_exp></and_exp></or_exp>
</condition>

<Node id="46" bw="0" op_0_bw="32" op_1_bw="32">
<![CDATA[
newFuncRoot:26 %store_ln0 = store i32 0, i32 %i_1

]]></Node>
<StgValue><ssdm name="store_ln0"/></StgValue>
</operation>

<operation id="22" st_id="1" stage="1" lat="1">
<core>NULL</core>
<MemPortIdVec></MemPortIdVec>
<condition id="-1">
<or_exp><and_exp></and_exp></or_exp>
</condition>

<Node id="47" bw="0" op_0_bw="32" op_1_bw="32">
<![CDATA[
newFuncRoot:27 %store_ln0 = store i32 0, i32 %j_2

]]></Node>
<StgValue><ssdm name="store_ln0"/></StgValue>
</operation>
</state>

<state id="2" st_id="2">

<operation id="23" st_id="2" stage="6" lat="7">
<core>m_axi</core>
<MemPortIdVec></MemPortIdVec>
<condition id="-1">
<or_exp><and_exp></and_exp></or_exp>
</condition>

<Node id="44" bw="1" op_0_bw="1" op_1_bw="32" op_2_bw="32">
<![CDATA[
newFuncRoot:24 %p_rd_req = readreq i1 @_ssdm_op_ReadReq.m_axi.i32P1A, i32 %gmem1_addr, i32 12608

]]></Node>
<StgValue><ssdm name="p_rd_req"/></StgValue>
</operation>
</state>

<state id="3" st_id="3">

<operation id="24" st_id="3" stage="5" lat="7">
<core>m_axi</core>
<MemPortIdVec></MemPortIdVec>
<condition id="-1">
<or_exp><and_exp></and_exp></or_exp>
</condition>

<Node id="44" bw="1" op_0_bw="1" op_1_bw="32" op_2_bw="32">
<![CDATA[
newFuncRoot:24 %p_rd_req = readreq i1 @_ssdm_op_ReadReq.m_axi.i32P1A, i32 %gmem1_addr, i32 12608

]]></Node>
<StgValue><ssdm name="p_rd_req"/></StgValue>
</operation>
</state>

<state id="4" st_id="4">

<operation id="25" st_id="4" stage="4" lat="7">
<core>m_axi</core>
<MemPortIdVec></MemPortIdVec>
<condition id="-1">
<or_exp><and_exp></and_exp></or_exp>
</condition>

<Node id="44" bw="1" op_0_bw="1" op_1_bw="32" op_2_bw="32">
<![CDATA[
newFuncRoot:24 %p_rd_req = readreq i1 @_ssdm_op_ReadReq.m_axi.i32P1A, i32 %gmem1_addr, i32 12608

]]></Node>
<StgValue><ssdm name="p_rd_req"/></StgValue>
</operation>
</state>

<state id="5" st_id="5">

<operation id="26" st_id="5" stage="3" lat="7">
<core>m_axi</core>
<MemPortIdVec></MemPortIdVec>
<condition id="-1">
<or_exp><and_exp></and_exp></or_exp>
</condition>

<Node id="44" bw="1" op_0_bw="1" op_1_bw="32" op_2_bw="32">
<![CDATA[
newFuncRoot:24 %p_rd_req = readreq i1 @_ssdm_op_ReadReq.m_axi.i32P1A, i32 %gmem1_addr, i32 12608

]]></Node>
<StgValue><ssdm name="p_rd_req"/></StgValue>
</operation>
</state>

<state id="6" st_id="6">

<operation id="27" st_id="6" stage="2" lat="7">
<core>m_axi</core>
<MemPortIdVec></MemPortIdVec>
<condition id="-1">
<or_exp><and_exp></and_exp></or_exp>
</condition>

<Node id="44" bw="1" op_0_bw="1" op_1_bw="32" op_2_bw="32">
<![CDATA[
newFuncRoot:24 %p_rd_req = readreq i1 @_ssdm_op_ReadReq.m_axi.i32P1A, i32 %gmem1_addr, i32 12608

]]></Node>
<StgValue><ssdm name="p_rd_req"/></StgValue>
</operation>
</state>

<state id="7" st_id="7">

<operation id="28" st_id="7" stage="1" lat="1">
<core>NULL</core>
<MemPortIdVec></MemPortIdVec>
<condition id="-1">
<or_exp><and_exp></and_exp></or_exp>
</condition>

<Node id="23" bw="64" op_0_bw="64" op_1_bw="64">
<![CDATA[
newFuncRoot:3 %b6 = read i64 @_ssdm_op_Read.ap_auto.i64, i64 %b

]]></Node>
<StgValue><ssdm name="b6"/></StgValue>
</operation>

<operation id="29" st_id="7" stage="1" lat="1">
<core>NULL</core>
<MemPortIdVec></MemPortIdVec>
<condition id="-1">
<or_exp><and_exp></and_exp></or_exp>
</condition>

<Node id="26" bw="0" op_0_bw="0" op_1_bw="32" op_2_bw="64" op_3_bw="64" op_4_bw="64">
<![CDATA[
newFuncRoot:6 %specmemcore_ln0 = specmemcore void @_ssdm_op_SpecMemCore, i32 %localB, i64 666, i64 22, i64 2

]]></Node>
<StgValue><ssdm name="specmemcore_ln0"/></StgValue>
</operation>

<operation id="30" st_id="7" stage="1" lat="1">
<core>NULL</core>
<MemPortIdVec></MemPortIdVec>
<condition id="-1">
<or_exp><and_exp></and_exp></or_exp>
</condition>

<Node id="27" bw="0" op_0_bw="0" op_1_bw="32" op_2_bw="64" op_3_bw="64" op_4_bw="64">
<![CDATA[
newFuncRoot:7 %specmemcore_ln0 = specmemcore void @_ssdm_op_SpecMemCore, i32 %localB_10, i64 666, i64 22, i64 2

]]></Node>
<StgValue><ssdm name="specmemcore_ln0"/></StgValue>
</operation>

<operation id="31" st_id="7" stage="1" lat="1">
<core>NULL</core>
<MemPortIdVec></MemPortIdVec>
<condition id="-1">
<or_exp><and_exp></and_exp></or_exp>
</condition>

<Node id="28" bw="0" op_0_bw="0" op_1_bw="32" op_2_bw="64" op_3_bw="64" op_4_bw="64">
<![CDATA[
newFuncRoot:8 %specmemcore_ln0 = specmemcore void @_ssdm_op_SpecMemCore, i32 %localB_11, i64 666, i64 22, i64 2

]]></Node>
<StgValue><ssdm name="specmemcore_ln0"/></StgValue>
</operation>

<operation id="32" st_id="7" stage="1" lat="1">
<core>NULL</core>
<MemPortIdVec></MemPortIdVec>
<condition id="-1">
<or_exp><and_exp></and_exp></or_exp>
</condition>

<Node id="29" bw="0" op_0_bw="0" op_1_bw="32" op_2_bw="64" op_3_bw="64" op_4_bw="64">
<![CDATA[
newFuncRoot:9 %specmemcore_ln0 = specmemcore void @_ssdm_op_SpecMemCore, i32 %localB_12, i64 666, i64 22, i64 2

]]></Node>
<StgValue><ssdm name="specmemcore_ln0"/></StgValue>
</operation>

<operation id="33" st_id="7" stage="1" lat="1">
<core>NULL</core>
<MemPortIdVec></MemPortIdVec>
<condition id="-1">
<or_exp><and_exp></and_exp></or_exp>
</condition>

<Node id="30" bw="0" op_0_bw="0" op_1_bw="32" op_2_bw="64" op_3_bw="64" op_4_bw="64">
<![CDATA[
newFuncRoot:10 %specmemcore_ln0 = specmemcore void @_ssdm_op_SpecMemCore, i32 %localB_13, i64 666, i64 22, i64 2

]]></Node>
<StgValue><ssdm name="specmemcore_ln0"/></StgValue>
</operation>

<operation id="34" st_id="7" stage="1" lat="1">
<core>NULL</core>
<MemPortIdVec></MemPortIdVec>
<condition id="-1">
<or_exp><and_exp></and_exp></or_exp>
</condition>

<Node id="31" bw="0" op_0_bw="0" op_1_bw="32" op_2_bw="64" op_3_bw="64" op_4_bw="64">
<![CDATA[
newFuncRoot:11 %specmemcore_ln0 = specmemcore void @_ssdm_op_SpecMemCore, i32 %localB_14, i64 666, i64 22, i64 2

]]></Node>
<StgValue><ssdm name="specmemcore_ln0"/></StgValue>
</operation>

<operation id="35" st_id="7" stage="1" lat="1">
<core>NULL</core>
<MemPortIdVec></MemPortIdVec>
<condition id="-1">
<or_exp><and_exp></and_exp></or_exp>
</condition>

<Node id="32" bw="0" op_0_bw="0" op_1_bw="32" op_2_bw="64" op_3_bw="64" op_4_bw="64">
<![CDATA[
newFuncRoot:12 %specmemcore_ln0 = specmemcore void @_ssdm_op_SpecMemCore, i32 %localB_15, i64 666, i64 22, i64 2

]]></Node>
<StgValue><ssdm name="specmemcore_ln0"/></StgValue>
</operation>

<operation id="36" st_id="7" stage="1" lat="1">
<core>NULL</core>
<MemPortIdVec></MemPortIdVec>
<condition id="-1">
<or_exp><and_exp></and_exp></or_exp>
</condition>

<Node id="33" bw="0" op_0_bw="0" op_1_bw="32" op_2_bw="64" op_3_bw="64" op_4_bw="64">
<![CDATA[
newFuncRoot:13 %specmemcore_ln0 = specmemcore void @_ssdm_op_SpecMemCore, i32 %localB_16, i64 666, i64 22, i64 2

]]></Node>
<StgValue><ssdm name="specmemcore_ln0"/></StgValue>
</operation>

<operation id="37" st_id="7" stage="1" lat="1">
<core>NULL</core>
<MemPortIdVec></MemPortIdVec>
<condition id="-1">
<or_exp><and_exp></and_exp></or_exp>
</condition>

<Node id="34" bw="0" op_0_bw="0" op_1_bw="32" op_2_bw="64" op_3_bw="64" op_4_bw="64">
<![CDATA[
newFuncRoot:14 %specmemcore_ln0 = specmemcore void @_ssdm_op_SpecMemCore, i32 %localB_17, i64 666, i64 22, i64 2

]]></Node>
<StgValue><ssdm name="specmemcore_ln0"/></StgValue>
</operation>

<operation id="38" st_id="7" stage="1" lat="1">
<core>NULL</core>
<MemPortIdVec></MemPortIdVec>
<condition id="-1">
<or_exp><and_exp></and_exp></or_exp>
</condition>

<Node id="35" bw="0" op_0_bw="0" op_1_bw="32" op_2_bw="64" op_3_bw="64" op_4_bw="64">
<![CDATA[
newFuncRoot:15 %specmemcore_ln0 = specmemcore void @_ssdm_op_SpecMemCore, i32 %localB_18, i64 666, i64 22, i64 2

]]></Node>
<StgValue><ssdm name="specmemcore_ln0"/></StgValue>
</operation>

<operation id="39" st_id="7" stage="1" lat="1">
<core>NULL</core>
<MemPortIdVec></MemPortIdVec>
<condition id="-1">
<or_exp><and_exp></and_exp></or_exp>
</condition>

<Node id="36" bw="0" op_0_bw="0" op_1_bw="32" op_2_bw="64" op_3_bw="64" op_4_bw="64">
<![CDATA[
newFuncRoot:16 %specmemcore_ln0 = specmemcore void @_ssdm_op_SpecMemCore, i32 %p_ZZ5mmultE6localB_10, i64 666, i64 22, i64 2

]]></Node>
<StgValue><ssdm name="specmemcore_ln0"/></StgValue>
</operation>

<operation id="40" st_id="7" stage="1" lat="1">
<core>NULL</core>
<MemPortIdVec></MemPortIdVec>
<condition id="-1">
<or_exp><and_exp></and_exp></or_exp>
</condition>

<Node id="37" bw="0" op_0_bw="0" op_1_bw="32" op_2_bw="64" op_3_bw="64" op_4_bw="64">
<![CDATA[
newFuncRoot:17 %specmemcore_ln0 = specmemcore void @_ssdm_op_SpecMemCore, i32 %p_ZZ5mmultE6localB_11, i64 666, i64 22, i64 2

]]></Node>
<StgValue><ssdm name="specmemcore_ln0"/></StgValue>
</operation>

<operation id="41" st_id="7" stage="1" lat="1">
<core>NULL</core>
<MemPortIdVec></MemPortIdVec>
<condition id="-1">
<or_exp><and_exp></and_exp></or_exp>
</condition>

<Node id="38" bw="0" op_0_bw="0" op_1_bw="32" op_2_bw="64" op_3_bw="64" op_4_bw="64">
<![CDATA[
newFuncRoot:18 %specmemcore_ln0 = specmemcore void @_ssdm_op_SpecMemCore, i32 %p_ZZ5mmultE6localB_12, i64 666, i64 22, i64 2

]]></Node>
<StgValue><ssdm name="specmemcore_ln0"/></StgValue>
</operation>

<operation id="42" st_id="7" stage="1" lat="1">
<core>NULL</core>
<MemPortIdVec></MemPortIdVec>
<condition id="-1">
<or_exp><and_exp></and_exp></or_exp>
</condition>

<Node id="39" bw="0" op_0_bw="0" op_1_bw="32" op_2_bw="64" op_3_bw="64" op_4_bw="64">
<![CDATA[
newFuncRoot:19 %specmemcore_ln0 = specmemcore void @_ssdm_op_SpecMemCore, i32 %p_ZZ5mmultE6localB_13, i64 666, i64 22, i64 2

]]></Node>
<StgValue><ssdm name="specmemcore_ln0"/></StgValue>
</operation>

<operation id="43" st_id="7" stage="1" lat="1">
<core>NULL</core>
<MemPortIdVec></MemPortIdVec>
<condition id="-1">
<or_exp><and_exp></and_exp></or_exp>
</condition>

<Node id="40" bw="0" op_0_bw="0" op_1_bw="32" op_2_bw="64" op_3_bw="64" op_4_bw="64">
<![CDATA[
newFuncRoot:20 %specmemcore_ln0 = specmemcore void @_ssdm_op_SpecMemCore, i32 %p_ZZ5mmultE6localB_14, i64 666, i64 22, i64 2

]]></Node>
<StgValue><ssdm name="specmemcore_ln0"/></StgValue>
</operation>

<operation id="44" st_id="7" stage="1" lat="1">
<core>NULL</core>
<MemPortIdVec></MemPortIdVec>
<condition id="-1">
<or_exp><and_exp></and_exp></or_exp>
</condition>

<Node id="41" bw="0" op_0_bw="0" op_1_bw="32" op_2_bw="64" op_3_bw="64" op_4_bw="64">
<![CDATA[
newFuncRoot:21 %specmemcore_ln0 = specmemcore void @_ssdm_op_SpecMemCore, i32 %p_ZZ5mmultE6localB_15, i64 666, i64 22, i64 2

]]></Node>
<StgValue><ssdm name="specmemcore_ln0"/></StgValue>
</operation>

<operation id="45" st_id="7" stage="1" lat="1">
<core>NULL</core>
<MemPortIdVec></MemPortIdVec>
<condition id="-1">
<or_exp><and_exp></and_exp></or_exp>
</condition>

<Node id="42" bw="0" op_0_bw="0" op_1_bw="32" op_2_bw="0" op_3_bw="32" op_4_bw="32" op_5_bw="0" op_6_bw="32" op_7_bw="32" op_8_bw="0" op_9_bw="0" op_10_bw="0" op_11_bw="32" op_12_bw="32" op_13_bw="32" op_14_bw="32" op_15_bw="0" op_16_bw="0" op_17_bw="32" op_18_bw="32">
<![CDATA[
newFuncRoot:22 %specinterface_ln0 = specinterface void @_ssdm_op_SpecInterface, i32 %gmem1, void @empty_15, i32 0, i32 0, void @empty_16, i32 0, i32 12608, void @empty_18, void @empty_9, void @empty_16, i32 16, i32 16, i32 16, i32 16, void @empty_16, void @empty_16, i32 4294967295, i32 0

]]></Node>
<StgValue><ssdm name="specinterface_ln0"/></StgValue>
</operation>

<operation id="46" st_id="7" stage="1" lat="7">
<core>m_axi</core>
<MemPortIdVec></MemPortIdVec>
<condition id="-1">
<or_exp><and_exp></and_exp></or_exp>
</condition>

<Node id="44" bw="1" op_0_bw="1" op_1_bw="32" op_2_bw="32">
<![CDATA[
newFuncRoot:24 %p_rd_req = readreq i1 @_ssdm_op_ReadReq.m_axi.i32P1A, i32 %gmem1_addr, i32 12608

]]></Node>
<StgValue><ssdm name="p_rd_req"/></StgValue>
</operation>

<operation id="47" st_id="7" stage="1" lat="1">
<core>NULL</core>
<MemPortIdVec></MemPortIdVec>
<condition id="-1">
<or_exp><and_exp></and_exp></or_exp>
</condition>

<Node id="48" bw="0" op_0_bw="0">
<![CDATA[
newFuncRoot:28 %br_ln0 = br void %for.body14

]]></Node>
<StgValue><ssdm name="br_ln0"/></StgValue>
</operation>
</state>

<state id="8" st_id="8">

<operation id="48" st_id="8" stage="1" lat="1">
<core>NULL</core>
<MemPortIdVec></MemPortIdVec>
<condition id="-1">
<or_exp><and_exp></and_exp></or_exp>
</condition>

<Node id="50" bw="14" op_0_bw="14" op_1_bw="0">
<![CDATA[
for.body14:0 %loc = load i14 %loc_1

]]></Node>
<StgValue><ssdm name="loc"/></StgValue>
</operation>

<operation id="49" st_id="8" stage="1" lat="1">
<core>NULL</core>
<MemPortIdVec></MemPortIdVec>
<condition id="-1">
<or_exp><and_exp></and_exp></or_exp>
</condition>

<Node id="51" bw="0" op_0_bw="0" op_1_bw="32">
<![CDATA[
for.body14:1 %specbitsmap_ln0 = specbitsmap void @_ssdm_op_SpecBitsMap, i32 %gmem1

]]></Node>
<StgValue><ssdm name="specbitsmap_ln0"/></StgValue>
</operation>

<operation id="50" st_id="8" stage="1" lat="1">
<core>Cmp</core>
<MemPortIdVec></MemPortIdVec>
<condition id="-1">
<or_exp><and_exp></and_exp></or_exp>
</condition>

<Node id="52" bw="1" op_0_bw="14" op_1_bw="14">
<![CDATA[
for.body14:2 %icmp_ln62 = icmp_eq  i14 %loc, i14 12608

]]></Node>
<StgValue><ssdm name="icmp_ln62"/></StgValue>
</operation>

<operation id="51" st_id="8" stage="1" lat="1">
<core>NULL</core>
<MemPortIdVec></MemPortIdVec>
<condition id="-1">
<or_exp><and_exp></and_exp></or_exp>
</condition>

<Node id="53" bw="32" op_0_bw="32" op_1_bw="64" op_2_bw="64" op_3_bw="64">
<![CDATA[
for.body14:3 %empty = speclooptripcount i32 @_ssdm_op_SpecLoopTripCount, i64 12608, i64 12608, i64 12608

]]></Node>
<StgValue><ssdm name="empty"/></StgValue>
</operation>

<operation id="52" st_id="8" stage="1" lat="1">
<core>Adder</core>
<MemPortIdVec></MemPortIdVec>
<condition id="-1">
<or_exp><and_exp></and_exp></or_exp>
</condition>

<Node id="54" bw="14" op_0_bw="14" op_1_bw="14">
<![CDATA[
for.body14:4 %add_ln62 = add i14 %loc, i14 1

]]></Node>
<StgValue><ssdm name="add_ln62"/></StgValue>
</operation>

<operation id="53" st_id="8" stage="1" lat="1">
<core>NULL</core>
<MemPortIdVec></MemPortIdVec>
<condition id="-1">
<or_exp><and_exp></and_exp></or_exp>
</condition>

<Node id="55" bw="0" op_0_bw="1" op_1_bw="0" op_2_bw="0">
<![CDATA[
for.body14:5 %br_ln62 = br i1 %icmp_ln62, void %for.body14.split, void %for.inc43.preheader.exitStub

]]></Node>
<StgValue><ssdm name="br_ln62"/></StgValue>
</operation>

<operation id="54" st_id="8" stage="1" lat="1">
<core>NULL</core>
<MemPortIdVec></MemPortIdVec>
<condition id="-1">
<or_exp><and_exp><literal name="icmp_ln62" val="0"/>
</and_exp></or_exp>
</condition>

<Node id="57" bw="32" op_0_bw="32" op_1_bw="0">
<![CDATA[
for.body14.split:0 %j_2_load = load i32 %j_2

]]></Node>
<StgValue><ssdm name="j_2_load"/></StgValue>
</operation>

<operation id="55" st_id="8" stage="1" lat="1">
<core>NULL</core>
<MemPortIdVec></MemPortIdVec>
<condition id="-1">
<or_exp><and_exp><literal name="icmp_ln62" val="0"/>
</and_exp></or_exp>
</condition>

<Node id="58" bw="32" op_0_bw="32" op_1_bw="0">
<![CDATA[
for.body14.split:1 %i_1_load = load i32 %i_1

]]></Node>
<StgValue><ssdm name="i_1_load"/></StgValue>
</operation>

<operation id="56" st_id="8" stage="1" lat="1">
<core>Cmp</core>
<MemPortIdVec></MemPortIdVec>
<condition id="-1">
<or_exp><and_exp><literal name="icmp_ln62" val="0"/>
</and_exp></or_exp>
</condition>

<Node id="61" bw="1" op_0_bw="32" op_1_bw="32">
<![CDATA[
for.body14.split:4 %icmp_ln64 = icmp_eq  i32 %j_2_load, i32 197

]]></Node>
<StgValue><ssdm name="icmp_ln64"/></StgValue>
</operation>

<operation id="57" st_id="8" stage="1" lat="1">
<core>Adder</core>
<MemPortIdVec></MemPortIdVec>
<condition id="-1">
<or_exp><and_exp><literal name="icmp_ln62" val="0"/>
</and_exp></or_exp>
</condition>

<Node id="62" bw="32" op_0_bw="32" op_1_bw="32">
<![CDATA[
for.body14.split:5 %add_ln65 = add i32 %i_1_load, i32 1

]]></Node>
<StgValue><ssdm name="add_ln65"/></StgValue>
</operation>

<operation id="58" st_id="8" stage="1" lat="1">
<core>Sel</core>
<MemPortIdVec></MemPortIdVec>
<condition id="-1">
<or_exp><and_exp><literal name="icmp_ln62" val="0"/>
</and_exp></or_exp>
</condition>

<Node id="63" bw="32" op_0_bw="1" op_1_bw="32" op_2_bw="32">
<![CDATA[
for.body14.split:6 %j = select i1 %icmp_ln64, i32 0, i32 %j_2_load

]]></Node>
<StgValue><ssdm name="j"/></StgValue>
</operation>

<operation id="59" st_id="8" stage="1" lat="1">
<core>Sel</core>
<MemPortIdVec></MemPortIdVec>
<condition id="-1">
<or_exp><and_exp><literal name="icmp_ln62" val="0"/>
</and_exp></or_exp>
</condition>

<Node id="64" bw="32" op_0_bw="1" op_1_bw="32" op_2_bw="32">
<![CDATA[
for.body14.split:7 %i = select i1 %icmp_ln64, i32 %add_ln65, i32 %i_1_load

]]></Node>
<StgValue><ssdm name="i"/></StgValue>
</operation>

<operation id="60" st_id="8" stage="1" lat="1">
<core>NULL</core>
<MemPortIdVec></MemPortIdVec>
<condition id="-1">
<or_exp><and_exp><literal name="icmp_ln62" val="0"/>
</and_exp></or_exp>
</condition>

<Node id="67" bw="10" op_0_bw="32">
<![CDATA[
for.body14.split:10 %trunc_ln68 = trunc i32 %i

]]></Node>
<StgValue><ssdm name="trunc_ln68"/></StgValue>
</operation>

<operation id="61" st_id="8" stage="3" lat="3">
<core>DSP48</core>
<MemPortIdVec></MemPortIdVec>
<condition id="-1">
<or_exp><and_exp><literal name="icmp_ln62" val="0"/>
</and_exp></or_exp>
</condition>

<Node id="68" bw="10" op_0_bw="10" op_1_bw="10">
<![CDATA[
for.body14.split:11 %mul_ln68 = mul i10 %trunc_ln68, i10 13

]]></Node>
<StgValue><ssdm name="mul_ln68"/></StgValue>
</operation>

<operation id="62" st_id="8" stage="1" lat="1">
<core>NULL</core>
<MemPortIdVec></MemPortIdVec>
<condition id="-1">
<or_exp><and_exp><literal name="icmp_ln62" val="0"/>
</and_exp></or_exp>
</condition>

<Node id="69" bw="10" op_0_bw="10" op_1_bw="32" op_2_bw="32" op_3_bw="32">
<![CDATA[
for.body14.split:12 %lshr_ln = partselect i10 @_ssdm_op_PartSelect.i10.i32.i32.i32, i32 %j, i32 4, i32 13

]]></Node>
<StgValue><ssdm name="lshr_ln"/></StgValue>
</operation>

<operation id="63" st_id="8" stage="1" lat="1">
<core>NULL</core>
<MemPortIdVec></MemPortIdVec>
<condition id="-1">
<or_exp><and_exp><literal name="icmp_ln62" val="0"/>
</and_exp></or_exp>
</condition>

<Node id="88" bw="4" op_0_bw="32">
<![CDATA[
for.body14.split:31 %trunc_ln68_1 = trunc i32 %j

]]></Node>
<StgValue><ssdm name="trunc_ln68_1"/></StgValue>
</operation>

<operation id="64" st_id="8" stage="1" lat="1">
<core>NULL</core>
<MemPortIdVec></MemPortIdVec>
<condition id="-1">
<or_exp><and_exp><literal name="icmp_ln62" val="0"/>
</and_exp></or_exp>
</condition>

<Node id="89" bw="0" op_0_bw="4" op_1_bw="0" op_2_bw="4" op_3_bw="0" op_4_bw="4" op_5_bw="0" op_6_bw="4" op_7_bw="0" op_8_bw="4" op_9_bw="0" op_10_bw="4" op_11_bw="0" op_12_bw="4" op_13_bw="0" op_14_bw="4" op_15_bw="0" op_16_bw="4" op_17_bw="0" op_18_bw="4" op_19_bw="0" op_20_bw="4" op_21_bw="0" op_22_bw="4" op_23_bw="0" op_24_bw="4" op_25_bw="0" op_26_bw="4" op_27_bw="0" op_28_bw="4" op_29_bw="0" op_30_bw="4" op_31_bw="0">
<![CDATA[
for.body14.split:32 %switch_ln68 = switch i4 %trunc_ln68_1, void %arrayidx2427.case.15, i4 0, void %arrayidx2427.case.0, i4 1, void %arrayidx2427.case.1, i4 2, void %arrayidx2427.case.2, i4 3, void %arrayidx2427.case.3, i4 4, void %arrayidx2427.case.4, i4 5, void %arrayidx2427.case.5, i4 6, void %arrayidx2427.case.6, i4 7, void %arrayidx2427.case.7, i4 8, void %arrayidx2427.case.8, i4 9, void %arrayidx2427.case.9, i4 10, void %arrayidx2427.case.10, i4 11, void %arrayidx2427.case.11, i4 12, void %arrayidx2427.case.12, i4 13, void %arrayidx2427.case.13, i4 14, void %arrayidx2427.case.14

]]></Node>
<StgValue><ssdm name="switch_ln68"/></StgValue>
</operation>

<operation id="65" st_id="8" stage="1" lat="1">
<core>Adder</core>
<MemPortIdVec></MemPortIdVec>
<condition id="-1">
<or_exp><and_exp><literal name="icmp_ln62" val="0"/>
</and_exp></or_exp>
</condition>

<Node id="139" bw="32" op_0_bw="32" op_1_bw="32">
<![CDATA[
arrayidx2427.exit:0 %j_3 = add i32 %j, i32 1

]]></Node>
<StgValue><ssdm name="j_3"/></StgValue>
</operation>

<operation id="66" st_id="8" stage="1" lat="1">
<core>NULL</core>
<MemPortIdVec></MemPortIdVec>
<condition id="-1">
<or_exp><and_exp><literal name="icmp_ln62" val="0"/>
</and_exp></or_exp>
</condition>

<Node id="140" bw="0" op_0_bw="14" op_1_bw="14" op_2_bw="0" op_3_bw="0">
<![CDATA[
arrayidx2427.exit:1 %store_ln62 = store i14 %add_ln62, i14 %loc_1

]]></Node>
<StgValue><ssdm name="store_ln62"/></StgValue>
</operation>

<operation id="67" st_id="8" stage="1" lat="1">
<core>NULL</core>
<MemPortIdVec></MemPortIdVec>
<condition id="-1">
<or_exp><and_exp><literal name="icmp_ln62" val="0"/>
</and_exp></or_exp>
</condition>

<Node id="141" bw="0" op_0_bw="32" op_1_bw="32" op_2_bw="0" op_3_bw="0">
<![CDATA[
arrayidx2427.exit:2 %store_ln62 = store i32 %i, i32 %i_1

]]></Node>
<StgValue><ssdm name="store_ln62"/></StgValue>
</operation>

<operation id="68" st_id="8" stage="1" lat="1">
<core>NULL</core>
<MemPortIdVec></MemPortIdVec>
<condition id="-1">
<or_exp><and_exp><literal name="icmp_ln62" val="0"/>
</and_exp></or_exp>
</condition>

<Node id="142" bw="0" op_0_bw="32" op_1_bw="32" op_2_bw="0" op_3_bw="0">
<![CDATA[
arrayidx2427.exit:3 %store_ln62 = store i32 %j_3, i32 %j_2

]]></Node>
<StgValue><ssdm name="store_ln62"/></StgValue>
</operation>

<operation id="69" st_id="8" stage="1" lat="1">
<core>NULL</core>
<MemPortIdVec></MemPortIdVec>
<condition id="-1">
<or_exp><and_exp><literal name="icmp_ln62" val="0"/>
</and_exp></or_exp>
</condition>

<Node id="143" bw="0" op_0_bw="0">
<![CDATA[
arrayidx2427.exit:4 %br_ln62 = br void %for.body14

]]></Node>
<StgValue><ssdm name="br_ln62"/></StgValue>
</operation>
</state>

<state id="9" st_id="9">

<operation id="70" st_id="9" stage="2" lat="3">
<core>DSP48</core>
<MemPortIdVec></MemPortIdVec>
<condition id="-1">
<or_exp><and_exp></and_exp></or_exp>
</condition>

<Node id="68" bw="10" op_0_bw="10" op_1_bw="10">
<![CDATA[
for.body14.split:11 %mul_ln68 = mul i10 %trunc_ln68, i10 13

]]></Node>
<StgValue><ssdm name="mul_ln68"/></StgValue>
</operation>
</state>

<state id="10" st_id="10">

<operation id="71" st_id="10" stage="1" lat="1">
<core>m_axi</core>
<MemPortIdVec></MemPortIdVec>
<condition id="-1">
<or_exp><and_exp></and_exp></or_exp>
</condition>

<Node id="65" bw="32" op_0_bw="32" op_1_bw="32" op_2_bw="0">
<![CDATA[
for.body14.split:8 %gmem1_addr_read = read i32 @_ssdm_op_Read.m_axi.i32P1A, i32 %gmem1_addr

]]></Node>
<StgValue><ssdm name="gmem1_addr_read"/></StgValue>
</operation>

<operation id="72" st_id="10" stage="1" lat="1">
<core>NULL</core>
<MemPortIdVec></MemPortIdVec>
<condition id="-1">
<or_exp><and_exp></and_exp></or_exp>
</condition>

<Node id="66" bw="32" op_0_bw="32">
<![CDATA[
for.body14.split:9 %bitcast_ln68 = bitcast i32 %gmem1_addr_read

]]></Node>
<StgValue><ssdm name="bitcast_ln68"/></StgValue>
</operation>

<operation id="73" st_id="10" stage="1" lat="3">
<core>DSP48</core>
<MemPortIdVec></MemPortIdVec>
<condition id="-1">
<or_exp><and_exp></and_exp></or_exp>
</condition>

<Node id="68" bw="10" op_0_bw="10" op_1_bw="10">
<![CDATA[
for.body14.split:11 %mul_ln68 = mul i10 %trunc_ln68, i10 13

]]></Node>
<StgValue><ssdm name="mul_ln68"/></StgValue>
</operation>

<operation id="74" st_id="10" stage="2" lat="2">
<core>DSP48</core>
<MemPortIdVec></MemPortIdVec>
<condition id="-1">
<or_exp><and_exp></and_exp></or_exp>
</condition>

<Node id="70" bw="10" op_0_bw="10" op_1_bw="10">
<![CDATA[
for.body14.split:13 %add_ln68 = add i10 %mul_ln68, i10 %lshr_ln

]]></Node>
<StgValue><ssdm name="add_ln68"/></StgValue>
</operation>
</state>

<state id="11" st_id="11">

<operation id="75" st_id="11" stage="1" lat="1">
<core>NULL</core>
<MemPortIdVec></MemPortIdVec>
<condition id="-1">
<or_exp><and_exp></and_exp></or_exp>
</condition>

<Node id="59" bw="0" op_0_bw="0" op_1_bw="32" op_2_bw="32" op_3_bw="32" op_4_bw="32" op_5_bw="0">
<![CDATA[
for.body14.split:2 %specpipeline_ln63 = specpipeline void @_ssdm_op_SpecPipeline, i32 1, i32 0, i32 0, i32 0, void @empty_16

]]></Node>
<StgValue><ssdm name="specpipeline_ln63"/></StgValue>
</operation>

<operation id="76" st_id="11" stage="1" lat="1">
<core>NULL</core>
<MemPortIdVec></MemPortIdVec>
<condition id="-1">
<or_exp><and_exp></and_exp></or_exp>
</condition>

<Node id="60" bw="0" op_0_bw="0" op_1_bw="0">
<![CDATA[
for.body14.split:3 %specloopname_ln62 = specloopname void @_ssdm_op_SpecLoopName, void @empty_14

]]></Node>
<StgValue><ssdm name="specloopname_ln62"/></StgValue>
</operation>

<operation id="77" st_id="11" stage="1" lat="2">
<core>DSP48</core>
<MemPortIdVec></MemPortIdVec>
<condition id="-1">
<or_exp><and_exp></and_exp></or_exp>
</condition>

<Node id="70" bw="10" op_0_bw="10" op_1_bw="10">
<![CDATA[
for.body14.split:13 %add_ln68 = add i10 %mul_ln68, i10 %lshr_ln

]]></Node>
<StgValue><ssdm name="add_ln68"/></StgValue>
</operation>

<operation id="78" st_id="11" stage="1" lat="1">
<core>NULL</core>
<MemPortIdVec></MemPortIdVec>
<condition id="-1">
<or_exp><and_exp></and_exp></or_exp>
</condition>

<Node id="71" bw="64" op_0_bw="10">
<![CDATA[
for.body14.split:14 %zext_ln68 = zext i10 %add_ln68

]]></Node>
<StgValue><ssdm name="zext_ln68"/></StgValue>
</operation>

<operation id="79" st_id="11" stage="1" lat="1">
<core>NULL</core>
<MemPortIdVec></MemPortIdVec>
<condition id="-1">
<or_exp><and_exp></and_exp></or_exp>
</condition>

<Node id="72" bw="10" op_0_bw="32" op_1_bw="64" op_2_bw="64">
<![CDATA[
for.body14.split:15 %p_ZZ5mmultE6localB_10_addr = getelementptr i32 %p_ZZ5mmultE6localB_10, i64 0, i64 %zext_ln68

]]></Node>
<StgValue><ssdm name="p_ZZ5mmultE6localB_10_addr"/></StgValue>
</operation>

<operation id="80" st_id="11" stage="1" lat="1">
<core>NULL</core>
<MemPortIdVec></MemPortIdVec>
<condition id="-1">
<or_exp><and_exp></and_exp></or_exp>
</condition>

<Node id="73" bw="10" op_0_bw="32" op_1_bw="64" op_2_bw="64">
<![CDATA[
for.body14.split:16 %p_ZZ5mmultE6localB_11_addr = getelementptr i32 %p_ZZ5mmultE6localB_11, i64 0, i64 %zext_ln68

]]></Node>
<StgValue><ssdm name="p_ZZ5mmultE6localB_11_addr"/></StgValue>
</operation>

<operation id="81" st_id="11" stage="1" lat="1">
<core>NULL</core>
<MemPortIdVec></MemPortIdVec>
<condition id="-1">
<or_exp><and_exp></and_exp></or_exp>
</condition>

<Node id="74" bw="10" op_0_bw="32" op_1_bw="64" op_2_bw="64">
<![CDATA[
for.body14.split:17 %p_ZZ5mmultE6localB_12_addr = getelementptr i32 %p_ZZ5mmultE6localB_12, i64 0, i64 %zext_ln68

]]></Node>
<StgValue><ssdm name="p_ZZ5mmultE6localB_12_addr"/></StgValue>
</operation>

<operation id="82" st_id="11" stage="1" lat="1">
<core>NULL</core>
<MemPortIdVec></MemPortIdVec>
<condition id="-1">
<or_exp><and_exp></and_exp></or_exp>
</condition>

<Node id="75" bw="10" op_0_bw="32" op_1_bw="64" op_2_bw="64">
<![CDATA[
for.body14.split:18 %p_ZZ5mmultE6localB_13_addr = getelementptr i32 %p_ZZ5mmultE6localB_13, i64 0, i64 %zext_ln68

]]></Node>
<StgValue><ssdm name="p_ZZ5mmultE6localB_13_addr"/></StgValue>
</operation>

<operation id="83" st_id="11" stage="1" lat="1">
<core>NULL</core>
<MemPortIdVec></MemPortIdVec>
<condition id="-1">
<or_exp><and_exp></and_exp></or_exp>
</condition>

<Node id="76" bw="10" op_0_bw="32" op_1_bw="64" op_2_bw="64">
<![CDATA[
for.body14.split:19 %p_ZZ5mmultE6localB_14_addr = getelementptr i32 %p_ZZ5mmultE6localB_14, i64 0, i64 %zext_ln68

]]></Node>
<StgValue><ssdm name="p_ZZ5mmultE6localB_14_addr"/></StgValue>
</operation>

<operation id="84" st_id="11" stage="1" lat="1">
<core>NULL</core>
<MemPortIdVec></MemPortIdVec>
<condition id="-1">
<or_exp><and_exp></and_exp></or_exp>
</condition>

<Node id="77" bw="10" op_0_bw="32" op_1_bw="64" op_2_bw="64">
<![CDATA[
for.body14.split:20 %mmult_localB = getelementptr i32 %p_ZZ5mmultE6localB_15, i64 0, i64 %zext_ln68

]]></Node>
<StgValue><ssdm name="mmult_localB"/></StgValue>
</operation>

<operation id="85" st_id="11" stage="1" lat="1">
<core>NULL</core>
<MemPortIdVec></MemPortIdVec>
<condition id="-1">
<or_exp><and_exp></and_exp></or_exp>
</condition>

<Node id="78" bw="10" op_0_bw="32" op_1_bw="64" op_2_bw="64">
<![CDATA[
for.body14.split:21 %localB_addr = getelementptr i32 %localB, i64 0, i64 %zext_ln68

]]></Node>
<StgValue><ssdm name="localB_addr"/></StgValue>
</operation>

<operation id="86" st_id="11" stage="1" lat="1">
<core>NULL</core>
<MemPortIdVec></MemPortIdVec>
<condition id="-1">
<or_exp><and_exp></and_exp></or_exp>
</condition>

<Node id="79" bw="10" op_0_bw="32" op_1_bw="64" op_2_bw="64">
<![CDATA[
for.body14.split:22 %localB_10_addr = getelementptr i32 %localB_10, i64 0, i64 %zext_ln68

]]></Node>
<StgValue><ssdm name="localB_10_addr"/></StgValue>
</operation>

<operation id="87" st_id="11" stage="1" lat="1">
<core>NULL</core>
<MemPortIdVec></MemPortIdVec>
<condition id="-1">
<or_exp><and_exp></and_exp></or_exp>
</condition>

<Node id="80" bw="10" op_0_bw="32" op_1_bw="64" op_2_bw="64">
<![CDATA[
for.body14.split:23 %localB_11_addr = getelementptr i32 %localB_11, i64 0, i64 %zext_ln68

]]></Node>
<StgValue><ssdm name="localB_11_addr"/></StgValue>
</operation>

<operation id="88" st_id="11" stage="1" lat="1">
<core>NULL</core>
<MemPortIdVec></MemPortIdVec>
<condition id="-1">
<or_exp><and_exp></and_exp></or_exp>
</condition>

<Node id="81" bw="10" op_0_bw="32" op_1_bw="64" op_2_bw="64">
<![CDATA[
for.body14.split:24 %localB_12_addr = getelementptr i32 %localB_12, i64 0, i64 %zext_ln68

]]></Node>
<StgValue><ssdm name="localB_12_addr"/></StgValue>
</operation>

<operation id="89" st_id="11" stage="1" lat="1">
<core>NULL</core>
<MemPortIdVec></MemPortIdVec>
<condition id="-1">
<or_exp><and_exp></and_exp></or_exp>
</condition>

<Node id="82" bw="10" op_0_bw="32" op_1_bw="64" op_2_bw="64">
<![CDATA[
for.body14.split:25 %localB_13_addr = getelementptr i32 %localB_13, i64 0, i64 %zext_ln68

]]></Node>
<StgValue><ssdm name="localB_13_addr"/></StgValue>
</operation>

<operation id="90" st_id="11" stage="1" lat="1">
<core>NULL</core>
<MemPortIdVec></MemPortIdVec>
<condition id="-1">
<or_exp><and_exp></and_exp></or_exp>
</condition>

<Node id="83" bw="10" op_0_bw="32" op_1_bw="64" op_2_bw="64">
<![CDATA[
for.body14.split:26 %localB_14_addr = getelementptr i32 %localB_14, i64 0, i64 %zext_ln68

]]></Node>
<StgValue><ssdm name="localB_14_addr"/></StgValue>
</operation>

<operation id="91" st_id="11" stage="1" lat="1">
<core>NULL</core>
<MemPortIdVec></MemPortIdVec>
<condition id="-1">
<or_exp><and_exp></and_exp></or_exp>
</condition>

<Node id="84" bw="10" op_0_bw="32" op_1_bw="64" op_2_bw="64">
<![CDATA[
for.body14.split:27 %localB_15_addr = getelementptr i32 %localB_15, i64 0, i64 %zext_ln68

]]></Node>
<StgValue><ssdm name="localB_15_addr"/></StgValue>
</operation>

<operation id="92" st_id="11" stage="1" lat="1">
<core>NULL</core>
<MemPortIdVec></MemPortIdVec>
<condition id="-1">
<or_exp><and_exp></and_exp></or_exp>
</condition>

<Node id="85" bw="10" op_0_bw="32" op_1_bw="64" op_2_bw="64">
<![CDATA[
for.body14.split:28 %localB_16_addr = getelementptr i32 %localB_16, i64 0, i64 %zext_ln68

]]></Node>
<StgValue><ssdm name="localB_16_addr"/></StgValue>
</operation>

<operation id="93" st_id="11" stage="1" lat="1">
<core>NULL</core>
<MemPortIdVec></MemPortIdVec>
<condition id="-1">
<or_exp><and_exp></and_exp></or_exp>
</condition>

<Node id="86" bw="10" op_0_bw="32" op_1_bw="64" op_2_bw="64">
<![CDATA[
for.body14.split:29 %localB_17_addr = getelementptr i32 %localB_17, i64 0, i64 %zext_ln68

]]></Node>
<StgValue><ssdm name="localB_17_addr"/></StgValue>
</operation>

<operation id="94" st_id="11" stage="1" lat="1">
<core>NULL</core>
<MemPortIdVec></MemPortIdVec>
<condition id="-1">
<or_exp><and_exp></and_exp></or_exp>
</condition>

<Node id="87" bw="10" op_0_bw="32" op_1_bw="64" op_2_bw="64">
<![CDATA[
for.body14.split:30 %localB_18_addr = getelementptr i32 %localB_18, i64 0, i64 %zext_ln68

]]></Node>
<StgValue><ssdm name="localB_18_addr"/></StgValue>
</operation>

<operation id="95" st_id="11" stage="1" lat="1">
<core>RAM_2P_BRAM</core>
<MemPortIdVec></MemPortIdVec>
<condition id="-1">
<or_exp><and_exp><literal name="trunc_ln68_1" val="-2"/>
</and_exp></or_exp>
</condition>

<Node id="91" bw="0" op_0_bw="32" op_1_bw="10">
<![CDATA[
arrayidx2427.case.14:0 %store_ln68 = store i32 %bitcast_ln68, i10 %p_ZZ5mmultE6localB_14_addr

]]></Node>
<StgValue><ssdm name="store_ln68"/></StgValue>
</operation>

<operation id="96" st_id="11" stage="1" lat="1">
<core>NULL</core>
<MemPortIdVec></MemPortIdVec>
<condition id="-1">
<or_exp><and_exp><literal name="trunc_ln68_1" val="-2"/>
</and_exp></or_exp>
</condition>

<Node id="92" bw="0" op_0_bw="0">
<![CDATA[
arrayidx2427.case.14:1 %br_ln68 = br void %arrayidx2427.exit

]]></Node>
<StgValue><ssdm name="br_ln68"/></StgValue>
</operation>

<operation id="97" st_id="11" stage="1" lat="1">
<core>RAM_2P_BRAM</core>
<MemPortIdVec></MemPortIdVec>
<condition id="-1">
<or_exp><and_exp><literal name="trunc_ln68_1" val="-3"/>
</and_exp></or_exp>
</condition>

<Node id="94" bw="0" op_0_bw="32" op_1_bw="10">
<![CDATA[
arrayidx2427.case.13:0 %store_ln68 = store i32 %bitcast_ln68, i10 %p_ZZ5mmultE6localB_13_addr

]]></Node>
<StgValue><ssdm name="store_ln68"/></StgValue>
</operation>

<operation id="98" st_id="11" stage="1" lat="1">
<core>NULL</core>
<MemPortIdVec></MemPortIdVec>
<condition id="-1">
<or_exp><and_exp><literal name="trunc_ln68_1" val="-3"/>
</and_exp></or_exp>
</condition>

<Node id="95" bw="0" op_0_bw="0">
<![CDATA[
arrayidx2427.case.13:1 %br_ln68 = br void %arrayidx2427.exit

]]></Node>
<StgValue><ssdm name="br_ln68"/></StgValue>
</operation>

<operation id="99" st_id="11" stage="1" lat="1">
<core>RAM_2P_BRAM</core>
<MemPortIdVec></MemPortIdVec>
<condition id="-1">
<or_exp><and_exp><literal name="trunc_ln68_1" val="-4"/>
</and_exp></or_exp>
</condition>

<Node id="97" bw="0" op_0_bw="32" op_1_bw="10">
<![CDATA[
arrayidx2427.case.12:0 %store_ln68 = store i32 %bitcast_ln68, i10 %p_ZZ5mmultE6localB_12_addr

]]></Node>
<StgValue><ssdm name="store_ln68"/></StgValue>
</operation>

<operation id="100" st_id="11" stage="1" lat="1">
<core>NULL</core>
<MemPortIdVec></MemPortIdVec>
<condition id="-1">
<or_exp><and_exp><literal name="trunc_ln68_1" val="-4"/>
</and_exp></or_exp>
</condition>

<Node id="98" bw="0" op_0_bw="0">
<![CDATA[
arrayidx2427.case.12:1 %br_ln68 = br void %arrayidx2427.exit

]]></Node>
<StgValue><ssdm name="br_ln68"/></StgValue>
</operation>

<operation id="101" st_id="11" stage="1" lat="1">
<core>RAM_2P_BRAM</core>
<MemPortIdVec></MemPortIdVec>
<condition id="-1">
<or_exp><and_exp><literal name="trunc_ln68_1" val="-5"/>
</and_exp></or_exp>
</condition>

<Node id="100" bw="0" op_0_bw="32" op_1_bw="10">
<![CDATA[
arrayidx2427.case.11:0 %store_ln68 = store i32 %bitcast_ln68, i10 %p_ZZ5mmultE6localB_11_addr

]]></Node>
<StgValue><ssdm name="store_ln68"/></StgValue>
</operation>

<operation id="102" st_id="11" stage="1" lat="1">
<core>NULL</core>
<MemPortIdVec></MemPortIdVec>
<condition id="-1">
<or_exp><and_exp><literal name="trunc_ln68_1" val="-5"/>
</and_exp></or_exp>
</condition>

<Node id="101" bw="0" op_0_bw="0">
<![CDATA[
arrayidx2427.case.11:1 %br_ln68 = br void %arrayidx2427.exit

]]></Node>
<StgValue><ssdm name="br_ln68"/></StgValue>
</operation>

<operation id="103" st_id="11" stage="1" lat="1">
<core>RAM_2P_BRAM</core>
<MemPortIdVec></MemPortIdVec>
<condition id="-1">
<or_exp><and_exp><literal name="trunc_ln68_1" val="-6"/>
</and_exp></or_exp>
</condition>

<Node id="103" bw="0" op_0_bw="32" op_1_bw="10">
<![CDATA[
arrayidx2427.case.10:0 %store_ln68 = store i32 %bitcast_ln68, i10 %p_ZZ5mmultE6localB_10_addr

]]></Node>
<StgValue><ssdm name="store_ln68"/></StgValue>
</operation>

<operation id="104" st_id="11" stage="1" lat="1">
<core>NULL</core>
<MemPortIdVec></MemPortIdVec>
<condition id="-1">
<or_exp><and_exp><literal name="trunc_ln68_1" val="-6"/>
</and_exp></or_exp>
</condition>

<Node id="104" bw="0" op_0_bw="0">
<![CDATA[
arrayidx2427.case.10:1 %br_ln68 = br void %arrayidx2427.exit

]]></Node>
<StgValue><ssdm name="br_ln68"/></StgValue>
</operation>

<operation id="105" st_id="11" stage="1" lat="1">
<core>RAM_2P_BRAM</core>
<MemPortIdVec></MemPortIdVec>
<condition id="-1">
<or_exp><and_exp><literal name="trunc_ln68_1" val="-7"/>
</and_exp></or_exp>
</condition>

<Node id="106" bw="0" op_0_bw="32" op_1_bw="10">
<![CDATA[
arrayidx2427.case.9:0 %store_ln68 = store i32 %bitcast_ln68, i10 %localB_18_addr

]]></Node>
<StgValue><ssdm name="store_ln68"/></StgValue>
</operation>

<operation id="106" st_id="11" stage="1" lat="1">
<core>NULL</core>
<MemPortIdVec></MemPortIdVec>
<condition id="-1">
<or_exp><and_exp><literal name="trunc_ln68_1" val="-7"/>
</and_exp></or_exp>
</condition>

<Node id="107" bw="0" op_0_bw="0">
<![CDATA[
arrayidx2427.case.9:1 %br_ln68 = br void %arrayidx2427.exit

]]></Node>
<StgValue><ssdm name="br_ln68"/></StgValue>
</operation>

<operation id="107" st_id="11" stage="1" lat="1">
<core>RAM_2P_BRAM</core>
<MemPortIdVec></MemPortIdVec>
<condition id="-1">
<or_exp><and_exp><literal name="trunc_ln68_1" val="-8"/>
</and_exp></or_exp>
</condition>

<Node id="109" bw="0" op_0_bw="32" op_1_bw="10">
<![CDATA[
arrayidx2427.case.8:0 %store_ln68 = store i32 %bitcast_ln68, i10 %localB_17_addr

]]></Node>
<StgValue><ssdm name="store_ln68"/></StgValue>
</operation>

<operation id="108" st_id="11" stage="1" lat="1">
<core>NULL</core>
<MemPortIdVec></MemPortIdVec>
<condition id="-1">
<or_exp><and_exp><literal name="trunc_ln68_1" val="-8"/>
</and_exp></or_exp>
</condition>

<Node id="110" bw="0" op_0_bw="0">
<![CDATA[
arrayidx2427.case.8:1 %br_ln68 = br void %arrayidx2427.exit

]]></Node>
<StgValue><ssdm name="br_ln68"/></StgValue>
</operation>

<operation id="109" st_id="11" stage="1" lat="1">
<core>RAM_2P_BRAM</core>
<MemPortIdVec></MemPortIdVec>
<condition id="-1">
<or_exp><and_exp><literal name="trunc_ln68_1" val="7"/>
</and_exp></or_exp>
</condition>

<Node id="112" bw="0" op_0_bw="32" op_1_bw="10">
<![CDATA[
arrayidx2427.case.7:0 %store_ln68 = store i32 %bitcast_ln68, i10 %localB_16_addr

]]></Node>
<StgValue><ssdm name="store_ln68"/></StgValue>
</operation>

<operation id="110" st_id="11" stage="1" lat="1">
<core>NULL</core>
<MemPortIdVec></MemPortIdVec>
<condition id="-1">
<or_exp><and_exp><literal name="trunc_ln68_1" val="7"/>
</and_exp></or_exp>
</condition>

<Node id="113" bw="0" op_0_bw="0">
<![CDATA[
arrayidx2427.case.7:1 %br_ln68 = br void %arrayidx2427.exit

]]></Node>
<StgValue><ssdm name="br_ln68"/></StgValue>
</operation>

<operation id="111" st_id="11" stage="1" lat="1">
<core>RAM_2P_BRAM</core>
<MemPortIdVec></MemPortIdVec>
<condition id="-1">
<or_exp><and_exp><literal name="trunc_ln68_1" val="6"/>
</and_exp></or_exp>
</condition>

<Node id="115" bw="0" op_0_bw="32" op_1_bw="10">
<![CDATA[
arrayidx2427.case.6:0 %store_ln68 = store i32 %bitcast_ln68, i10 %localB_15_addr

]]></Node>
<StgValue><ssdm name="store_ln68"/></StgValue>
</operation>

<operation id="112" st_id="11" stage="1" lat="1">
<core>NULL</core>
<MemPortIdVec></MemPortIdVec>
<condition id="-1">
<or_exp><and_exp><literal name="trunc_ln68_1" val="6"/>
</and_exp></or_exp>
</condition>

<Node id="116" bw="0" op_0_bw="0">
<![CDATA[
arrayidx2427.case.6:1 %br_ln68 = br void %arrayidx2427.exit

]]></Node>
<StgValue><ssdm name="br_ln68"/></StgValue>
</operation>

<operation id="113" st_id="11" stage="1" lat="1">
<core>RAM_2P_BRAM</core>
<MemPortIdVec></MemPortIdVec>
<condition id="-1">
<or_exp><and_exp><literal name="trunc_ln68_1" val="5"/>
</and_exp></or_exp>
</condition>

<Node id="118" bw="0" op_0_bw="32" op_1_bw="10">
<![CDATA[
arrayidx2427.case.5:0 %store_ln68 = store i32 %bitcast_ln68, i10 %localB_14_addr

]]></Node>
<StgValue><ssdm name="store_ln68"/></StgValue>
</operation>

<operation id="114" st_id="11" stage="1" lat="1">
<core>NULL</core>
<MemPortIdVec></MemPortIdVec>
<condition id="-1">
<or_exp><and_exp><literal name="trunc_ln68_1" val="5"/>
</and_exp></or_exp>
</condition>

<Node id="119" bw="0" op_0_bw="0">
<![CDATA[
arrayidx2427.case.5:1 %br_ln68 = br void %arrayidx2427.exit

]]></Node>
<StgValue><ssdm name="br_ln68"/></StgValue>
</operation>

<operation id="115" st_id="11" stage="1" lat="1">
<core>RAM_2P_BRAM</core>
<MemPortIdVec></MemPortIdVec>
<condition id="-1">
<or_exp><and_exp><literal name="trunc_ln68_1" val="4"/>
</and_exp></or_exp>
</condition>

<Node id="121" bw="0" op_0_bw="32" op_1_bw="10">
<![CDATA[
arrayidx2427.case.4:0 %store_ln68 = store i32 %bitcast_ln68, i10 %localB_13_addr

]]></Node>
<StgValue><ssdm name="store_ln68"/></StgValue>
</operation>

<operation id="116" st_id="11" stage="1" lat="1">
<core>NULL</core>
<MemPortIdVec></MemPortIdVec>
<condition id="-1">
<or_exp><and_exp><literal name="trunc_ln68_1" val="4"/>
</and_exp></or_exp>
</condition>

<Node id="122" bw="0" op_0_bw="0">
<![CDATA[
arrayidx2427.case.4:1 %br_ln68 = br void %arrayidx2427.exit

]]></Node>
<StgValue><ssdm name="br_ln68"/></StgValue>
</operation>

<operation id="117" st_id="11" stage="1" lat="1">
<core>RAM_2P_BRAM</core>
<MemPortIdVec></MemPortIdVec>
<condition id="-1">
<or_exp><and_exp><literal name="trunc_ln68_1" val="3"/>
</and_exp></or_exp>
</condition>

<Node id="124" bw="0" op_0_bw="32" op_1_bw="10">
<![CDATA[
arrayidx2427.case.3:0 %store_ln68 = store i32 %bitcast_ln68, i10 %localB_12_addr

]]></Node>
<StgValue><ssdm name="store_ln68"/></StgValue>
</operation>

<operation id="118" st_id="11" stage="1" lat="1">
<core>NULL</core>
<MemPortIdVec></MemPortIdVec>
<condition id="-1">
<or_exp><and_exp><literal name="trunc_ln68_1" val="3"/>
</and_exp></or_exp>
</condition>

<Node id="125" bw="0" op_0_bw="0">
<![CDATA[
arrayidx2427.case.3:1 %br_ln68 = br void %arrayidx2427.exit

]]></Node>
<StgValue><ssdm name="br_ln68"/></StgValue>
</operation>

<operation id="119" st_id="11" stage="1" lat="1">
<core>RAM_2P_BRAM</core>
<MemPortIdVec></MemPortIdVec>
<condition id="-1">
<or_exp><and_exp><literal name="trunc_ln68_1" val="2"/>
</and_exp></or_exp>
</condition>

<Node id="127" bw="0" op_0_bw="32" op_1_bw="10">
<![CDATA[
arrayidx2427.case.2:0 %store_ln68 = store i32 %bitcast_ln68, i10 %localB_11_addr

]]></Node>
<StgValue><ssdm name="store_ln68"/></StgValue>
</operation>

<operation id="120" st_id="11" stage="1" lat="1">
<core>NULL</core>
<MemPortIdVec></MemPortIdVec>
<condition id="-1">
<or_exp><and_exp><literal name="trunc_ln68_1" val="2"/>
</and_exp></or_exp>
</condition>

<Node id="128" bw="0" op_0_bw="0">
<![CDATA[
arrayidx2427.case.2:1 %br_ln68 = br void %arrayidx2427.exit

]]></Node>
<StgValue><ssdm name="br_ln68"/></StgValue>
</operation>

<operation id="121" st_id="11" stage="1" lat="1">
<core>RAM_2P_BRAM</core>
<MemPortIdVec></MemPortIdVec>
<condition id="-1">
<or_exp><and_exp><literal name="trunc_ln68_1" val="1"/>
</and_exp></or_exp>
</condition>

<Node id="130" bw="0" op_0_bw="32" op_1_bw="10">
<![CDATA[
arrayidx2427.case.1:0 %store_ln68 = store i32 %bitcast_ln68, i10 %localB_10_addr

]]></Node>
<StgValue><ssdm name="store_ln68"/></StgValue>
</operation>

<operation id="122" st_id="11" stage="1" lat="1">
<core>NULL</core>
<MemPortIdVec></MemPortIdVec>
<condition id="-1">
<or_exp><and_exp><literal name="trunc_ln68_1" val="1"/>
</and_exp></or_exp>
</condition>

<Node id="131" bw="0" op_0_bw="0">
<![CDATA[
arrayidx2427.case.1:1 %br_ln68 = br void %arrayidx2427.exit

]]></Node>
<StgValue><ssdm name="br_ln68"/></StgValue>
</operation>

<operation id="123" st_id="11" stage="1" lat="1">
<core>RAM_2P_BRAM</core>
<MemPortIdVec></MemPortIdVec>
<condition id="-1">
<or_exp><and_exp><literal name="trunc_ln68_1" val="0"/>
</and_exp></or_exp>
</condition>

<Node id="133" bw="0" op_0_bw="32" op_1_bw="10">
<![CDATA[
arrayidx2427.case.0:0 %store_ln68 = store i32 %bitcast_ln68, i10 %localB_addr

]]></Node>
<StgValue><ssdm name="store_ln68"/></StgValue>
</operation>

<operation id="124" st_id="11" stage="1" lat="1">
<core>NULL</core>
<MemPortIdVec></MemPortIdVec>
<condition id="-1">
<or_exp><and_exp><literal name="trunc_ln68_1" val="0"/>
</and_exp></or_exp>
</condition>

<Node id="134" bw="0" op_0_bw="0">
<![CDATA[
arrayidx2427.case.0:1 %br_ln68 = br void %arrayidx2427.exit

]]></Node>
<StgValue><ssdm name="br_ln68"/></StgValue>
</operation>

<operation id="125" st_id="11" stage="1" lat="1">
<core>RAM_2P_BRAM</core>
<MemPortIdVec></MemPortIdVec>
<condition id="-1">
<or_exp><and_exp><literal name="trunc_ln68_1" val="-1"/>
</and_exp></or_exp>
</condition>

<Node id="136" bw="0" op_0_bw="32" op_1_bw="10">
<![CDATA[
arrayidx2427.case.15:0 %store_ln68 = store i32 %bitcast_ln68, i10 %mmult_localB

]]></Node>
<StgValue><ssdm name="store_ln68"/></StgValue>
</operation>

<operation id="126" st_id="11" stage="1" lat="1">
<core>NULL</core>
<MemPortIdVec></MemPortIdVec>
<condition id="-1">
<or_exp><and_exp><literal name="trunc_ln68_1" val="-1"/>
</and_exp></or_exp>
</condition>

<Node id="137" bw="0" op_0_bw="0">
<![CDATA[
arrayidx2427.case.15:1 %br_ln68 = br void %arrayidx2427.exit

]]></Node>
<StgValue><ssdm name="br_ln68"/></StgValue>
</operation>
</state>

<state id="12" st_id="12">

<operation id="127" st_id="12" stage="1" lat="1">
<core>NULL</core>
<MemPortIdVec></MemPortIdVec>
<condition id="-1">
<or_exp><and_exp></and_exp></or_exp>
</condition>

<Node id="145" bw="0">
<![CDATA[
for.inc43.preheader.exitStub:0 %ret_ln0 = ret

]]></Node>
<StgValue><ssdm name="ret_ln0"/></StgValue>
</operation>
</state>
</state_list>


<ports>
</ports>


<dataflows>
</dataflows>


</stg>
