<profile>

<section name = "Vitis HLS Report for 'mmult_Pipeline_init_inC'" level="0">
<item name = "Date">Thu Dec 26 01:54:24 2024
</item>
<item name = "Version">2022.1 (Build 3526262 on Mon Apr 18 15:47:01 MDT 2022)</item>
<item name = "Project">q_matmul_k</item>
<item name = "Solution">solution1 (Vivado IP Flow Target)</item>
<item name = "Product family">virtexuplus</item>
<item name = "Target device">xcu50-fsvh2104-2-e</item>
</section>

<section name = "Performance Estimates" level="0">
<item name = "Timing">
<section name = "" level="1">
<item name = "Summary"><table name="" hasTotal="0">
<keys size="4">Clock, Target, Estimated, Uncertainty</keys>
<column name="ap_clk">10.00 ns, 1.094 ns, 2.70 ns</column>
</table>
</item>
</section>
</item>
<item name = "Latency">
<section name = "" level="1">
<item name = "Summary"><table name="" hasTotal="0">
<keys size="8">, min, max, min, max, min, max, Type</keys>
<column name="">18, 18, 0.180 us, 0.180 us, 18, 18, no</column>
</table>
</item>
<item name = "Detail">
<section name = "" level="1">
<item name = "Instance"><table name="" hasTotal="0">
<keys size="9">Instance, Module, min, max, min, max, min, max, Type</keys>
</table>
</item>
<item name = "Loop"><table name="" hasTotal="0">
<keys size="8">Loop Name, min, max, Latency, achieved, target, Count, Pipelined</keys>
<column name="- init_inC">16, 16, 1, 1, 1, 16, yes</column>
</table>
</item>
</section>
</item>
</section>
</item>
</section>

<section name = "Utilization Estimates" level="0">
<item name = "Summary"><table name="" hasTotal="1">
<keys size="6">Name, BRAM_18K, DSP, FF, LUT, URAM</keys>
<column name="DSP">-, -, -, -, -</column>
<column name="Expression">-, -, 0, 22, -</column>
<column name="FIFO">-, -, -, -, -</column>
<column name="Instance">-, -, -, -, -</column>
<column name="Memory">-, -, -, -, -</column>
<column name="Multiplexer">-, -, -, 2331, -</column>
<column name="Register">-, -, 8199, -, -</column>
<specialColumn name="Available SLR">1344, 2976, 871680, 435840, 320</specialColumn>
<specialColumn name="Utilization SLR (%)">0, 0, ~0, ~0, 0</specialColumn>
<specialColumn name="Available">2688, 5952, 1743360, 871680, 640</specialColumn>
<specialColumn name="Utilization (%)">0, 0, ~0, ~0, 0</specialColumn>
</table>
</item>
<item name = "Detail">
<section name = "" level="1">
<item name = "Instance"><table name="" hasTotal="1">
<keys size="7">Instance, Module, BRAM_18K, DSP, FF, LUT, URAM</keys>
</table>
</item>
<item name = "DSP"><table name="" hasTotal="0">
<keys size="3">Instance, Module, Expression</keys>
</table>
</item>
<item name = "Memory"><table name="" hasTotal="1">
<keys size="10">Memory, Module, BRAM_18K, FF, LUT, URAM, Words, Bits, Banks, W*Bits*Banks</keys>
</table>
</item>
<item name = "FIFO"><table name="" hasTotal="1">
<keys size="8">Name, BRAM_18K, FF, LUT, URAM, Depth, Bits, Size:D*B</keys>
</table>
</item>
<item name = "Expression"><table name="" hasTotal="1">
<keys size="7">Variable Name, Operation, DSP, FF, LUT, Bitwidth P0, Bitwidth P1</keys>
<column name="add_ln111_fu_6734_p2">+, 0, 0, 12, 5, 1</column>
<column name="icmp_ln111_fu_6728_p2">icmp, 0, 0, 10, 5, 6</column>
</table>
</item>
<item name = "Multiplexer"><table name="" hasTotal="1">
<keys size="5">Name, LUT, Input Size, Bits, Total Bits</keys>
<column name="ap_done_int">9, 2, 1, 2</column>
<column name="ap_sig_allocacmp_i_5">9, 2, 5, 10</column>
<column name="i_fu_1084">9, 2, 5, 10</column>
<column name="inC_100_2_fu_1488">9, 2, 32, 64</column>
<column name="inC_101_2_fu_1492">9, 2, 32, 64</column>
<column name="inC_102_2_fu_1496">9, 2, 32, 64</column>
<column name="inC_103_2_fu_1500">9, 2, 32, 64</column>
<column name="inC_104_2_fu_1504">9, 2, 32, 64</column>
<column name="inC_105_2_fu_1508">9, 2, 32, 64</column>
<column name="inC_106_2_fu_1512">9, 2, 32, 64</column>
<column name="inC_107_2_fu_1516">9, 2, 32, 64</column>
<column name="inC_108_2_fu_1520">9, 2, 32, 64</column>
<column name="inC_109_2_fu_1524">9, 2, 32, 64</column>
<column name="inC_10_2_fu_1128">9, 2, 32, 64</column>
<column name="inC_110_2_fu_1528">9, 2, 32, 64</column>
<column name="inC_111_2_fu_1532">9, 2, 32, 64</column>
<column name="inC_112_2_fu_1536">9, 2, 32, 64</column>
<column name="inC_113_2_fu_1540">9, 2, 32, 64</column>
<column name="inC_114_2_fu_1544">9, 2, 32, 64</column>
<column name="inC_115_2_fu_1548">9, 2, 32, 64</column>
<column name="inC_116_2_fu_1552">9, 2, 32, 64</column>
<column name="inC_117_2_fu_1556">9, 2, 32, 64</column>
<column name="inC_118_2_fu_1560">9, 2, 32, 64</column>
<column name="inC_119_2_fu_1564">9, 2, 32, 64</column>
<column name="inC_11_2_fu_1132">9, 2, 32, 64</column>
<column name="inC_120_2_fu_1568">9, 2, 32, 64</column>
<column name="inC_121_2_fu_1572">9, 2, 32, 64</column>
<column name="inC_122_2_fu_1576">9, 2, 32, 64</column>
<column name="inC_123_2_fu_1580">9, 2, 32, 64</column>
<column name="inC_124_2_fu_1584">9, 2, 32, 64</column>
<column name="inC_125_2_fu_1588">9, 2, 32, 64</column>
<column name="inC_126_2_fu_1592">9, 2, 32, 64</column>
<column name="inC_127_2_fu_1596">9, 2, 32, 64</column>
<column name="inC_128_2_fu_1600">9, 2, 32, 64</column>
<column name="inC_129_2_fu_1604">9, 2, 32, 64</column>
<column name="inC_12_2_fu_1136">9, 2, 32, 64</column>
<column name="inC_130_2_fu_1608">9, 2, 32, 64</column>
<column name="inC_131_2_fu_1612">9, 2, 32, 64</column>
<column name="inC_132_2_fu_1616">9, 2, 32, 64</column>
<column name="inC_133_2_fu_1620">9, 2, 32, 64</column>
<column name="inC_134_2_fu_1624">9, 2, 32, 64</column>
<column name="inC_135_2_fu_1628">9, 2, 32, 64</column>
<column name="inC_136_2_fu_1632">9, 2, 32, 64</column>
<column name="inC_137_2_fu_1636">9, 2, 32, 64</column>
<column name="inC_138_2_fu_1640">9, 2, 32, 64</column>
<column name="inC_139_2_fu_1644">9, 2, 32, 64</column>
<column name="inC_13_2_fu_1140">9, 2, 32, 64</column>
<column name="inC_140_2_fu_1648">9, 2, 32, 64</column>
<column name="inC_141_2_fu_1652">9, 2, 32, 64</column>
<column name="inC_142_2_fu_1656">9, 2, 32, 64</column>
<column name="inC_143_2_fu_1660">9, 2, 32, 64</column>
<column name="inC_144_2_fu_1664">9, 2, 32, 64</column>
<column name="inC_145_2_fu_1668">9, 2, 32, 64</column>
<column name="inC_146_2_fu_1672">9, 2, 32, 64</column>
<column name="inC_147_2_fu_1676">9, 2, 32, 64</column>
<column name="inC_148_2_fu_1680">9, 2, 32, 64</column>
<column name="inC_149_2_fu_1684">9, 2, 32, 64</column>
<column name="inC_14_2_fu_1144">9, 2, 32, 64</column>
<column name="inC_150_2_fu_1688">9, 2, 32, 64</column>
<column name="inC_151_2_fu_1692">9, 2, 32, 64</column>
<column name="inC_152_2_fu_1696">9, 2, 32, 64</column>
<column name="inC_153_2_fu_1700">9, 2, 32, 64</column>
<column name="inC_154_2_fu_1704">9, 2, 32, 64</column>
<column name="inC_155_2_fu_1708">9, 2, 32, 64</column>
<column name="inC_156_2_fu_1712">9, 2, 32, 64</column>
<column name="inC_157_2_fu_1716">9, 2, 32, 64</column>
<column name="inC_158_2_fu_1720">9, 2, 32, 64</column>
<column name="inC_159_2_fu_1724">9, 2, 32, 64</column>
<column name="inC_15_2_fu_1148">9, 2, 32, 64</column>
<column name="inC_160_2_fu_1728">9, 2, 32, 64</column>
<column name="inC_161_2_fu_1732">9, 2, 32, 64</column>
<column name="inC_162_2_fu_1736">9, 2, 32, 64</column>
<column name="inC_163_2_fu_1740">9, 2, 32, 64</column>
<column name="inC_164_2_fu_1744">9, 2, 32, 64</column>
<column name="inC_165_2_fu_1748">9, 2, 32, 64</column>
<column name="inC_166_2_fu_1752">9, 2, 32, 64</column>
<column name="inC_167_2_fu_1756">9, 2, 32, 64</column>
<column name="inC_168_2_fu_1760">9, 2, 32, 64</column>
<column name="inC_169_2_fu_1764">9, 2, 32, 64</column>
<column name="inC_16_2_fu_1152">9, 2, 32, 64</column>
<column name="inC_170_2_fu_1768">9, 2, 32, 64</column>
<column name="inC_171_2_fu_1772">9, 2, 32, 64</column>
<column name="inC_172_2_fu_1776">9, 2, 32, 64</column>
<column name="inC_173_2_fu_1780">9, 2, 32, 64</column>
<column name="inC_174_2_fu_1784">9, 2, 32, 64</column>
<column name="inC_175_2_fu_1788">9, 2, 32, 64</column>
<column name="inC_176_2_fu_1792">9, 2, 32, 64</column>
<column name="inC_177_2_fu_1796">9, 2, 32, 64</column>
<column name="inC_178_2_fu_1800">9, 2, 32, 64</column>
<column name="inC_179_2_fu_1804">9, 2, 32, 64</column>
<column name="inC_17_2_fu_1156">9, 2, 32, 64</column>
<column name="inC_180_2_fu_1808">9, 2, 32, 64</column>
<column name="inC_181_2_fu_1812">9, 2, 32, 64</column>
<column name="inC_182_2_fu_1816">9, 2, 32, 64</column>
<column name="inC_183_2_fu_1820">9, 2, 32, 64</column>
<column name="inC_184_2_fu_1824">9, 2, 32, 64</column>
<column name="inC_185_2_fu_1828">9, 2, 32, 64</column>
<column name="inC_186_2_fu_1832">9, 2, 32, 64</column>
<column name="inC_187_2_fu_1836">9, 2, 32, 64</column>
<column name="inC_188_2_fu_1840">9, 2, 32, 64</column>
<column name="inC_189_2_fu_1844">9, 2, 32, 64</column>
<column name="inC_18_2_fu_1160">9, 2, 32, 64</column>
<column name="inC_190_2_fu_1848">9, 2, 32, 64</column>
<column name="inC_191_2_fu_1852">9, 2, 32, 64</column>
<column name="inC_192_2_fu_1856">9, 2, 32, 64</column>
<column name="inC_193_2_fu_1860">9, 2, 32, 64</column>
<column name="inC_194_2_fu_1864">9, 2, 32, 64</column>
<column name="inC_195_2_fu_1868">9, 2, 32, 64</column>
<column name="inC_196_2_fu_1872">9, 2, 32, 64</column>
<column name="inC_197_2_fu_1876">9, 2, 32, 64</column>
<column name="inC_198_2_fu_1880">9, 2, 32, 64</column>
<column name="inC_199_2_fu_1884">9, 2, 32, 64</column>
<column name="inC_19_2_fu_1164">9, 2, 32, 64</column>
<column name="inC_1_2_fu_1092">9, 2, 32, 64</column>
<column name="inC_200_2_fu_1888">9, 2, 32, 64</column>
<column name="inC_201_2_fu_1892">9, 2, 32, 64</column>
<column name="inC_202_2_fu_1896">9, 2, 32, 64</column>
<column name="inC_203_2_fu_1900">9, 2, 32, 64</column>
<column name="inC_204_2_fu_1904">9, 2, 32, 64</column>
<column name="inC_205_2_fu_1908">9, 2, 32, 64</column>
<column name="inC_206_2_fu_1912">9, 2, 32, 64</column>
<column name="inC_207_2_fu_1916">9, 2, 32, 64</column>
<column name="inC_208_2_fu_1920">9, 2, 32, 64</column>
<column name="inC_209_2_fu_1924">9, 2, 32, 64</column>
<column name="inC_20_2_fu_1168">9, 2, 32, 64</column>
<column name="inC_210_2_fu_1928">9, 2, 32, 64</column>
<column name="inC_211_2_fu_1932">9, 2, 32, 64</column>
<column name="inC_212_2_fu_1936">9, 2, 32, 64</column>
<column name="inC_213_2_fu_1940">9, 2, 32, 64</column>
<column name="inC_214_2_fu_1944">9, 2, 32, 64</column>
<column name="inC_215_2_fu_1948">9, 2, 32, 64</column>
<column name="inC_216_2_fu_1952">9, 2, 32, 64</column>
<column name="inC_217_2_fu_1956">9, 2, 32, 64</column>
<column name="inC_218_2_fu_1960">9, 2, 32, 64</column>
<column name="inC_219_2_fu_1964">9, 2, 32, 64</column>
<column name="inC_21_2_fu_1172">9, 2, 32, 64</column>
<column name="inC_220_2_fu_1968">9, 2, 32, 64</column>
<column name="inC_221_2_fu_1972">9, 2, 32, 64</column>
<column name="inC_222_2_fu_1976">9, 2, 32, 64</column>
<column name="inC_223_2_fu_1980">9, 2, 32, 64</column>
<column name="inC_224_2_fu_1984">9, 2, 32, 64</column>
<column name="inC_225_2_fu_1988">9, 2, 32, 64</column>
<column name="inC_226_2_fu_1992">9, 2, 32, 64</column>
<column name="inC_227_2_fu_1996">9, 2, 32, 64</column>
<column name="inC_228_2_fu_2000">9, 2, 32, 64</column>
<column name="inC_229_2_fu_2004">9, 2, 32, 64</column>
<column name="inC_22_2_fu_1176">9, 2, 32, 64</column>
<column name="inC_23071_fu_1088">9, 2, 32, 64</column>
<column name="inC_230_2_fu_2008">9, 2, 32, 64</column>
<column name="inC_231_2_fu_2012">9, 2, 32, 64</column>
<column name="inC_232_2_fu_2016">9, 2, 32, 64</column>
<column name="inC_233_2_fu_2020">9, 2, 32, 64</column>
<column name="inC_234_2_fu_2024">9, 2, 32, 64</column>
<column name="inC_235_2_fu_2028">9, 2, 32, 64</column>
<column name="inC_236_2_fu_2032">9, 2, 32, 64</column>
<column name="inC_237_2_fu_2036">9, 2, 32, 64</column>
<column name="inC_238_2_fu_2040">9, 2, 32, 64</column>
<column name="inC_239_2_fu_2044">9, 2, 32, 64</column>
<column name="inC_23_2_fu_1180">9, 2, 32, 64</column>
<column name="inC_240_2_fu_2048">9, 2, 32, 64</column>
<column name="inC_241_2_fu_2052">9, 2, 32, 64</column>
<column name="inC_242_2_fu_2056">9, 2, 32, 64</column>
<column name="inC_243_2_fu_2060">9, 2, 32, 64</column>
<column name="inC_244_2_fu_2064">9, 2, 32, 64</column>
<column name="inC_245_2_fu_2068">9, 2, 32, 64</column>
<column name="inC_246_2_fu_2072">9, 2, 32, 64</column>
<column name="inC_247_2_fu_2076">9, 2, 32, 64</column>
<column name="inC_248_2_fu_2080">9, 2, 32, 64</column>
<column name="inC_249_2_fu_2084">9, 2, 32, 64</column>
<column name="inC_24_2_fu_1184">9, 2, 32, 64</column>
<column name="inC_250_2_fu_2088">9, 2, 32, 64</column>
<column name="inC_251_2_fu_2092">9, 2, 32, 64</column>
<column name="inC_252_2_fu_2096">9, 2, 32, 64</column>
<column name="inC_253_2_fu_2100">9, 2, 32, 64</column>
<column name="inC_254_2_fu_2104">9, 2, 32, 64</column>
<column name="inC_255_2_fu_2108">9, 2, 32, 64</column>
<column name="inC_25_2_fu_1188">9, 2, 32, 64</column>
<column name="inC_26_2_fu_1192">9, 2, 32, 64</column>
<column name="inC_27_2_fu_1196">9, 2, 32, 64</column>
<column name="inC_28_2_fu_1200">9, 2, 32, 64</column>
<column name="inC_29_2_fu_1204">9, 2, 32, 64</column>
<column name="inC_2_2_fu_1096">9, 2, 32, 64</column>
<column name="inC_30_2_fu_1208">9, 2, 32, 64</column>
<column name="inC_31_2_fu_1212">9, 2, 32, 64</column>
<column name="inC_32_2_fu_1216">9, 2, 32, 64</column>
<column name="inC_33_2_fu_1220">9, 2, 32, 64</column>
<column name="inC_34_2_fu_1224">9, 2, 32, 64</column>
<column name="inC_35_2_fu_1228">9, 2, 32, 64</column>
<column name="inC_36_2_fu_1232">9, 2, 32, 64</column>
<column name="inC_37_2_fu_1236">9, 2, 32, 64</column>
<column name="inC_38_2_fu_1240">9, 2, 32, 64</column>
<column name="inC_39_2_fu_1244">9, 2, 32, 64</column>
<column name="inC_3_2_fu_1100">9, 2, 32, 64</column>
<column name="inC_40_2_fu_1248">9, 2, 32, 64</column>
<column name="inC_41_2_fu_1252">9, 2, 32, 64</column>
<column name="inC_42_2_fu_1256">9, 2, 32, 64</column>
<column name="inC_43_2_fu_1260">9, 2, 32, 64</column>
<column name="inC_44_2_fu_1264">9, 2, 32, 64</column>
<column name="inC_45_2_fu_1268">9, 2, 32, 64</column>
<column name="inC_46_2_fu_1272">9, 2, 32, 64</column>
<column name="inC_47_2_fu_1276">9, 2, 32, 64</column>
<column name="inC_48_2_fu_1280">9, 2, 32, 64</column>
<column name="inC_49_2_fu_1284">9, 2, 32, 64</column>
<column name="inC_4_2_fu_1104">9, 2, 32, 64</column>
<column name="inC_50_2_fu_1288">9, 2, 32, 64</column>
<column name="inC_51_2_fu_1292">9, 2, 32, 64</column>
<column name="inC_52_2_fu_1296">9, 2, 32, 64</column>
<column name="inC_53_2_fu_1300">9, 2, 32, 64</column>
<column name="inC_54_2_fu_1304">9, 2, 32, 64</column>
<column name="inC_55_2_fu_1308">9, 2, 32, 64</column>
<column name="inC_56_2_fu_1312">9, 2, 32, 64</column>
<column name="inC_57_2_fu_1316">9, 2, 32, 64</column>
<column name="inC_58_2_fu_1320">9, 2, 32, 64</column>
<column name="inC_59_2_fu_1324">9, 2, 32, 64</column>
<column name="inC_5_2_fu_1108">9, 2, 32, 64</column>
<column name="inC_60_2_fu_1328">9, 2, 32, 64</column>
<column name="inC_61_2_fu_1332">9, 2, 32, 64</column>
<column name="inC_62_2_fu_1336">9, 2, 32, 64</column>
<column name="inC_63_2_fu_1340">9, 2, 32, 64</column>
<column name="inC_64_2_fu_1344">9, 2, 32, 64</column>
<column name="inC_65_2_fu_1348">9, 2, 32, 64</column>
<column name="inC_66_2_fu_1352">9, 2, 32, 64</column>
<column name="inC_67_2_fu_1356">9, 2, 32, 64</column>
<column name="inC_68_2_fu_1360">9, 2, 32, 64</column>
<column name="inC_69_2_fu_1364">9, 2, 32, 64</column>
<column name="inC_6_2_fu_1112">9, 2, 32, 64</column>
<column name="inC_70_2_fu_1368">9, 2, 32, 64</column>
<column name="inC_71_2_fu_1372">9, 2, 32, 64</column>
<column name="inC_72_2_fu_1376">9, 2, 32, 64</column>
<column name="inC_73_2_fu_1380">9, 2, 32, 64</column>
<column name="inC_74_2_fu_1384">9, 2, 32, 64</column>
<column name="inC_75_2_fu_1388">9, 2, 32, 64</column>
<column name="inC_76_2_fu_1392">9, 2, 32, 64</column>
<column name="inC_77_2_fu_1396">9, 2, 32, 64</column>
<column name="inC_78_2_fu_1400">9, 2, 32, 64</column>
<column name="inC_79_2_fu_1404">9, 2, 32, 64</column>
<column name="inC_7_2_fu_1116">9, 2, 32, 64</column>
<column name="inC_80_2_fu_1408">9, 2, 32, 64</column>
<column name="inC_81_2_fu_1412">9, 2, 32, 64</column>
<column name="inC_82_2_fu_1416">9, 2, 32, 64</column>
<column name="inC_83_2_fu_1420">9, 2, 32, 64</column>
<column name="inC_84_2_fu_1424">9, 2, 32, 64</column>
<column name="inC_85_2_fu_1428">9, 2, 32, 64</column>
<column name="inC_86_2_fu_1432">9, 2, 32, 64</column>
<column name="inC_87_2_fu_1436">9, 2, 32, 64</column>
<column name="inC_88_2_fu_1440">9, 2, 32, 64</column>
<column name="inC_89_2_fu_1444">9, 2, 32, 64</column>
<column name="inC_8_2_fu_1120">9, 2, 32, 64</column>
<column name="inC_90_2_fu_1448">9, 2, 32, 64</column>
<column name="inC_91_2_fu_1452">9, 2, 32, 64</column>
<column name="inC_92_2_fu_1456">9, 2, 32, 64</column>
<column name="inC_93_2_fu_1460">9, 2, 32, 64</column>
<column name="inC_94_2_fu_1464">9, 2, 32, 64</column>
<column name="inC_95_2_fu_1468">9, 2, 32, 64</column>
<column name="inC_96_2_fu_1472">9, 2, 32, 64</column>
<column name="inC_97_2_fu_1476">9, 2, 32, 64</column>
<column name="inC_98_2_fu_1480">9, 2, 32, 64</column>
<column name="inC_99_2_fu_1484">9, 2, 32, 64</column>
<column name="inC_9_2_fu_1124">9, 2, 32, 64</column>
</table>
</item>
<item name = "Register"><table name="" hasTotal="1">
<keys size="5">Name, FF, LUT, Bits, Const Bits</keys>
<column name="ap_CS_fsm">1, 0, 1, 0</column>
<column name="ap_done_reg">1, 0, 1, 0</column>
<column name="i_fu_1084">5, 0, 5, 0</column>
<column name="inC_100_2_fu_1488">32, 0, 32, 0</column>
<column name="inC_101_2_fu_1492">32, 0, 32, 0</column>
<column name="inC_102_2_fu_1496">32, 0, 32, 0</column>
<column name="inC_103_2_fu_1500">32, 0, 32, 0</column>
<column name="inC_104_2_fu_1504">32, 0, 32, 0</column>
<column name="inC_105_2_fu_1508">32, 0, 32, 0</column>
<column name="inC_106_2_fu_1512">32, 0, 32, 0</column>
<column name="inC_107_2_fu_1516">32, 0, 32, 0</column>
<column name="inC_108_2_fu_1520">32, 0, 32, 0</column>
<column name="inC_109_2_fu_1524">32, 0, 32, 0</column>
<column name="inC_10_2_fu_1128">32, 0, 32, 0</column>
<column name="inC_110_2_fu_1528">32, 0, 32, 0</column>
<column name="inC_111_2_fu_1532">32, 0, 32, 0</column>
<column name="inC_112_2_fu_1536">32, 0, 32, 0</column>
<column name="inC_113_2_fu_1540">32, 0, 32, 0</column>
<column name="inC_114_2_fu_1544">32, 0, 32, 0</column>
<column name="inC_115_2_fu_1548">32, 0, 32, 0</column>
<column name="inC_116_2_fu_1552">32, 0, 32, 0</column>
<column name="inC_117_2_fu_1556">32, 0, 32, 0</column>
<column name="inC_118_2_fu_1560">32, 0, 32, 0</column>
<column name="inC_119_2_fu_1564">32, 0, 32, 0</column>
<column name="inC_11_2_fu_1132">32, 0, 32, 0</column>
<column name="inC_120_2_fu_1568">32, 0, 32, 0</column>
<column name="inC_121_2_fu_1572">32, 0, 32, 0</column>
<column name="inC_122_2_fu_1576">32, 0, 32, 0</column>
<column name="inC_123_2_fu_1580">32, 0, 32, 0</column>
<column name="inC_124_2_fu_1584">32, 0, 32, 0</column>
<column name="inC_125_2_fu_1588">32, 0, 32, 0</column>
<column name="inC_126_2_fu_1592">32, 0, 32, 0</column>
<column name="inC_127_2_fu_1596">32, 0, 32, 0</column>
<column name="inC_128_2_fu_1600">32, 0, 32, 0</column>
<column name="inC_129_2_fu_1604">32, 0, 32, 0</column>
<column name="inC_12_2_fu_1136">32, 0, 32, 0</column>
<column name="inC_130_2_fu_1608">32, 0, 32, 0</column>
<column name="inC_131_2_fu_1612">32, 0, 32, 0</column>
<column name="inC_132_2_fu_1616">32, 0, 32, 0</column>
<column name="inC_133_2_fu_1620">32, 0, 32, 0</column>
<column name="inC_134_2_fu_1624">32, 0, 32, 0</column>
<column name="inC_135_2_fu_1628">32, 0, 32, 0</column>
<column name="inC_136_2_fu_1632">32, 0, 32, 0</column>
<column name="inC_137_2_fu_1636">32, 0, 32, 0</column>
<column name="inC_138_2_fu_1640">32, 0, 32, 0</column>
<column name="inC_139_2_fu_1644">32, 0, 32, 0</column>
<column name="inC_13_2_fu_1140">32, 0, 32, 0</column>
<column name="inC_140_2_fu_1648">32, 0, 32, 0</column>
<column name="inC_141_2_fu_1652">32, 0, 32, 0</column>
<column name="inC_142_2_fu_1656">32, 0, 32, 0</column>
<column name="inC_143_2_fu_1660">32, 0, 32, 0</column>
<column name="inC_144_2_fu_1664">32, 0, 32, 0</column>
<column name="inC_145_2_fu_1668">32, 0, 32, 0</column>
<column name="inC_146_2_fu_1672">32, 0, 32, 0</column>
<column name="inC_147_2_fu_1676">32, 0, 32, 0</column>
<column name="inC_148_2_fu_1680">32, 0, 32, 0</column>
<column name="inC_149_2_fu_1684">32, 0, 32, 0</column>
<column name="inC_14_2_fu_1144">32, 0, 32, 0</column>
<column name="inC_150_2_fu_1688">32, 0, 32, 0</column>
<column name="inC_151_2_fu_1692">32, 0, 32, 0</column>
<column name="inC_152_2_fu_1696">32, 0, 32, 0</column>
<column name="inC_153_2_fu_1700">32, 0, 32, 0</column>
<column name="inC_154_2_fu_1704">32, 0, 32, 0</column>
<column name="inC_155_2_fu_1708">32, 0, 32, 0</column>
<column name="inC_156_2_fu_1712">32, 0, 32, 0</column>
<column name="inC_157_2_fu_1716">32, 0, 32, 0</column>
<column name="inC_158_2_fu_1720">32, 0, 32, 0</column>
<column name="inC_159_2_fu_1724">32, 0, 32, 0</column>
<column name="inC_15_2_fu_1148">32, 0, 32, 0</column>
<column name="inC_160_2_fu_1728">32, 0, 32, 0</column>
<column name="inC_161_2_fu_1732">32, 0, 32, 0</column>
<column name="inC_162_2_fu_1736">32, 0, 32, 0</column>
<column name="inC_163_2_fu_1740">32, 0, 32, 0</column>
<column name="inC_164_2_fu_1744">32, 0, 32, 0</column>
<column name="inC_165_2_fu_1748">32, 0, 32, 0</column>
<column name="inC_166_2_fu_1752">32, 0, 32, 0</column>
<column name="inC_167_2_fu_1756">32, 0, 32, 0</column>
<column name="inC_168_2_fu_1760">32, 0, 32, 0</column>
<column name="inC_169_2_fu_1764">32, 0, 32, 0</column>
<column name="inC_16_2_fu_1152">32, 0, 32, 0</column>
<column name="inC_170_2_fu_1768">32, 0, 32, 0</column>
<column name="inC_171_2_fu_1772">32, 0, 32, 0</column>
<column name="inC_172_2_fu_1776">32, 0, 32, 0</column>
<column name="inC_173_2_fu_1780">32, 0, 32, 0</column>
<column name="inC_174_2_fu_1784">32, 0, 32, 0</column>
<column name="inC_175_2_fu_1788">32, 0, 32, 0</column>
<column name="inC_176_2_fu_1792">32, 0, 32, 0</column>
<column name="inC_177_2_fu_1796">32, 0, 32, 0</column>
<column name="inC_178_2_fu_1800">32, 0, 32, 0</column>
<column name="inC_179_2_fu_1804">32, 0, 32, 0</column>
<column name="inC_17_2_fu_1156">32, 0, 32, 0</column>
<column name="inC_180_2_fu_1808">32, 0, 32, 0</column>
<column name="inC_181_2_fu_1812">32, 0, 32, 0</column>
<column name="inC_182_2_fu_1816">32, 0, 32, 0</column>
<column name="inC_183_2_fu_1820">32, 0, 32, 0</column>
<column name="inC_184_2_fu_1824">32, 0, 32, 0</column>
<column name="inC_185_2_fu_1828">32, 0, 32, 0</column>
<column name="inC_186_2_fu_1832">32, 0, 32, 0</column>
<column name="inC_187_2_fu_1836">32, 0, 32, 0</column>
<column name="inC_188_2_fu_1840">32, 0, 32, 0</column>
<column name="inC_189_2_fu_1844">32, 0, 32, 0</column>
<column name="inC_18_2_fu_1160">32, 0, 32, 0</column>
<column name="inC_190_2_fu_1848">32, 0, 32, 0</column>
<column name="inC_191_2_fu_1852">32, 0, 32, 0</column>
<column name="inC_192_2_fu_1856">32, 0, 32, 0</column>
<column name="inC_193_2_fu_1860">32, 0, 32, 0</column>
<column name="inC_194_2_fu_1864">32, 0, 32, 0</column>
<column name="inC_195_2_fu_1868">32, 0, 32, 0</column>
<column name="inC_196_2_fu_1872">32, 0, 32, 0</column>
<column name="inC_197_2_fu_1876">32, 0, 32, 0</column>
<column name="inC_198_2_fu_1880">32, 0, 32, 0</column>
<column name="inC_199_2_fu_1884">32, 0, 32, 0</column>
<column name="inC_19_2_fu_1164">32, 0, 32, 0</column>
<column name="inC_1_2_fu_1092">32, 0, 32, 0</column>
<column name="inC_200_2_fu_1888">32, 0, 32, 0</column>
<column name="inC_201_2_fu_1892">32, 0, 32, 0</column>
<column name="inC_202_2_fu_1896">32, 0, 32, 0</column>
<column name="inC_203_2_fu_1900">32, 0, 32, 0</column>
<column name="inC_204_2_fu_1904">32, 0, 32, 0</column>
<column name="inC_205_2_fu_1908">32, 0, 32, 0</column>
<column name="inC_206_2_fu_1912">32, 0, 32, 0</column>
<column name="inC_207_2_fu_1916">32, 0, 32, 0</column>
<column name="inC_208_2_fu_1920">32, 0, 32, 0</column>
<column name="inC_209_2_fu_1924">32, 0, 32, 0</column>
<column name="inC_20_2_fu_1168">32, 0, 32, 0</column>
<column name="inC_210_2_fu_1928">32, 0, 32, 0</column>
<column name="inC_211_2_fu_1932">32, 0, 32, 0</column>
<column name="inC_212_2_fu_1936">32, 0, 32, 0</column>
<column name="inC_213_2_fu_1940">32, 0, 32, 0</column>
<column name="inC_214_2_fu_1944">32, 0, 32, 0</column>
<column name="inC_215_2_fu_1948">32, 0, 32, 0</column>
<column name="inC_216_2_fu_1952">32, 0, 32, 0</column>
<column name="inC_217_2_fu_1956">32, 0, 32, 0</column>
<column name="inC_218_2_fu_1960">32, 0, 32, 0</column>
<column name="inC_219_2_fu_1964">32, 0, 32, 0</column>
<column name="inC_21_2_fu_1172">32, 0, 32, 0</column>
<column name="inC_220_2_fu_1968">32, 0, 32, 0</column>
<column name="inC_221_2_fu_1972">32, 0, 32, 0</column>
<column name="inC_222_2_fu_1976">32, 0, 32, 0</column>
<column name="inC_223_2_fu_1980">32, 0, 32, 0</column>
<column name="inC_224_2_fu_1984">32, 0, 32, 0</column>
<column name="inC_225_2_fu_1988">32, 0, 32, 0</column>
<column name="inC_226_2_fu_1992">32, 0, 32, 0</column>
<column name="inC_227_2_fu_1996">32, 0, 32, 0</column>
<column name="inC_228_2_fu_2000">32, 0, 32, 0</column>
<column name="inC_229_2_fu_2004">32, 0, 32, 0</column>
<column name="inC_22_2_fu_1176">32, 0, 32, 0</column>
<column name="inC_23071_fu_1088">32, 0, 32, 0</column>
<column name="inC_230_2_fu_2008">32, 0, 32, 0</column>
<column name="inC_231_2_fu_2012">32, 0, 32, 0</column>
<column name="inC_232_2_fu_2016">32, 0, 32, 0</column>
<column name="inC_233_2_fu_2020">32, 0, 32, 0</column>
<column name="inC_234_2_fu_2024">32, 0, 32, 0</column>
<column name="inC_235_2_fu_2028">32, 0, 32, 0</column>
<column name="inC_236_2_fu_2032">32, 0, 32, 0</column>
<column name="inC_237_2_fu_2036">32, 0, 32, 0</column>
<column name="inC_238_2_fu_2040">32, 0, 32, 0</column>
<column name="inC_239_2_fu_2044">32, 0, 32, 0</column>
<column name="inC_23_2_fu_1180">32, 0, 32, 0</column>
<column name="inC_240_2_fu_2048">32, 0, 32, 0</column>
<column name="inC_241_2_fu_2052">32, 0, 32, 0</column>
<column name="inC_242_2_fu_2056">32, 0, 32, 0</column>
<column name="inC_243_2_fu_2060">32, 0, 32, 0</column>
<column name="inC_244_2_fu_2064">32, 0, 32, 0</column>
<column name="inC_245_2_fu_2068">32, 0, 32, 0</column>
<column name="inC_246_2_fu_2072">32, 0, 32, 0</column>
<column name="inC_247_2_fu_2076">32, 0, 32, 0</column>
<column name="inC_248_2_fu_2080">32, 0, 32, 0</column>
<column name="inC_249_2_fu_2084">32, 0, 32, 0</column>
<column name="inC_24_2_fu_1184">32, 0, 32, 0</column>
<column name="inC_250_2_fu_2088">32, 0, 32, 0</column>
<column name="inC_251_2_fu_2092">32, 0, 32, 0</column>
<column name="inC_252_2_fu_2096">32, 0, 32, 0</column>
<column name="inC_253_2_fu_2100">32, 0, 32, 0</column>
<column name="inC_254_2_fu_2104">32, 0, 32, 0</column>
<column name="inC_255_2_fu_2108">32, 0, 32, 0</column>
<column name="inC_25_2_fu_1188">32, 0, 32, 0</column>
<column name="inC_26_2_fu_1192">32, 0, 32, 0</column>
<column name="inC_27_2_fu_1196">32, 0, 32, 0</column>
<column name="inC_28_2_fu_1200">32, 0, 32, 0</column>
<column name="inC_29_2_fu_1204">32, 0, 32, 0</column>
<column name="inC_2_2_fu_1096">32, 0, 32, 0</column>
<column name="inC_30_2_fu_1208">32, 0, 32, 0</column>
<column name="inC_31_2_fu_1212">32, 0, 32, 0</column>
<column name="inC_32_2_fu_1216">32, 0, 32, 0</column>
<column name="inC_33_2_fu_1220">32, 0, 32, 0</column>
<column name="inC_34_2_fu_1224">32, 0, 32, 0</column>
<column name="inC_35_2_fu_1228">32, 0, 32, 0</column>
<column name="inC_36_2_fu_1232">32, 0, 32, 0</column>
<column name="inC_37_2_fu_1236">32, 0, 32, 0</column>
<column name="inC_38_2_fu_1240">32, 0, 32, 0</column>
<column name="inC_39_2_fu_1244">32, 0, 32, 0</column>
<column name="inC_3_2_fu_1100">32, 0, 32, 0</column>
<column name="inC_40_2_fu_1248">32, 0, 32, 0</column>
<column name="inC_41_2_fu_1252">32, 0, 32, 0</column>
<column name="inC_42_2_fu_1256">32, 0, 32, 0</column>
<column name="inC_43_2_fu_1260">32, 0, 32, 0</column>
<column name="inC_44_2_fu_1264">32, 0, 32, 0</column>
<column name="inC_45_2_fu_1268">32, 0, 32, 0</column>
<column name="inC_46_2_fu_1272">32, 0, 32, 0</column>
<column name="inC_47_2_fu_1276">32, 0, 32, 0</column>
<column name="inC_48_2_fu_1280">32, 0, 32, 0</column>
<column name="inC_49_2_fu_1284">32, 0, 32, 0</column>
<column name="inC_4_2_fu_1104">32, 0, 32, 0</column>
<column name="inC_50_2_fu_1288">32, 0, 32, 0</column>
<column name="inC_51_2_fu_1292">32, 0, 32, 0</column>
<column name="inC_52_2_fu_1296">32, 0, 32, 0</column>
<column name="inC_53_2_fu_1300">32, 0, 32, 0</column>
<column name="inC_54_2_fu_1304">32, 0, 32, 0</column>
<column name="inC_55_2_fu_1308">32, 0, 32, 0</column>
<column name="inC_56_2_fu_1312">32, 0, 32, 0</column>
<column name="inC_57_2_fu_1316">32, 0, 32, 0</column>
<column name="inC_58_2_fu_1320">32, 0, 32, 0</column>
<column name="inC_59_2_fu_1324">32, 0, 32, 0</column>
<column name="inC_5_2_fu_1108">32, 0, 32, 0</column>
<column name="inC_60_2_fu_1328">32, 0, 32, 0</column>
<column name="inC_61_2_fu_1332">32, 0, 32, 0</column>
<column name="inC_62_2_fu_1336">32, 0, 32, 0</column>
<column name="inC_63_2_fu_1340">32, 0, 32, 0</column>
<column name="inC_64_2_fu_1344">32, 0, 32, 0</column>
<column name="inC_65_2_fu_1348">32, 0, 32, 0</column>
<column name="inC_66_2_fu_1352">32, 0, 32, 0</column>
<column name="inC_67_2_fu_1356">32, 0, 32, 0</column>
<column name="inC_68_2_fu_1360">32, 0, 32, 0</column>
<column name="inC_69_2_fu_1364">32, 0, 32, 0</column>
<column name="inC_6_2_fu_1112">32, 0, 32, 0</column>
<column name="inC_70_2_fu_1368">32, 0, 32, 0</column>
<column name="inC_71_2_fu_1372">32, 0, 32, 0</column>
<column name="inC_72_2_fu_1376">32, 0, 32, 0</column>
<column name="inC_73_2_fu_1380">32, 0, 32, 0</column>
<column name="inC_74_2_fu_1384">32, 0, 32, 0</column>
<column name="inC_75_2_fu_1388">32, 0, 32, 0</column>
<column name="inC_76_2_fu_1392">32, 0, 32, 0</column>
<column name="inC_77_2_fu_1396">32, 0, 32, 0</column>
<column name="inC_78_2_fu_1400">32, 0, 32, 0</column>
<column name="inC_79_2_fu_1404">32, 0, 32, 0</column>
<column name="inC_7_2_fu_1116">32, 0, 32, 0</column>
<column name="inC_80_2_fu_1408">32, 0, 32, 0</column>
<column name="inC_81_2_fu_1412">32, 0, 32, 0</column>
<column name="inC_82_2_fu_1416">32, 0, 32, 0</column>
<column name="inC_83_2_fu_1420">32, 0, 32, 0</column>
<column name="inC_84_2_fu_1424">32, 0, 32, 0</column>
<column name="inC_85_2_fu_1428">32, 0, 32, 0</column>
<column name="inC_86_2_fu_1432">32, 0, 32, 0</column>
<column name="inC_87_2_fu_1436">32, 0, 32, 0</column>
<column name="inC_88_2_fu_1440">32, 0, 32, 0</column>
<column name="inC_89_2_fu_1444">32, 0, 32, 0</column>
<column name="inC_8_2_fu_1120">32, 0, 32, 0</column>
<column name="inC_90_2_fu_1448">32, 0, 32, 0</column>
<column name="inC_91_2_fu_1452">32, 0, 32, 0</column>
<column name="inC_92_2_fu_1456">32, 0, 32, 0</column>
<column name="inC_93_2_fu_1460">32, 0, 32, 0</column>
<column name="inC_94_2_fu_1464">32, 0, 32, 0</column>
<column name="inC_95_2_fu_1468">32, 0, 32, 0</column>
<column name="inC_96_2_fu_1472">32, 0, 32, 0</column>
<column name="inC_97_2_fu_1476">32, 0, 32, 0</column>
<column name="inC_98_2_fu_1480">32, 0, 32, 0</column>
<column name="inC_99_2_fu_1484">32, 0, 32, 0</column>
<column name="inC_9_2_fu_1124">32, 0, 32, 0</column>
</table>
</item>
</section>
</item>
</section>

<section name = "Interface" level="0">
<item name = "Summary"><table name="" hasTotal="0">
<keys size="6">RTL Ports, Dir, Bits, Protocol, Source Object, C Type</keys>
<column name="ap_clk">in, 1, ap_ctrl_hs, mmult_Pipeline_init_inC, return value</column>
<column name="ap_rst">in, 1, ap_ctrl_hs, mmult_Pipeline_init_inC, return value</column>
<column name="ap_start">in, 1, ap_ctrl_hs, mmult_Pipeline_init_inC, return value</column>
<column name="ap_done">out, 1, ap_ctrl_hs, mmult_Pipeline_init_inC, return value</column>
<column name="ap_idle">out, 1, ap_ctrl_hs, mmult_Pipeline_init_inC, return value</column>
<column name="ap_ready">out, 1, ap_ctrl_hs, mmult_Pipeline_init_inC, return value</column>
<column name="inC_255_1">in, 32, ap_none, inC_255_1, scalar</column>
<column name="inC_254_1">in, 32, ap_none, inC_254_1, scalar</column>
<column name="inC_253_1">in, 32, ap_none, inC_253_1, scalar</column>
<column name="inC_252_1">in, 32, ap_none, inC_252_1, scalar</column>
<column name="inC_251_1">in, 32, ap_none, inC_251_1, scalar</column>
<column name="inC_250_1">in, 32, ap_none, inC_250_1, scalar</column>
<column name="inC_249_1">in, 32, ap_none, inC_249_1, scalar</column>
<column name="inC_248_1">in, 32, ap_none, inC_248_1, scalar</column>
<column name="inC_247_1">in, 32, ap_none, inC_247_1, scalar</column>
<column name="inC_246_1">in, 32, ap_none, inC_246_1, scalar</column>
<column name="inC_245_1">in, 32, ap_none, inC_245_1, scalar</column>
<column name="inC_244_1">in, 32, ap_none, inC_244_1, scalar</column>
<column name="inC_243_1">in, 32, ap_none, inC_243_1, scalar</column>
<column name="inC_242_1">in, 32, ap_none, inC_242_1, scalar</column>
<column name="inC_241_1">in, 32, ap_none, inC_241_1, scalar</column>
<column name="inC_240_1">in, 32, ap_none, inC_240_1, scalar</column>
<column name="inC_239_1">in, 32, ap_none, inC_239_1, scalar</column>
<column name="inC_238_1">in, 32, ap_none, inC_238_1, scalar</column>
<column name="inC_237_1">in, 32, ap_none, inC_237_1, scalar</column>
<column name="inC_236_1">in, 32, ap_none, inC_236_1, scalar</column>
<column name="inC_235_1">in, 32, ap_none, inC_235_1, scalar</column>
<column name="inC_234_1">in, 32, ap_none, inC_234_1, scalar</column>
<column name="inC_233_1">in, 32, ap_none, inC_233_1, scalar</column>
<column name="inC_232_1">in, 32, ap_none, inC_232_1, scalar</column>
<column name="inC_231_1">in, 32, ap_none, inC_231_1, scalar</column>
<column name="inC_230_1">in, 32, ap_none, inC_230_1, scalar</column>
<column name="inC_229_1">in, 32, ap_none, inC_229_1, scalar</column>
<column name="inC_228_1">in, 32, ap_none, inC_228_1, scalar</column>
<column name="inC_227_1">in, 32, ap_none, inC_227_1, scalar</column>
<column name="inC_226_1">in, 32, ap_none, inC_226_1, scalar</column>
<column name="inC_225_1">in, 32, ap_none, inC_225_1, scalar</column>
<column name="inC_224_1">in, 32, ap_none, inC_224_1, scalar</column>
<column name="inC_223_1">in, 32, ap_none, inC_223_1, scalar</column>
<column name="inC_222_1">in, 32, ap_none, inC_222_1, scalar</column>
<column name="inC_221_1">in, 32, ap_none, inC_221_1, scalar</column>
<column name="inC_220_1">in, 32, ap_none, inC_220_1, scalar</column>
<column name="inC_219_1">in, 32, ap_none, inC_219_1, scalar</column>
<column name="inC_218_1">in, 32, ap_none, inC_218_1, scalar</column>
<column name="inC_217_1">in, 32, ap_none, inC_217_1, scalar</column>
<column name="inC_216_1">in, 32, ap_none, inC_216_1, scalar</column>
<column name="inC_215_1">in, 32, ap_none, inC_215_1, scalar</column>
<column name="inC_214_1">in, 32, ap_none, inC_214_1, scalar</column>
<column name="inC_213_1">in, 32, ap_none, inC_213_1, scalar</column>
<column name="inC_212_1">in, 32, ap_none, inC_212_1, scalar</column>
<column name="inC_211_1">in, 32, ap_none, inC_211_1, scalar</column>
<column name="inC_210_1">in, 32, ap_none, inC_210_1, scalar</column>
<column name="inC_209_1">in, 32, ap_none, inC_209_1, scalar</column>
<column name="inC_208_1">in, 32, ap_none, inC_208_1, scalar</column>
<column name="inC_207_1">in, 32, ap_none, inC_207_1, scalar</column>
<column name="inC_206_1">in, 32, ap_none, inC_206_1, scalar</column>
<column name="inC_205_1">in, 32, ap_none, inC_205_1, scalar</column>
<column name="inC_204_1">in, 32, ap_none, inC_204_1, scalar</column>
<column name="inC_203_1">in, 32, ap_none, inC_203_1, scalar</column>
<column name="inC_202_1">in, 32, ap_none, inC_202_1, scalar</column>
<column name="inC_201_1">in, 32, ap_none, inC_201_1, scalar</column>
<column name="inC_200_1">in, 32, ap_none, inC_200_1, scalar</column>
<column name="inC_199_1">in, 32, ap_none, inC_199_1, scalar</column>
<column name="inC_198_1">in, 32, ap_none, inC_198_1, scalar</column>
<column name="inC_197_1">in, 32, ap_none, inC_197_1, scalar</column>
<column name="inC_196_1">in, 32, ap_none, inC_196_1, scalar</column>
<column name="inC_195_1">in, 32, ap_none, inC_195_1, scalar</column>
<column name="inC_194_1">in, 32, ap_none, inC_194_1, scalar</column>
<column name="inC_193_1">in, 32, ap_none, inC_193_1, scalar</column>
<column name="inC_192_1">in, 32, ap_none, inC_192_1, scalar</column>
<column name="inC_191_1">in, 32, ap_none, inC_191_1, scalar</column>
<column name="inC_190_1">in, 32, ap_none, inC_190_1, scalar</column>
<column name="inC_189_1">in, 32, ap_none, inC_189_1, scalar</column>
<column name="inC_188_1">in, 32, ap_none, inC_188_1, scalar</column>
<column name="inC_187_1">in, 32, ap_none, inC_187_1, scalar</column>
<column name="inC_186_1">in, 32, ap_none, inC_186_1, scalar</column>
<column name="inC_185_1">in, 32, ap_none, inC_185_1, scalar</column>
<column name="inC_184_1">in, 32, ap_none, inC_184_1, scalar</column>
<column name="inC_183_1">in, 32, ap_none, inC_183_1, scalar</column>
<column name="inC_182_1">in, 32, ap_none, inC_182_1, scalar</column>
<column name="inC_181_1">in, 32, ap_none, inC_181_1, scalar</column>
<column name="inC_180_1">in, 32, ap_none, inC_180_1, scalar</column>
<column name="inC_179_1">in, 32, ap_none, inC_179_1, scalar</column>
<column name="inC_178_1">in, 32, ap_none, inC_178_1, scalar</column>
<column name="inC_177_1">in, 32, ap_none, inC_177_1, scalar</column>
<column name="inC_176_1">in, 32, ap_none, inC_176_1, scalar</column>
<column name="inC_175_1">in, 32, ap_none, inC_175_1, scalar</column>
<column name="inC_174_1">in, 32, ap_none, inC_174_1, scalar</column>
<column name="inC_173_1">in, 32, ap_none, inC_173_1, scalar</column>
<column name="inC_172_1">in, 32, ap_none, inC_172_1, scalar</column>
<column name="inC_171_1">in, 32, ap_none, inC_171_1, scalar</column>
<column name="inC_170_1">in, 32, ap_none, inC_170_1, scalar</column>
<column name="inC_169_1">in, 32, ap_none, inC_169_1, scalar</column>
<column name="inC_168_1">in, 32, ap_none, inC_168_1, scalar</column>
<column name="inC_167_1">in, 32, ap_none, inC_167_1, scalar</column>
<column name="inC_166_1">in, 32, ap_none, inC_166_1, scalar</column>
<column name="inC_165_1">in, 32, ap_none, inC_165_1, scalar</column>
<column name="inC_164_1">in, 32, ap_none, inC_164_1, scalar</column>
<column name="inC_163_1">in, 32, ap_none, inC_163_1, scalar</column>
<column name="inC_162_1">in, 32, ap_none, inC_162_1, scalar</column>
<column name="inC_161_1">in, 32, ap_none, inC_161_1, scalar</column>
<column name="inC_160_1">in, 32, ap_none, inC_160_1, scalar</column>
<column name="inC_159_1">in, 32, ap_none, inC_159_1, scalar</column>
<column name="inC_158_1">in, 32, ap_none, inC_158_1, scalar</column>
<column name="inC_157_1">in, 32, ap_none, inC_157_1, scalar</column>
<column name="inC_156_1">in, 32, ap_none, inC_156_1, scalar</column>
<column name="inC_155_1">in, 32, ap_none, inC_155_1, scalar</column>
<column name="inC_154_1">in, 32, ap_none, inC_154_1, scalar</column>
<column name="inC_153_1">in, 32, ap_none, inC_153_1, scalar</column>
<column name="inC_152_1">in, 32, ap_none, inC_152_1, scalar</column>
<column name="inC_151_1">in, 32, ap_none, inC_151_1, scalar</column>
<column name="inC_150_1">in, 32, ap_none, inC_150_1, scalar</column>
<column name="inC_149_1">in, 32, ap_none, inC_149_1, scalar</column>
<column name="inC_148_1">in, 32, ap_none, inC_148_1, scalar</column>
<column name="inC_147_1">in, 32, ap_none, inC_147_1, scalar</column>
<column name="inC_146_1">in, 32, ap_none, inC_146_1, scalar</column>
<column name="inC_145_1">in, 32, ap_none, inC_145_1, scalar</column>
<column name="inC_144_1">in, 32, ap_none, inC_144_1, scalar</column>
<column name="inC_143_1">in, 32, ap_none, inC_143_1, scalar</column>
<column name="inC_142_1">in, 32, ap_none, inC_142_1, scalar</column>
<column name="inC_141_1">in, 32, ap_none, inC_141_1, scalar</column>
<column name="inC_140_1">in, 32, ap_none, inC_140_1, scalar</column>
<column name="inC_139_1">in, 32, ap_none, inC_139_1, scalar</column>
<column name="inC_138_1">in, 32, ap_none, inC_138_1, scalar</column>
<column name="inC_137_1">in, 32, ap_none, inC_137_1, scalar</column>
<column name="inC_136_1">in, 32, ap_none, inC_136_1, scalar</column>
<column name="inC_135_1">in, 32, ap_none, inC_135_1, scalar</column>
<column name="inC_134_1">in, 32, ap_none, inC_134_1, scalar</column>
<column name="inC_133_1">in, 32, ap_none, inC_133_1, scalar</column>
<column name="inC_132_1">in, 32, ap_none, inC_132_1, scalar</column>
<column name="inC_131_1">in, 32, ap_none, inC_131_1, scalar</column>
<column name="inC_130_1">in, 32, ap_none, inC_130_1, scalar</column>
<column name="inC_129_1">in, 32, ap_none, inC_129_1, scalar</column>
<column name="inC_128_1">in, 32, ap_none, inC_128_1, scalar</column>
<column name="inC_127_1">in, 32, ap_none, inC_127_1, scalar</column>
<column name="inC_126_1">in, 32, ap_none, inC_126_1, scalar</column>
<column name="inC_125_1">in, 32, ap_none, inC_125_1, scalar</column>
<column name="inC_124_1">in, 32, ap_none, inC_124_1, scalar</column>
<column name="inC_123_1">in, 32, ap_none, inC_123_1, scalar</column>
<column name="inC_122_1">in, 32, ap_none, inC_122_1, scalar</column>
<column name="inC_121_1">in, 32, ap_none, inC_121_1, scalar</column>
<column name="inC_120_1">in, 32, ap_none, inC_120_1, scalar</column>
<column name="inC_119_1">in, 32, ap_none, inC_119_1, scalar</column>
<column name="inC_118_1">in, 32, ap_none, inC_118_1, scalar</column>
<column name="inC_117_1">in, 32, ap_none, inC_117_1, scalar</column>
<column name="inC_116_1">in, 32, ap_none, inC_116_1, scalar</column>
<column name="inC_115_1">in, 32, ap_none, inC_115_1, scalar</column>
<column name="inC_114_1">in, 32, ap_none, inC_114_1, scalar</column>
<column name="inC_113_1">in, 32, ap_none, inC_113_1, scalar</column>
<column name="inC_112_1">in, 32, ap_none, inC_112_1, scalar</column>
<column name="inC_111_1">in, 32, ap_none, inC_111_1, scalar</column>
<column name="inC_110_1">in, 32, ap_none, inC_110_1, scalar</column>
<column name="inC_109_1">in, 32, ap_none, inC_109_1, scalar</column>
<column name="inC_108_1">in, 32, ap_none, inC_108_1, scalar</column>
<column name="inC_107_1">in, 32, ap_none, inC_107_1, scalar</column>
<column name="inC_106_1">in, 32, ap_none, inC_106_1, scalar</column>
<column name="inC_105_1">in, 32, ap_none, inC_105_1, scalar</column>
<column name="inC_104_1">in, 32, ap_none, inC_104_1, scalar</column>
<column name="inC_103_1">in, 32, ap_none, inC_103_1, scalar</column>
<column name="inC_102_1">in, 32, ap_none, inC_102_1, scalar</column>
<column name="inC_101_1">in, 32, ap_none, inC_101_1, scalar</column>
<column name="inC_100_1">in, 32, ap_none, inC_100_1, scalar</column>
<column name="inC_99_1">in, 32, ap_none, inC_99_1, scalar</column>
<column name="inC_98_1">in, 32, ap_none, inC_98_1, scalar</column>
<column name="inC_97_1">in, 32, ap_none, inC_97_1, scalar</column>
<column name="inC_96_1">in, 32, ap_none, inC_96_1, scalar</column>
<column name="inC_95_1">in, 32, ap_none, inC_95_1, scalar</column>
<column name="inC_94_1">in, 32, ap_none, inC_94_1, scalar</column>
<column name="inC_93_1">in, 32, ap_none, inC_93_1, scalar</column>
<column name="inC_92_1">in, 32, ap_none, inC_92_1, scalar</column>
<column name="inC_91_1">in, 32, ap_none, inC_91_1, scalar</column>
<column name="inC_90_1">in, 32, ap_none, inC_90_1, scalar</column>
<column name="inC_89_1">in, 32, ap_none, inC_89_1, scalar</column>
<column name="inC_88_1">in, 32, ap_none, inC_88_1, scalar</column>
<column name="inC_87_1">in, 32, ap_none, inC_87_1, scalar</column>
<column name="inC_86_1">in, 32, ap_none, inC_86_1, scalar</column>
<column name="inC_85_1">in, 32, ap_none, inC_85_1, scalar</column>
<column name="inC_84_1">in, 32, ap_none, inC_84_1, scalar</column>
<column name="inC_83_1">in, 32, ap_none, inC_83_1, scalar</column>
<column name="inC_82_1">in, 32, ap_none, inC_82_1, scalar</column>
<column name="inC_81_1">in, 32, ap_none, inC_81_1, scalar</column>
<column name="inC_80_1">in, 32, ap_none, inC_80_1, scalar</column>
<column name="inC_79_1">in, 32, ap_none, inC_79_1, scalar</column>
<column name="inC_78_1">in, 32, ap_none, inC_78_1, scalar</column>
<column name="inC_77_1">in, 32, ap_none, inC_77_1, scalar</column>
<column name="inC_76_1">in, 32, ap_none, inC_76_1, scalar</column>
<column name="inC_75_1">in, 32, ap_none, inC_75_1, scalar</column>
<column name="inC_74_1">in, 32, ap_none, inC_74_1, scalar</column>
<column name="inC_73_1">in, 32, ap_none, inC_73_1, scalar</column>
<column name="inC_72_1">in, 32, ap_none, inC_72_1, scalar</column>
<column name="inC_71_1">in, 32, ap_none, inC_71_1, scalar</column>
<column name="inC_70_1">in, 32, ap_none, inC_70_1, scalar</column>
<column name="inC_69_1">in, 32, ap_none, inC_69_1, scalar</column>
<column name="inC_68_1">in, 32, ap_none, inC_68_1, scalar</column>
<column name="inC_67_1">in, 32, ap_none, inC_67_1, scalar</column>
<column name="inC_66_1">in, 32, ap_none, inC_66_1, scalar</column>
<column name="inC_65_1">in, 32, ap_none, inC_65_1, scalar</column>
<column name="inC_64_1">in, 32, ap_none, inC_64_1, scalar</column>
<column name="inC_63_1">in, 32, ap_none, inC_63_1, scalar</column>
<column name="inC_62_1">in, 32, ap_none, inC_62_1, scalar</column>
<column name="inC_61_1">in, 32, ap_none, inC_61_1, scalar</column>
<column name="inC_60_1">in, 32, ap_none, inC_60_1, scalar</column>
<column name="inC_59_1">in, 32, ap_none, inC_59_1, scalar</column>
<column name="inC_58_1">in, 32, ap_none, inC_58_1, scalar</column>
<column name="inC_57_1">in, 32, ap_none, inC_57_1, scalar</column>
<column name="inC_56_1">in, 32, ap_none, inC_56_1, scalar</column>
<column name="inC_55_1">in, 32, ap_none, inC_55_1, scalar</column>
<column name="inC_54_1">in, 32, ap_none, inC_54_1, scalar</column>
<column name="inC_53_1">in, 32, ap_none, inC_53_1, scalar</column>
<column name="inC_52_1">in, 32, ap_none, inC_52_1, scalar</column>
<column name="inC_51_1">in, 32, ap_none, inC_51_1, scalar</column>
<column name="inC_50_1">in, 32, ap_none, inC_50_1, scalar</column>
<column name="inC_49_1">in, 32, ap_none, inC_49_1, scalar</column>
<column name="inC_48_1">in, 32, ap_none, inC_48_1, scalar</column>
<column name="inC_47_1">in, 32, ap_none, inC_47_1, scalar</column>
<column name="inC_46_1">in, 32, ap_none, inC_46_1, scalar</column>
<column name="inC_45_1">in, 32, ap_none, inC_45_1, scalar</column>
<column name="inC_44_1">in, 32, ap_none, inC_44_1, scalar</column>
<column name="inC_43_1">in, 32, ap_none, inC_43_1, scalar</column>
<column name="inC_42_1">in, 32, ap_none, inC_42_1, scalar</column>
<column name="inC_41_1">in, 32, ap_none, inC_41_1, scalar</column>
<column name="inC_40_1">in, 32, ap_none, inC_40_1, scalar</column>
<column name="inC_39_1">in, 32, ap_none, inC_39_1, scalar</column>
<column name="inC_38_1">in, 32, ap_none, inC_38_1, scalar</column>
<column name="inC_37_1">in, 32, ap_none, inC_37_1, scalar</column>
<column name="inC_36_1">in, 32, ap_none, inC_36_1, scalar</column>
<column name="inC_35_1">in, 32, ap_none, inC_35_1, scalar</column>
<column name="inC_34_1">in, 32, ap_none, inC_34_1, scalar</column>
<column name="inC_33_1">in, 32, ap_none, inC_33_1, scalar</column>
<column name="inC_32_1">in, 32, ap_none, inC_32_1, scalar</column>
<column name="inC_31_1">in, 32, ap_none, inC_31_1, scalar</column>
<column name="inC_30_1">in, 32, ap_none, inC_30_1, scalar</column>
<column name="inC_29_1">in, 32, ap_none, inC_29_1, scalar</column>
<column name="inC_28_1">in, 32, ap_none, inC_28_1, scalar</column>
<column name="inC_27_1">in, 32, ap_none, inC_27_1, scalar</column>
<column name="inC_26_1">in, 32, ap_none, inC_26_1, scalar</column>
<column name="inC_25_1">in, 32, ap_none, inC_25_1, scalar</column>
<column name="inC_24_1">in, 32, ap_none, inC_24_1, scalar</column>
<column name="inC_23_1">in, 32, ap_none, inC_23_1, scalar</column>
<column name="inC_22_1">in, 32, ap_none, inC_22_1, scalar</column>
<column name="inC_21_1">in, 32, ap_none, inC_21_1, scalar</column>
<column name="inC_20_1">in, 32, ap_none, inC_20_1, scalar</column>
<column name="inC_19_1">in, 32, ap_none, inC_19_1, scalar</column>
<column name="inC_18_1">in, 32, ap_none, inC_18_1, scalar</column>
<column name="inC_17_1">in, 32, ap_none, inC_17_1, scalar</column>
<column name="inC_16_1">in, 32, ap_none, inC_16_1, scalar</column>
<column name="inC_15_1">in, 32, ap_none, inC_15_1, scalar</column>
<column name="inC_14_1">in, 32, ap_none, inC_14_1, scalar</column>
<column name="inC_13_1">in, 32, ap_none, inC_13_1, scalar</column>
<column name="inC_12_1">in, 32, ap_none, inC_12_1, scalar</column>
<column name="inC_11_1">in, 32, ap_none, inC_11_1, scalar</column>
<column name="inC_10_1">in, 32, ap_none, inC_10_1, scalar</column>
<column name="inC_9_1">in, 32, ap_none, inC_9_1, scalar</column>
<column name="inC_8_1">in, 32, ap_none, inC_8_1, scalar</column>
<column name="inC_7_1">in, 32, ap_none, inC_7_1, scalar</column>
<column name="inC_6_1">in, 32, ap_none, inC_6_1, scalar</column>
<column name="inC_5_1">in, 32, ap_none, inC_5_1, scalar</column>
<column name="inC_4_1">in, 32, ap_none, inC_4_1, scalar</column>
<column name="inC_3_1">in, 32, ap_none, inC_3_1, scalar</column>
<column name="inC_2_1">in, 32, ap_none, inC_2_1, scalar</column>
<column name="inC_1_1">in, 32, ap_none, inC_1_1, scalar</column>
<column name="inC_13070">in, 32, ap_none, inC_13070, scalar</column>
<column name="inC_255_2_out">out, 32, ap_vld, inC_255_2_out, pointer</column>
<column name="inC_255_2_out_ap_vld">out, 1, ap_vld, inC_255_2_out, pointer</column>
<column name="inC_254_2_out">out, 32, ap_vld, inC_254_2_out, pointer</column>
<column name="inC_254_2_out_ap_vld">out, 1, ap_vld, inC_254_2_out, pointer</column>
<column name="inC_253_2_out">out, 32, ap_vld, inC_253_2_out, pointer</column>
<column name="inC_253_2_out_ap_vld">out, 1, ap_vld, inC_253_2_out, pointer</column>
<column name="inC_252_2_out">out, 32, ap_vld, inC_252_2_out, pointer</column>
<column name="inC_252_2_out_ap_vld">out, 1, ap_vld, inC_252_2_out, pointer</column>
<column name="inC_251_2_out">out, 32, ap_vld, inC_251_2_out, pointer</column>
<column name="inC_251_2_out_ap_vld">out, 1, ap_vld, inC_251_2_out, pointer</column>
<column name="inC_250_2_out">out, 32, ap_vld, inC_250_2_out, pointer</column>
<column name="inC_250_2_out_ap_vld">out, 1, ap_vld, inC_250_2_out, pointer</column>
<column name="inC_249_2_out">out, 32, ap_vld, inC_249_2_out, pointer</column>
<column name="inC_249_2_out_ap_vld">out, 1, ap_vld, inC_249_2_out, pointer</column>
<column name="inC_248_2_out">out, 32, ap_vld, inC_248_2_out, pointer</column>
<column name="inC_248_2_out_ap_vld">out, 1, ap_vld, inC_248_2_out, pointer</column>
<column name="inC_247_2_out">out, 32, ap_vld, inC_247_2_out, pointer</column>
<column name="inC_247_2_out_ap_vld">out, 1, ap_vld, inC_247_2_out, pointer</column>
<column name="inC_246_2_out">out, 32, ap_vld, inC_246_2_out, pointer</column>
<column name="inC_246_2_out_ap_vld">out, 1, ap_vld, inC_246_2_out, pointer</column>
<column name="inC_245_2_out">out, 32, ap_vld, inC_245_2_out, pointer</column>
<column name="inC_245_2_out_ap_vld">out, 1, ap_vld, inC_245_2_out, pointer</column>
<column name="inC_244_2_out">out, 32, ap_vld, inC_244_2_out, pointer</column>
<column name="inC_244_2_out_ap_vld">out, 1, ap_vld, inC_244_2_out, pointer</column>
<column name="inC_243_2_out">out, 32, ap_vld, inC_243_2_out, pointer</column>
<column name="inC_243_2_out_ap_vld">out, 1, ap_vld, inC_243_2_out, pointer</column>
<column name="inC_242_2_out">out, 32, ap_vld, inC_242_2_out, pointer</column>
<column name="inC_242_2_out_ap_vld">out, 1, ap_vld, inC_242_2_out, pointer</column>
<column name="inC_241_2_out">out, 32, ap_vld, inC_241_2_out, pointer</column>
<column name="inC_241_2_out_ap_vld">out, 1, ap_vld, inC_241_2_out, pointer</column>
<column name="inC_240_2_out">out, 32, ap_vld, inC_240_2_out, pointer</column>
<column name="inC_240_2_out_ap_vld">out, 1, ap_vld, inC_240_2_out, pointer</column>
<column name="inC_239_2_out">out, 32, ap_vld, inC_239_2_out, pointer</column>
<column name="inC_239_2_out_ap_vld">out, 1, ap_vld, inC_239_2_out, pointer</column>
<column name="inC_238_2_out">out, 32, ap_vld, inC_238_2_out, pointer</column>
<column name="inC_238_2_out_ap_vld">out, 1, ap_vld, inC_238_2_out, pointer</column>
<column name="inC_237_2_out">out, 32, ap_vld, inC_237_2_out, pointer</column>
<column name="inC_237_2_out_ap_vld">out, 1, ap_vld, inC_237_2_out, pointer</column>
<column name="inC_236_2_out">out, 32, ap_vld, inC_236_2_out, pointer</column>
<column name="inC_236_2_out_ap_vld">out, 1, ap_vld, inC_236_2_out, pointer</column>
<column name="inC_235_2_out">out, 32, ap_vld, inC_235_2_out, pointer</column>
<column name="inC_235_2_out_ap_vld">out, 1, ap_vld, inC_235_2_out, pointer</column>
<column name="inC_234_2_out">out, 32, ap_vld, inC_234_2_out, pointer</column>
<column name="inC_234_2_out_ap_vld">out, 1, ap_vld, inC_234_2_out, pointer</column>
<column name="inC_233_2_out">out, 32, ap_vld, inC_233_2_out, pointer</column>
<column name="inC_233_2_out_ap_vld">out, 1, ap_vld, inC_233_2_out, pointer</column>
<column name="inC_232_2_out">out, 32, ap_vld, inC_232_2_out, pointer</column>
<column name="inC_232_2_out_ap_vld">out, 1, ap_vld, inC_232_2_out, pointer</column>
<column name="inC_231_2_out">out, 32, ap_vld, inC_231_2_out, pointer</column>
<column name="inC_231_2_out_ap_vld">out, 1, ap_vld, inC_231_2_out, pointer</column>
<column name="inC_230_2_out">out, 32, ap_vld, inC_230_2_out, pointer</column>
<column name="inC_230_2_out_ap_vld">out, 1, ap_vld, inC_230_2_out, pointer</column>
<column name="inC_229_2_out">out, 32, ap_vld, inC_229_2_out, pointer</column>
<column name="inC_229_2_out_ap_vld">out, 1, ap_vld, inC_229_2_out, pointer</column>
<column name="inC_228_2_out">out, 32, ap_vld, inC_228_2_out, pointer</column>
<column name="inC_228_2_out_ap_vld">out, 1, ap_vld, inC_228_2_out, pointer</column>
<column name="inC_227_2_out">out, 32, ap_vld, inC_227_2_out, pointer</column>
<column name="inC_227_2_out_ap_vld">out, 1, ap_vld, inC_227_2_out, pointer</column>
<column name="inC_226_2_out">out, 32, ap_vld, inC_226_2_out, pointer</column>
<column name="inC_226_2_out_ap_vld">out, 1, ap_vld, inC_226_2_out, pointer</column>
<column name="inC_225_2_out">out, 32, ap_vld, inC_225_2_out, pointer</column>
<column name="inC_225_2_out_ap_vld">out, 1, ap_vld, inC_225_2_out, pointer</column>
<column name="inC_224_2_out">out, 32, ap_vld, inC_224_2_out, pointer</column>
<column name="inC_224_2_out_ap_vld">out, 1, ap_vld, inC_224_2_out, pointer</column>
<column name="inC_223_2_out">out, 32, ap_vld, inC_223_2_out, pointer</column>
<column name="inC_223_2_out_ap_vld">out, 1, ap_vld, inC_223_2_out, pointer</column>
<column name="inC_222_2_out">out, 32, ap_vld, inC_222_2_out, pointer</column>
<column name="inC_222_2_out_ap_vld">out, 1, ap_vld, inC_222_2_out, pointer</column>
<column name="inC_221_2_out">out, 32, ap_vld, inC_221_2_out, pointer</column>
<column name="inC_221_2_out_ap_vld">out, 1, ap_vld, inC_221_2_out, pointer</column>
<column name="inC_220_2_out">out, 32, ap_vld, inC_220_2_out, pointer</column>
<column name="inC_220_2_out_ap_vld">out, 1, ap_vld, inC_220_2_out, pointer</column>
<column name="inC_219_2_out">out, 32, ap_vld, inC_219_2_out, pointer</column>
<column name="inC_219_2_out_ap_vld">out, 1, ap_vld, inC_219_2_out, pointer</column>
<column name="inC_218_2_out">out, 32, ap_vld, inC_218_2_out, pointer</column>
<column name="inC_218_2_out_ap_vld">out, 1, ap_vld, inC_218_2_out, pointer</column>
<column name="inC_217_2_out">out, 32, ap_vld, inC_217_2_out, pointer</column>
<column name="inC_217_2_out_ap_vld">out, 1, ap_vld, inC_217_2_out, pointer</column>
<column name="inC_216_2_out">out, 32, ap_vld, inC_216_2_out, pointer</column>
<column name="inC_216_2_out_ap_vld">out, 1, ap_vld, inC_216_2_out, pointer</column>
<column name="inC_215_2_out">out, 32, ap_vld, inC_215_2_out, pointer</column>
<column name="inC_215_2_out_ap_vld">out, 1, ap_vld, inC_215_2_out, pointer</column>
<column name="inC_214_2_out">out, 32, ap_vld, inC_214_2_out, pointer</column>
<column name="inC_214_2_out_ap_vld">out, 1, ap_vld, inC_214_2_out, pointer</column>
<column name="inC_213_2_out">out, 32, ap_vld, inC_213_2_out, pointer</column>
<column name="inC_213_2_out_ap_vld">out, 1, ap_vld, inC_213_2_out, pointer</column>
<column name="inC_212_2_out">out, 32, ap_vld, inC_212_2_out, pointer</column>
<column name="inC_212_2_out_ap_vld">out, 1, ap_vld, inC_212_2_out, pointer</column>
<column name="inC_211_2_out">out, 32, ap_vld, inC_211_2_out, pointer</column>
<column name="inC_211_2_out_ap_vld">out, 1, ap_vld, inC_211_2_out, pointer</column>
<column name="inC_210_2_out">out, 32, ap_vld, inC_210_2_out, pointer</column>
<column name="inC_210_2_out_ap_vld">out, 1, ap_vld, inC_210_2_out, pointer</column>
<column name="inC_209_2_out">out, 32, ap_vld, inC_209_2_out, pointer</column>
<column name="inC_209_2_out_ap_vld">out, 1, ap_vld, inC_209_2_out, pointer</column>
<column name="inC_208_2_out">out, 32, ap_vld, inC_208_2_out, pointer</column>
<column name="inC_208_2_out_ap_vld">out, 1, ap_vld, inC_208_2_out, pointer</column>
<column name="inC_207_2_out">out, 32, ap_vld, inC_207_2_out, pointer</column>
<column name="inC_207_2_out_ap_vld">out, 1, ap_vld, inC_207_2_out, pointer</column>
<column name="inC_206_2_out">out, 32, ap_vld, inC_206_2_out, pointer</column>
<column name="inC_206_2_out_ap_vld">out, 1, ap_vld, inC_206_2_out, pointer</column>
<column name="inC_205_2_out">out, 32, ap_vld, inC_205_2_out, pointer</column>
<column name="inC_205_2_out_ap_vld">out, 1, ap_vld, inC_205_2_out, pointer</column>
<column name="inC_204_2_out">out, 32, ap_vld, inC_204_2_out, pointer</column>
<column name="inC_204_2_out_ap_vld">out, 1, ap_vld, inC_204_2_out, pointer</column>
<column name="inC_203_2_out">out, 32, ap_vld, inC_203_2_out, pointer</column>
<column name="inC_203_2_out_ap_vld">out, 1, ap_vld, inC_203_2_out, pointer</column>
<column name="inC_202_2_out">out, 32, ap_vld, inC_202_2_out, pointer</column>
<column name="inC_202_2_out_ap_vld">out, 1, ap_vld, inC_202_2_out, pointer</column>
<column name="inC_201_2_out">out, 32, ap_vld, inC_201_2_out, pointer</column>
<column name="inC_201_2_out_ap_vld">out, 1, ap_vld, inC_201_2_out, pointer</column>
<column name="inC_200_2_out">out, 32, ap_vld, inC_200_2_out, pointer</column>
<column name="inC_200_2_out_ap_vld">out, 1, ap_vld, inC_200_2_out, pointer</column>
<column name="inC_199_2_out">out, 32, ap_vld, inC_199_2_out, pointer</column>
<column name="inC_199_2_out_ap_vld">out, 1, ap_vld, inC_199_2_out, pointer</column>
<column name="inC_198_2_out">out, 32, ap_vld, inC_198_2_out, pointer</column>
<column name="inC_198_2_out_ap_vld">out, 1, ap_vld, inC_198_2_out, pointer</column>
<column name="inC_197_2_out">out, 32, ap_vld, inC_197_2_out, pointer</column>
<column name="inC_197_2_out_ap_vld">out, 1, ap_vld, inC_197_2_out, pointer</column>
<column name="inC_196_2_out">out, 32, ap_vld, inC_196_2_out, pointer</column>
<column name="inC_196_2_out_ap_vld">out, 1, ap_vld, inC_196_2_out, pointer</column>
<column name="inC_195_2_out">out, 32, ap_vld, inC_195_2_out, pointer</column>
<column name="inC_195_2_out_ap_vld">out, 1, ap_vld, inC_195_2_out, pointer</column>
<column name="inC_194_2_out">out, 32, ap_vld, inC_194_2_out, pointer</column>
<column name="inC_194_2_out_ap_vld">out, 1, ap_vld, inC_194_2_out, pointer</column>
<column name="inC_193_2_out">out, 32, ap_vld, inC_193_2_out, pointer</column>
<column name="inC_193_2_out_ap_vld">out, 1, ap_vld, inC_193_2_out, pointer</column>
<column name="inC_192_2_out">out, 32, ap_vld, inC_192_2_out, pointer</column>
<column name="inC_192_2_out_ap_vld">out, 1, ap_vld, inC_192_2_out, pointer</column>
<column name="inC_191_2_out">out, 32, ap_vld, inC_191_2_out, pointer</column>
<column name="inC_191_2_out_ap_vld">out, 1, ap_vld, inC_191_2_out, pointer</column>
<column name="inC_190_2_out">out, 32, ap_vld, inC_190_2_out, pointer</column>
<column name="inC_190_2_out_ap_vld">out, 1, ap_vld, inC_190_2_out, pointer</column>
<column name="inC_189_2_out">out, 32, ap_vld, inC_189_2_out, pointer</column>
<column name="inC_189_2_out_ap_vld">out, 1, ap_vld, inC_189_2_out, pointer</column>
<column name="inC_188_2_out">out, 32, ap_vld, inC_188_2_out, pointer</column>
<column name="inC_188_2_out_ap_vld">out, 1, ap_vld, inC_188_2_out, pointer</column>
<column name="inC_187_2_out">out, 32, ap_vld, inC_187_2_out, pointer</column>
<column name="inC_187_2_out_ap_vld">out, 1, ap_vld, inC_187_2_out, pointer</column>
<column name="inC_186_2_out">out, 32, ap_vld, inC_186_2_out, pointer</column>
<column name="inC_186_2_out_ap_vld">out, 1, ap_vld, inC_186_2_out, pointer</column>
<column name="inC_185_2_out">out, 32, ap_vld, inC_185_2_out, pointer</column>
<column name="inC_185_2_out_ap_vld">out, 1, ap_vld, inC_185_2_out, pointer</column>
<column name="inC_184_2_out">out, 32, ap_vld, inC_184_2_out, pointer</column>
<column name="inC_184_2_out_ap_vld">out, 1, ap_vld, inC_184_2_out, pointer</column>
<column name="inC_183_2_out">out, 32, ap_vld, inC_183_2_out, pointer</column>
<column name="inC_183_2_out_ap_vld">out, 1, ap_vld, inC_183_2_out, pointer</column>
<column name="inC_182_2_out">out, 32, ap_vld, inC_182_2_out, pointer</column>
<column name="inC_182_2_out_ap_vld">out, 1, ap_vld, inC_182_2_out, pointer</column>
<column name="inC_181_2_out">out, 32, ap_vld, inC_181_2_out, pointer</column>
<column name="inC_181_2_out_ap_vld">out, 1, ap_vld, inC_181_2_out, pointer</column>
<column name="inC_180_2_out">out, 32, ap_vld, inC_180_2_out, pointer</column>
<column name="inC_180_2_out_ap_vld">out, 1, ap_vld, inC_180_2_out, pointer</column>
<column name="inC_179_2_out">out, 32, ap_vld, inC_179_2_out, pointer</column>
<column name="inC_179_2_out_ap_vld">out, 1, ap_vld, inC_179_2_out, pointer</column>
<column name="inC_178_2_out">out, 32, ap_vld, inC_178_2_out, pointer</column>
<column name="inC_178_2_out_ap_vld">out, 1, ap_vld, inC_178_2_out, pointer</column>
<column name="inC_177_2_out">out, 32, ap_vld, inC_177_2_out, pointer</column>
<column name="inC_177_2_out_ap_vld">out, 1, ap_vld, inC_177_2_out, pointer</column>
<column name="inC_176_2_out">out, 32, ap_vld, inC_176_2_out, pointer</column>
<column name="inC_176_2_out_ap_vld">out, 1, ap_vld, inC_176_2_out, pointer</column>
<column name="inC_175_2_out">out, 32, ap_vld, inC_175_2_out, pointer</column>
<column name="inC_175_2_out_ap_vld">out, 1, ap_vld, inC_175_2_out, pointer</column>
<column name="inC_174_2_out">out, 32, ap_vld, inC_174_2_out, pointer</column>
<column name="inC_174_2_out_ap_vld">out, 1, ap_vld, inC_174_2_out, pointer</column>
<column name="inC_173_2_out">out, 32, ap_vld, inC_173_2_out, pointer</column>
<column name="inC_173_2_out_ap_vld">out, 1, ap_vld, inC_173_2_out, pointer</column>
<column name="inC_172_2_out">out, 32, ap_vld, inC_172_2_out, pointer</column>
<column name="inC_172_2_out_ap_vld">out, 1, ap_vld, inC_172_2_out, pointer</column>
<column name="inC_171_2_out">out, 32, ap_vld, inC_171_2_out, pointer</column>
<column name="inC_171_2_out_ap_vld">out, 1, ap_vld, inC_171_2_out, pointer</column>
<column name="inC_170_2_out">out, 32, ap_vld, inC_170_2_out, pointer</column>
<column name="inC_170_2_out_ap_vld">out, 1, ap_vld, inC_170_2_out, pointer</column>
<column name="inC_169_2_out">out, 32, ap_vld, inC_169_2_out, pointer</column>
<column name="inC_169_2_out_ap_vld">out, 1, ap_vld, inC_169_2_out, pointer</column>
<column name="inC_168_2_out">out, 32, ap_vld, inC_168_2_out, pointer</column>
<column name="inC_168_2_out_ap_vld">out, 1, ap_vld, inC_168_2_out, pointer</column>
<column name="inC_167_2_out">out, 32, ap_vld, inC_167_2_out, pointer</column>
<column name="inC_167_2_out_ap_vld">out, 1, ap_vld, inC_167_2_out, pointer</column>
<column name="inC_166_2_out">out, 32, ap_vld, inC_166_2_out, pointer</column>
<column name="inC_166_2_out_ap_vld">out, 1, ap_vld, inC_166_2_out, pointer</column>
<column name="inC_165_2_out">out, 32, ap_vld, inC_165_2_out, pointer</column>
<column name="inC_165_2_out_ap_vld">out, 1, ap_vld, inC_165_2_out, pointer</column>
<column name="inC_164_2_out">out, 32, ap_vld, inC_164_2_out, pointer</column>
<column name="inC_164_2_out_ap_vld">out, 1, ap_vld, inC_164_2_out, pointer</column>
<column name="inC_163_2_out">out, 32, ap_vld, inC_163_2_out, pointer</column>
<column name="inC_163_2_out_ap_vld">out, 1, ap_vld, inC_163_2_out, pointer</column>
<column name="inC_162_2_out">out, 32, ap_vld, inC_162_2_out, pointer</column>
<column name="inC_162_2_out_ap_vld">out, 1, ap_vld, inC_162_2_out, pointer</column>
<column name="inC_161_2_out">out, 32, ap_vld, inC_161_2_out, pointer</column>
<column name="inC_161_2_out_ap_vld">out, 1, ap_vld, inC_161_2_out, pointer</column>
<column name="inC_160_2_out">out, 32, ap_vld, inC_160_2_out, pointer</column>
<column name="inC_160_2_out_ap_vld">out, 1, ap_vld, inC_160_2_out, pointer</column>
<column name="inC_159_2_out">out, 32, ap_vld, inC_159_2_out, pointer</column>
<column name="inC_159_2_out_ap_vld">out, 1, ap_vld, inC_159_2_out, pointer</column>
<column name="inC_158_2_out">out, 32, ap_vld, inC_158_2_out, pointer</column>
<column name="inC_158_2_out_ap_vld">out, 1, ap_vld, inC_158_2_out, pointer</column>
<column name="inC_157_2_out">out, 32, ap_vld, inC_157_2_out, pointer</column>
<column name="inC_157_2_out_ap_vld">out, 1, ap_vld, inC_157_2_out, pointer</column>
<column name="inC_156_2_out">out, 32, ap_vld, inC_156_2_out, pointer</column>
<column name="inC_156_2_out_ap_vld">out, 1, ap_vld, inC_156_2_out, pointer</column>
<column name="inC_155_2_out">out, 32, ap_vld, inC_155_2_out, pointer</column>
<column name="inC_155_2_out_ap_vld">out, 1, ap_vld, inC_155_2_out, pointer</column>
<column name="inC_154_2_out">out, 32, ap_vld, inC_154_2_out, pointer</column>
<column name="inC_154_2_out_ap_vld">out, 1, ap_vld, inC_154_2_out, pointer</column>
<column name="inC_153_2_out">out, 32, ap_vld, inC_153_2_out, pointer</column>
<column name="inC_153_2_out_ap_vld">out, 1, ap_vld, inC_153_2_out, pointer</column>
<column name="inC_152_2_out">out, 32, ap_vld, inC_152_2_out, pointer</column>
<column name="inC_152_2_out_ap_vld">out, 1, ap_vld, inC_152_2_out, pointer</column>
<column name="inC_151_2_out">out, 32, ap_vld, inC_151_2_out, pointer</column>
<column name="inC_151_2_out_ap_vld">out, 1, ap_vld, inC_151_2_out, pointer</column>
<column name="inC_150_2_out">out, 32, ap_vld, inC_150_2_out, pointer</column>
<column name="inC_150_2_out_ap_vld">out, 1, ap_vld, inC_150_2_out, pointer</column>
<column name="inC_149_2_out">out, 32, ap_vld, inC_149_2_out, pointer</column>
<column name="inC_149_2_out_ap_vld">out, 1, ap_vld, inC_149_2_out, pointer</column>
<column name="inC_148_2_out">out, 32, ap_vld, inC_148_2_out, pointer</column>
<column name="inC_148_2_out_ap_vld">out, 1, ap_vld, inC_148_2_out, pointer</column>
<column name="inC_147_2_out">out, 32, ap_vld, inC_147_2_out, pointer</column>
<column name="inC_147_2_out_ap_vld">out, 1, ap_vld, inC_147_2_out, pointer</column>
<column name="inC_146_2_out">out, 32, ap_vld, inC_146_2_out, pointer</column>
<column name="inC_146_2_out_ap_vld">out, 1, ap_vld, inC_146_2_out, pointer</column>
<column name="inC_145_2_out">out, 32, ap_vld, inC_145_2_out, pointer</column>
<column name="inC_145_2_out_ap_vld">out, 1, ap_vld, inC_145_2_out, pointer</column>
<column name="inC_144_2_out">out, 32, ap_vld, inC_144_2_out, pointer</column>
<column name="inC_144_2_out_ap_vld">out, 1, ap_vld, inC_144_2_out, pointer</column>
<column name="inC_143_2_out">out, 32, ap_vld, inC_143_2_out, pointer</column>
<column name="inC_143_2_out_ap_vld">out, 1, ap_vld, inC_143_2_out, pointer</column>
<column name="inC_142_2_out">out, 32, ap_vld, inC_142_2_out, pointer</column>
<column name="inC_142_2_out_ap_vld">out, 1, ap_vld, inC_142_2_out, pointer</column>
<column name="inC_141_2_out">out, 32, ap_vld, inC_141_2_out, pointer</column>
<column name="inC_141_2_out_ap_vld">out, 1, ap_vld, inC_141_2_out, pointer</column>
<column name="inC_140_2_out">out, 32, ap_vld, inC_140_2_out, pointer</column>
<column name="inC_140_2_out_ap_vld">out, 1, ap_vld, inC_140_2_out, pointer</column>
<column name="inC_139_2_out">out, 32, ap_vld, inC_139_2_out, pointer</column>
<column name="inC_139_2_out_ap_vld">out, 1, ap_vld, inC_139_2_out, pointer</column>
<column name="inC_138_2_out">out, 32, ap_vld, inC_138_2_out, pointer</column>
<column name="inC_138_2_out_ap_vld">out, 1, ap_vld, inC_138_2_out, pointer</column>
<column name="inC_137_2_out">out, 32, ap_vld, inC_137_2_out, pointer</column>
<column name="inC_137_2_out_ap_vld">out, 1, ap_vld, inC_137_2_out, pointer</column>
<column name="inC_136_2_out">out, 32, ap_vld, inC_136_2_out, pointer</column>
<column name="inC_136_2_out_ap_vld">out, 1, ap_vld, inC_136_2_out, pointer</column>
<column name="inC_135_2_out">out, 32, ap_vld, inC_135_2_out, pointer</column>
<column name="inC_135_2_out_ap_vld">out, 1, ap_vld, inC_135_2_out, pointer</column>
<column name="inC_134_2_out">out, 32, ap_vld, inC_134_2_out, pointer</column>
<column name="inC_134_2_out_ap_vld">out, 1, ap_vld, inC_134_2_out, pointer</column>
<column name="inC_133_2_out">out, 32, ap_vld, inC_133_2_out, pointer</column>
<column name="inC_133_2_out_ap_vld">out, 1, ap_vld, inC_133_2_out, pointer</column>
<column name="inC_132_2_out">out, 32, ap_vld, inC_132_2_out, pointer</column>
<column name="inC_132_2_out_ap_vld">out, 1, ap_vld, inC_132_2_out, pointer</column>
<column name="inC_131_2_out">out, 32, ap_vld, inC_131_2_out, pointer</column>
<column name="inC_131_2_out_ap_vld">out, 1, ap_vld, inC_131_2_out, pointer</column>
<column name="inC_130_2_out">out, 32, ap_vld, inC_130_2_out, pointer</column>
<column name="inC_130_2_out_ap_vld">out, 1, ap_vld, inC_130_2_out, pointer</column>
<column name="inC_129_2_out">out, 32, ap_vld, inC_129_2_out, pointer</column>
<column name="inC_129_2_out_ap_vld">out, 1, ap_vld, inC_129_2_out, pointer</column>
<column name="inC_128_2_out">out, 32, ap_vld, inC_128_2_out, pointer</column>
<column name="inC_128_2_out_ap_vld">out, 1, ap_vld, inC_128_2_out, pointer</column>
<column name="inC_127_2_out">out, 32, ap_vld, inC_127_2_out, pointer</column>
<column name="inC_127_2_out_ap_vld">out, 1, ap_vld, inC_127_2_out, pointer</column>
<column name="inC_126_2_out">out, 32, ap_vld, inC_126_2_out, pointer</column>
<column name="inC_126_2_out_ap_vld">out, 1, ap_vld, inC_126_2_out, pointer</column>
<column name="inC_125_2_out">out, 32, ap_vld, inC_125_2_out, pointer</column>
<column name="inC_125_2_out_ap_vld">out, 1, ap_vld, inC_125_2_out, pointer</column>
<column name="inC_124_2_out">out, 32, ap_vld, inC_124_2_out, pointer</column>
<column name="inC_124_2_out_ap_vld">out, 1, ap_vld, inC_124_2_out, pointer</column>
<column name="inC_123_2_out">out, 32, ap_vld, inC_123_2_out, pointer</column>
<column name="inC_123_2_out_ap_vld">out, 1, ap_vld, inC_123_2_out, pointer</column>
<column name="inC_122_2_out">out, 32, ap_vld, inC_122_2_out, pointer</column>
<column name="inC_122_2_out_ap_vld">out, 1, ap_vld, inC_122_2_out, pointer</column>
<column name="inC_121_2_out">out, 32, ap_vld, inC_121_2_out, pointer</column>
<column name="inC_121_2_out_ap_vld">out, 1, ap_vld, inC_121_2_out, pointer</column>
<column name="inC_120_2_out">out, 32, ap_vld, inC_120_2_out, pointer</column>
<column name="inC_120_2_out_ap_vld">out, 1, ap_vld, inC_120_2_out, pointer</column>
<column name="inC_119_2_out">out, 32, ap_vld, inC_119_2_out, pointer</column>
<column name="inC_119_2_out_ap_vld">out, 1, ap_vld, inC_119_2_out, pointer</column>
<column name="inC_118_2_out">out, 32, ap_vld, inC_118_2_out, pointer</column>
<column name="inC_118_2_out_ap_vld">out, 1, ap_vld, inC_118_2_out, pointer</column>
<column name="inC_117_2_out">out, 32, ap_vld, inC_117_2_out, pointer</column>
<column name="inC_117_2_out_ap_vld">out, 1, ap_vld, inC_117_2_out, pointer</column>
<column name="inC_116_2_out">out, 32, ap_vld, inC_116_2_out, pointer</column>
<column name="inC_116_2_out_ap_vld">out, 1, ap_vld, inC_116_2_out, pointer</column>
<column name="inC_115_2_out">out, 32, ap_vld, inC_115_2_out, pointer</column>
<column name="inC_115_2_out_ap_vld">out, 1, ap_vld, inC_115_2_out, pointer</column>
<column name="inC_114_2_out">out, 32, ap_vld, inC_114_2_out, pointer</column>
<column name="inC_114_2_out_ap_vld">out, 1, ap_vld, inC_114_2_out, pointer</column>
<column name="inC_113_2_out">out, 32, ap_vld, inC_113_2_out, pointer</column>
<column name="inC_113_2_out_ap_vld">out, 1, ap_vld, inC_113_2_out, pointer</column>
<column name="inC_112_2_out">out, 32, ap_vld, inC_112_2_out, pointer</column>
<column name="inC_112_2_out_ap_vld">out, 1, ap_vld, inC_112_2_out, pointer</column>
<column name="inC_111_2_out">out, 32, ap_vld, inC_111_2_out, pointer</column>
<column name="inC_111_2_out_ap_vld">out, 1, ap_vld, inC_111_2_out, pointer</column>
<column name="inC_110_2_out">out, 32, ap_vld, inC_110_2_out, pointer</column>
<column name="inC_110_2_out_ap_vld">out, 1, ap_vld, inC_110_2_out, pointer</column>
<column name="inC_109_2_out">out, 32, ap_vld, inC_109_2_out, pointer</column>
<column name="inC_109_2_out_ap_vld">out, 1, ap_vld, inC_109_2_out, pointer</column>
<column name="inC_108_2_out">out, 32, ap_vld, inC_108_2_out, pointer</column>
<column name="inC_108_2_out_ap_vld">out, 1, ap_vld, inC_108_2_out, pointer</column>
<column name="inC_107_2_out">out, 32, ap_vld, inC_107_2_out, pointer</column>
<column name="inC_107_2_out_ap_vld">out, 1, ap_vld, inC_107_2_out, pointer</column>
<column name="inC_106_2_out">out, 32, ap_vld, inC_106_2_out, pointer</column>
<column name="inC_106_2_out_ap_vld">out, 1, ap_vld, inC_106_2_out, pointer</column>
<column name="inC_105_2_out">out, 32, ap_vld, inC_105_2_out, pointer</column>
<column name="inC_105_2_out_ap_vld">out, 1, ap_vld, inC_105_2_out, pointer</column>
<column name="inC_104_2_out">out, 32, ap_vld, inC_104_2_out, pointer</column>
<column name="inC_104_2_out_ap_vld">out, 1, ap_vld, inC_104_2_out, pointer</column>
<column name="inC_103_2_out">out, 32, ap_vld, inC_103_2_out, pointer</column>
<column name="inC_103_2_out_ap_vld">out, 1, ap_vld, inC_103_2_out, pointer</column>
<column name="inC_102_2_out">out, 32, ap_vld, inC_102_2_out, pointer</column>
<column name="inC_102_2_out_ap_vld">out, 1, ap_vld, inC_102_2_out, pointer</column>
<column name="inC_101_2_out">out, 32, ap_vld, inC_101_2_out, pointer</column>
<column name="inC_101_2_out_ap_vld">out, 1, ap_vld, inC_101_2_out, pointer</column>
<column name="inC_100_2_out">out, 32, ap_vld, inC_100_2_out, pointer</column>
<column name="inC_100_2_out_ap_vld">out, 1, ap_vld, inC_100_2_out, pointer</column>
<column name="inC_99_2_out">out, 32, ap_vld, inC_99_2_out, pointer</column>
<column name="inC_99_2_out_ap_vld">out, 1, ap_vld, inC_99_2_out, pointer</column>
<column name="inC_98_2_out">out, 32, ap_vld, inC_98_2_out, pointer</column>
<column name="inC_98_2_out_ap_vld">out, 1, ap_vld, inC_98_2_out, pointer</column>
<column name="inC_97_2_out">out, 32, ap_vld, inC_97_2_out, pointer</column>
<column name="inC_97_2_out_ap_vld">out, 1, ap_vld, inC_97_2_out, pointer</column>
<column name="inC_96_2_out">out, 32, ap_vld, inC_96_2_out, pointer</column>
<column name="inC_96_2_out_ap_vld">out, 1, ap_vld, inC_96_2_out, pointer</column>
<column name="inC_95_2_out">out, 32, ap_vld, inC_95_2_out, pointer</column>
<column name="inC_95_2_out_ap_vld">out, 1, ap_vld, inC_95_2_out, pointer</column>
<column name="inC_94_2_out">out, 32, ap_vld, inC_94_2_out, pointer</column>
<column name="inC_94_2_out_ap_vld">out, 1, ap_vld, inC_94_2_out, pointer</column>
<column name="inC_93_2_out">out, 32, ap_vld, inC_93_2_out, pointer</column>
<column name="inC_93_2_out_ap_vld">out, 1, ap_vld, inC_93_2_out, pointer</column>
<column name="inC_92_2_out">out, 32, ap_vld, inC_92_2_out, pointer</column>
<column name="inC_92_2_out_ap_vld">out, 1, ap_vld, inC_92_2_out, pointer</column>
<column name="inC_91_2_out">out, 32, ap_vld, inC_91_2_out, pointer</column>
<column name="inC_91_2_out_ap_vld">out, 1, ap_vld, inC_91_2_out, pointer</column>
<column name="inC_90_2_out">out, 32, ap_vld, inC_90_2_out, pointer</column>
<column name="inC_90_2_out_ap_vld">out, 1, ap_vld, inC_90_2_out, pointer</column>
<column name="inC_89_2_out">out, 32, ap_vld, inC_89_2_out, pointer</column>
<column name="inC_89_2_out_ap_vld">out, 1, ap_vld, inC_89_2_out, pointer</column>
<column name="inC_88_2_out">out, 32, ap_vld, inC_88_2_out, pointer</column>
<column name="inC_88_2_out_ap_vld">out, 1, ap_vld, inC_88_2_out, pointer</column>
<column name="inC_87_2_out">out, 32, ap_vld, inC_87_2_out, pointer</column>
<column name="inC_87_2_out_ap_vld">out, 1, ap_vld, inC_87_2_out, pointer</column>
<column name="inC_86_2_out">out, 32, ap_vld, inC_86_2_out, pointer</column>
<column name="inC_86_2_out_ap_vld">out, 1, ap_vld, inC_86_2_out, pointer</column>
<column name="inC_85_2_out">out, 32, ap_vld, inC_85_2_out, pointer</column>
<column name="inC_85_2_out_ap_vld">out, 1, ap_vld, inC_85_2_out, pointer</column>
<column name="inC_84_2_out">out, 32, ap_vld, inC_84_2_out, pointer</column>
<column name="inC_84_2_out_ap_vld">out, 1, ap_vld, inC_84_2_out, pointer</column>
<column name="inC_83_2_out">out, 32, ap_vld, inC_83_2_out, pointer</column>
<column name="inC_83_2_out_ap_vld">out, 1, ap_vld, inC_83_2_out, pointer</column>
<column name="inC_82_2_out">out, 32, ap_vld, inC_82_2_out, pointer</column>
<column name="inC_82_2_out_ap_vld">out, 1, ap_vld, inC_82_2_out, pointer</column>
<column name="inC_81_2_out">out, 32, ap_vld, inC_81_2_out, pointer</column>
<column name="inC_81_2_out_ap_vld">out, 1, ap_vld, inC_81_2_out, pointer</column>
<column name="inC_80_2_out">out, 32, ap_vld, inC_80_2_out, pointer</column>
<column name="inC_80_2_out_ap_vld">out, 1, ap_vld, inC_80_2_out, pointer</column>
<column name="inC_79_2_out">out, 32, ap_vld, inC_79_2_out, pointer</column>
<column name="inC_79_2_out_ap_vld">out, 1, ap_vld, inC_79_2_out, pointer</column>
<column name="inC_78_2_out">out, 32, ap_vld, inC_78_2_out, pointer</column>
<column name="inC_78_2_out_ap_vld">out, 1, ap_vld, inC_78_2_out, pointer</column>
<column name="inC_77_2_out">out, 32, ap_vld, inC_77_2_out, pointer</column>
<column name="inC_77_2_out_ap_vld">out, 1, ap_vld, inC_77_2_out, pointer</column>
<column name="inC_76_2_out">out, 32, ap_vld, inC_76_2_out, pointer</column>
<column name="inC_76_2_out_ap_vld">out, 1, ap_vld, inC_76_2_out, pointer</column>
<column name="inC_75_2_out">out, 32, ap_vld, inC_75_2_out, pointer</column>
<column name="inC_75_2_out_ap_vld">out, 1, ap_vld, inC_75_2_out, pointer</column>
<column name="inC_74_2_out">out, 32, ap_vld, inC_74_2_out, pointer</column>
<column name="inC_74_2_out_ap_vld">out, 1, ap_vld, inC_74_2_out, pointer</column>
<column name="inC_73_2_out">out, 32, ap_vld, inC_73_2_out, pointer</column>
<column name="inC_73_2_out_ap_vld">out, 1, ap_vld, inC_73_2_out, pointer</column>
<column name="inC_72_2_out">out, 32, ap_vld, inC_72_2_out, pointer</column>
<column name="inC_72_2_out_ap_vld">out, 1, ap_vld, inC_72_2_out, pointer</column>
<column name="inC_71_2_out">out, 32, ap_vld, inC_71_2_out, pointer</column>
<column name="inC_71_2_out_ap_vld">out, 1, ap_vld, inC_71_2_out, pointer</column>
<column name="inC_70_2_out">out, 32, ap_vld, inC_70_2_out, pointer</column>
<column name="inC_70_2_out_ap_vld">out, 1, ap_vld, inC_70_2_out, pointer</column>
<column name="inC_69_2_out">out, 32, ap_vld, inC_69_2_out, pointer</column>
<column name="inC_69_2_out_ap_vld">out, 1, ap_vld, inC_69_2_out, pointer</column>
<column name="inC_68_2_out">out, 32, ap_vld, inC_68_2_out, pointer</column>
<column name="inC_68_2_out_ap_vld">out, 1, ap_vld, inC_68_2_out, pointer</column>
<column name="inC_67_2_out">out, 32, ap_vld, inC_67_2_out, pointer</column>
<column name="inC_67_2_out_ap_vld">out, 1, ap_vld, inC_67_2_out, pointer</column>
<column name="inC_66_2_out">out, 32, ap_vld, inC_66_2_out, pointer</column>
<column name="inC_66_2_out_ap_vld">out, 1, ap_vld, inC_66_2_out, pointer</column>
<column name="inC_65_2_out">out, 32, ap_vld, inC_65_2_out, pointer</column>
<column name="inC_65_2_out_ap_vld">out, 1, ap_vld, inC_65_2_out, pointer</column>
<column name="inC_64_2_out">out, 32, ap_vld, inC_64_2_out, pointer</column>
<column name="inC_64_2_out_ap_vld">out, 1, ap_vld, inC_64_2_out, pointer</column>
<column name="inC_63_2_out">out, 32, ap_vld, inC_63_2_out, pointer</column>
<column name="inC_63_2_out_ap_vld">out, 1, ap_vld, inC_63_2_out, pointer</column>
<column name="inC_62_2_out">out, 32, ap_vld, inC_62_2_out, pointer</column>
<column name="inC_62_2_out_ap_vld">out, 1, ap_vld, inC_62_2_out, pointer</column>
<column name="inC_61_2_out">out, 32, ap_vld, inC_61_2_out, pointer</column>
<column name="inC_61_2_out_ap_vld">out, 1, ap_vld, inC_61_2_out, pointer</column>
<column name="inC_60_2_out">out, 32, ap_vld, inC_60_2_out, pointer</column>
<column name="inC_60_2_out_ap_vld">out, 1, ap_vld, inC_60_2_out, pointer</column>
<column name="inC_59_2_out">out, 32, ap_vld, inC_59_2_out, pointer</column>
<column name="inC_59_2_out_ap_vld">out, 1, ap_vld, inC_59_2_out, pointer</column>
<column name="inC_58_2_out">out, 32, ap_vld, inC_58_2_out, pointer</column>
<column name="inC_58_2_out_ap_vld">out, 1, ap_vld, inC_58_2_out, pointer</column>
<column name="inC_57_2_out">out, 32, ap_vld, inC_57_2_out, pointer</column>
<column name="inC_57_2_out_ap_vld">out, 1, ap_vld, inC_57_2_out, pointer</column>
<column name="inC_56_2_out">out, 32, ap_vld, inC_56_2_out, pointer</column>
<column name="inC_56_2_out_ap_vld">out, 1, ap_vld, inC_56_2_out, pointer</column>
<column name="inC_55_2_out">out, 32, ap_vld, inC_55_2_out, pointer</column>
<column name="inC_55_2_out_ap_vld">out, 1, ap_vld, inC_55_2_out, pointer</column>
<column name="inC_54_2_out">out, 32, ap_vld, inC_54_2_out, pointer</column>
<column name="inC_54_2_out_ap_vld">out, 1, ap_vld, inC_54_2_out, pointer</column>
<column name="inC_53_2_out">out, 32, ap_vld, inC_53_2_out, pointer</column>
<column name="inC_53_2_out_ap_vld">out, 1, ap_vld, inC_53_2_out, pointer</column>
<column name="inC_52_2_out">out, 32, ap_vld, inC_52_2_out, pointer</column>
<column name="inC_52_2_out_ap_vld">out, 1, ap_vld, inC_52_2_out, pointer</column>
<column name="inC_51_2_out">out, 32, ap_vld, inC_51_2_out, pointer</column>
<column name="inC_51_2_out_ap_vld">out, 1, ap_vld, inC_51_2_out, pointer</column>
<column name="inC_50_2_out">out, 32, ap_vld, inC_50_2_out, pointer</column>
<column name="inC_50_2_out_ap_vld">out, 1, ap_vld, inC_50_2_out, pointer</column>
<column name="inC_49_2_out">out, 32, ap_vld, inC_49_2_out, pointer</column>
<column name="inC_49_2_out_ap_vld">out, 1, ap_vld, inC_49_2_out, pointer</column>
<column name="inC_48_2_out">out, 32, ap_vld, inC_48_2_out, pointer</column>
<column name="inC_48_2_out_ap_vld">out, 1, ap_vld, inC_48_2_out, pointer</column>
<column name="inC_47_2_out">out, 32, ap_vld, inC_47_2_out, pointer</column>
<column name="inC_47_2_out_ap_vld">out, 1, ap_vld, inC_47_2_out, pointer</column>
<column name="inC_46_2_out">out, 32, ap_vld, inC_46_2_out, pointer</column>
<column name="inC_46_2_out_ap_vld">out, 1, ap_vld, inC_46_2_out, pointer</column>
<column name="inC_45_2_out">out, 32, ap_vld, inC_45_2_out, pointer</column>
<column name="inC_45_2_out_ap_vld">out, 1, ap_vld, inC_45_2_out, pointer</column>
<column name="inC_44_2_out">out, 32, ap_vld, inC_44_2_out, pointer</column>
<column name="inC_44_2_out_ap_vld">out, 1, ap_vld, inC_44_2_out, pointer</column>
<column name="inC_43_2_out">out, 32, ap_vld, inC_43_2_out, pointer</column>
<column name="inC_43_2_out_ap_vld">out, 1, ap_vld, inC_43_2_out, pointer</column>
<column name="inC_42_2_out">out, 32, ap_vld, inC_42_2_out, pointer</column>
<column name="inC_42_2_out_ap_vld">out, 1, ap_vld, inC_42_2_out, pointer</column>
<column name="inC_41_2_out">out, 32, ap_vld, inC_41_2_out, pointer</column>
<column name="inC_41_2_out_ap_vld">out, 1, ap_vld, inC_41_2_out, pointer</column>
<column name="inC_40_2_out">out, 32, ap_vld, inC_40_2_out, pointer</column>
<column name="inC_40_2_out_ap_vld">out, 1, ap_vld, inC_40_2_out, pointer</column>
<column name="inC_39_2_out">out, 32, ap_vld, inC_39_2_out, pointer</column>
<column name="inC_39_2_out_ap_vld">out, 1, ap_vld, inC_39_2_out, pointer</column>
<column name="inC_38_2_out">out, 32, ap_vld, inC_38_2_out, pointer</column>
<column name="inC_38_2_out_ap_vld">out, 1, ap_vld, inC_38_2_out, pointer</column>
<column name="inC_37_2_out">out, 32, ap_vld, inC_37_2_out, pointer</column>
<column name="inC_37_2_out_ap_vld">out, 1, ap_vld, inC_37_2_out, pointer</column>
<column name="inC_36_2_out">out, 32, ap_vld, inC_36_2_out, pointer</column>
<column name="inC_36_2_out_ap_vld">out, 1, ap_vld, inC_36_2_out, pointer</column>
<column name="inC_35_2_out">out, 32, ap_vld, inC_35_2_out, pointer</column>
<column name="inC_35_2_out_ap_vld">out, 1, ap_vld, inC_35_2_out, pointer</column>
<column name="inC_34_2_out">out, 32, ap_vld, inC_34_2_out, pointer</column>
<column name="inC_34_2_out_ap_vld">out, 1, ap_vld, inC_34_2_out, pointer</column>
<column name="inC_33_2_out">out, 32, ap_vld, inC_33_2_out, pointer</column>
<column name="inC_33_2_out_ap_vld">out, 1, ap_vld, inC_33_2_out, pointer</column>
<column name="inC_32_2_out">out, 32, ap_vld, inC_32_2_out, pointer</column>
<column name="inC_32_2_out_ap_vld">out, 1, ap_vld, inC_32_2_out, pointer</column>
<column name="inC_31_2_out">out, 32, ap_vld, inC_31_2_out, pointer</column>
<column name="inC_31_2_out_ap_vld">out, 1, ap_vld, inC_31_2_out, pointer</column>
<column name="inC_30_2_out">out, 32, ap_vld, inC_30_2_out, pointer</column>
<column name="inC_30_2_out_ap_vld">out, 1, ap_vld, inC_30_2_out, pointer</column>
<column name="inC_29_2_out">out, 32, ap_vld, inC_29_2_out, pointer</column>
<column name="inC_29_2_out_ap_vld">out, 1, ap_vld, inC_29_2_out, pointer</column>
<column name="inC_28_2_out">out, 32, ap_vld, inC_28_2_out, pointer</column>
<column name="inC_28_2_out_ap_vld">out, 1, ap_vld, inC_28_2_out, pointer</column>
<column name="inC_27_2_out">out, 32, ap_vld, inC_27_2_out, pointer</column>
<column name="inC_27_2_out_ap_vld">out, 1, ap_vld, inC_27_2_out, pointer</column>
<column name="inC_26_2_out">out, 32, ap_vld, inC_26_2_out, pointer</column>
<column name="inC_26_2_out_ap_vld">out, 1, ap_vld, inC_26_2_out, pointer</column>
<column name="inC_25_2_out">out, 32, ap_vld, inC_25_2_out, pointer</column>
<column name="inC_25_2_out_ap_vld">out, 1, ap_vld, inC_25_2_out, pointer</column>
<column name="inC_24_2_out">out, 32, ap_vld, inC_24_2_out, pointer</column>
<column name="inC_24_2_out_ap_vld">out, 1, ap_vld, inC_24_2_out, pointer</column>
<column name="inC_23_2_out">out, 32, ap_vld, inC_23_2_out, pointer</column>
<column name="inC_23_2_out_ap_vld">out, 1, ap_vld, inC_23_2_out, pointer</column>
<column name="inC_22_2_out">out, 32, ap_vld, inC_22_2_out, pointer</column>
<column name="inC_22_2_out_ap_vld">out, 1, ap_vld, inC_22_2_out, pointer</column>
<column name="inC_21_2_out">out, 32, ap_vld, inC_21_2_out, pointer</column>
<column name="inC_21_2_out_ap_vld">out, 1, ap_vld, inC_21_2_out, pointer</column>
<column name="inC_20_2_out">out, 32, ap_vld, inC_20_2_out, pointer</column>
<column name="inC_20_2_out_ap_vld">out, 1, ap_vld, inC_20_2_out, pointer</column>
<column name="inC_19_2_out">out, 32, ap_vld, inC_19_2_out, pointer</column>
<column name="inC_19_2_out_ap_vld">out, 1, ap_vld, inC_19_2_out, pointer</column>
<column name="inC_18_2_out">out, 32, ap_vld, inC_18_2_out, pointer</column>
<column name="inC_18_2_out_ap_vld">out, 1, ap_vld, inC_18_2_out, pointer</column>
<column name="inC_17_2_out">out, 32, ap_vld, inC_17_2_out, pointer</column>
<column name="inC_17_2_out_ap_vld">out, 1, ap_vld, inC_17_2_out, pointer</column>
<column name="inC_16_2_out">out, 32, ap_vld, inC_16_2_out, pointer</column>
<column name="inC_16_2_out_ap_vld">out, 1, ap_vld, inC_16_2_out, pointer</column>
<column name="inC_15_2_out">out, 32, ap_vld, inC_15_2_out, pointer</column>
<column name="inC_15_2_out_ap_vld">out, 1, ap_vld, inC_15_2_out, pointer</column>
<column name="inC_14_2_out">out, 32, ap_vld, inC_14_2_out, pointer</column>
<column name="inC_14_2_out_ap_vld">out, 1, ap_vld, inC_14_2_out, pointer</column>
<column name="inC_13_2_out">out, 32, ap_vld, inC_13_2_out, pointer</column>
<column name="inC_13_2_out_ap_vld">out, 1, ap_vld, inC_13_2_out, pointer</column>
<column name="inC_12_2_out">out, 32, ap_vld, inC_12_2_out, pointer</column>
<column name="inC_12_2_out_ap_vld">out, 1, ap_vld, inC_12_2_out, pointer</column>
<column name="inC_11_2_out">out, 32, ap_vld, inC_11_2_out, pointer</column>
<column name="inC_11_2_out_ap_vld">out, 1, ap_vld, inC_11_2_out, pointer</column>
<column name="inC_10_2_out">out, 32, ap_vld, inC_10_2_out, pointer</column>
<column name="inC_10_2_out_ap_vld">out, 1, ap_vld, inC_10_2_out, pointer</column>
<column name="inC_9_2_out">out, 32, ap_vld, inC_9_2_out, pointer</column>
<column name="inC_9_2_out_ap_vld">out, 1, ap_vld, inC_9_2_out, pointer</column>
<column name="inC_8_2_out">out, 32, ap_vld, inC_8_2_out, pointer</column>
<column name="inC_8_2_out_ap_vld">out, 1, ap_vld, inC_8_2_out, pointer</column>
<column name="inC_7_2_out">out, 32, ap_vld, inC_7_2_out, pointer</column>
<column name="inC_7_2_out_ap_vld">out, 1, ap_vld, inC_7_2_out, pointer</column>
<column name="inC_6_2_out">out, 32, ap_vld, inC_6_2_out, pointer</column>
<column name="inC_6_2_out_ap_vld">out, 1, ap_vld, inC_6_2_out, pointer</column>
<column name="inC_5_2_out">out, 32, ap_vld, inC_5_2_out, pointer</column>
<column name="inC_5_2_out_ap_vld">out, 1, ap_vld, inC_5_2_out, pointer</column>
<column name="inC_4_2_out">out, 32, ap_vld, inC_4_2_out, pointer</column>
<column name="inC_4_2_out_ap_vld">out, 1, ap_vld, inC_4_2_out, pointer</column>
<column name="inC_3_2_out">out, 32, ap_vld, inC_3_2_out, pointer</column>
<column name="inC_3_2_out_ap_vld">out, 1, ap_vld, inC_3_2_out, pointer</column>
<column name="inC_2_2_out">out, 32, ap_vld, inC_2_2_out, pointer</column>
<column name="inC_2_2_out_ap_vld">out, 1, ap_vld, inC_2_2_out, pointer</column>
<column name="inC_1_2_out">out, 32, ap_vld, inC_1_2_out, pointer</column>
<column name="inC_1_2_out_ap_vld">out, 1, ap_vld, inC_1_2_out, pointer</column>
<column name="inC_23071_out">out, 32, ap_vld, inC_23071_out, pointer</column>
<column name="inC_23071_out_ap_vld">out, 1, ap_vld, inC_23071_out, pointer</column>
</table>
</item>
</section>
</profile>
