<profile>

<section name = "Vitis HLS Report for 'mmult_Pipeline_readB'" level="0">
<item name = "Date">Thu Dec 26 01:54:23 2024
</item>
<item name = "Version">2022.1 (Build 3526262 on Mon Apr 18 15:47:01 MDT 2022)</item>
<item name = "Project">q_matmul_k</item>
<item name = "Solution">solution1 (Vivado IP Flow Target)</item>
<item name = "Product family">virtexuplus</item>
<item name = "Target device">xcu50-fsvh2104-2-e</item>
</section>

<section name = "Performance Estimates" level="0">
<item name = "Timing">
<section name = "" level="1">
<item name = "Summary"><table name="" hasTotal="0">
<keys size="4">Clock, Target, Estimated, Uncertainty</keys>
<column name="ap_clk">10.00 ns, 7.300 ns, 2.70 ns</column>
</table>
</item>
</section>
</item>
<item name = "Latency">
<section name = "" level="1">
<item name = "Summary"><table name="" hasTotal="0">
<keys size="8">, min, max, min, max, min, max, Type</keys>
<column name="">12618, 12618, 0.126 ms, 0.126 ms, 12618, 12618, no</column>
</table>
</item>
<item name = "Detail">
<section name = "" level="1">
<item name = "Instance"><table name="" hasTotal="0">
<keys size="9">Instance, Module, min, max, min, max, min, max, Type</keys>
</table>
</item>
<item name = "Loop"><table name="" hasTotal="0">
<keys size="8">Loop Name, min, max, Latency, achieved, target, Count, Pipelined</keys>
<column name="- readB">12610, 12610, 4, 1, 1, 12608, yes</column>
</table>
</item>
</section>
</item>
</section>
</item>
</section>

<section name = "Utilization Estimates" level="0">
<item name = "Summary"><table name="" hasTotal="1">
<keys size="6">Name, BRAM_18K, DSP, FF, LUT, URAM</keys>
<column name="DSP">-, 1, -, -, -</column>
<column name="Expression">-, -, 0, 201, -</column>
<column name="FIFO">-, -, -, -, -</column>
<column name="Instance">-, -, -, -, -</column>
<column name="Memory">-, -, -, -, -</column>
<column name="Multiplexer">-, -, -, 117, -</column>
<column name="Register">-, -, 211, 32, -</column>
<specialColumn name="Available SLR">1344, 2976, 871680, 435840, 320</specialColumn>
<specialColumn name="Utilization SLR (%)">0, ~0, ~0, ~0, 0</specialColumn>
<specialColumn name="Available">2688, 5952, 1743360, 871680, 640</specialColumn>
<specialColumn name="Utilization (%)">0, ~0, ~0, ~0, 0</specialColumn>
</table>
</item>
<item name = "Detail">
<section name = "" level="1">
<item name = "Instance"><table name="" hasTotal="1">
<keys size="7">Instance, Module, BRAM_18K, DSP, FF, LUT, URAM</keys>
</table>
</item>
<item name = "DSP"><table name="" hasTotal="0">
<keys size="3">Instance, Module, Expression</keys>
<column name="mac_muladd_10s_4ns_10ns_10_4_1_U68">mac_muladd_10s_4ns_10ns_10_4_1, i0 * i1 + i2</column>
</table>
</item>
<item name = "Memory"><table name="" hasTotal="1">
<keys size="10">Memory, Module, BRAM_18K, FF, LUT, URAM, Words, Bits, Banks, W*Bits*Banks</keys>
</table>
</item>
<item name = "FIFO"><table name="" hasTotal="1">
<keys size="8">Name, BRAM_18K, FF, LUT, URAM, Depth, Bits, Size:D*B</keys>
</table>
</item>
<item name = "Expression"><table name="" hasTotal="1">
<keys size="7">Variable Name, Operation, DSP, FF, LUT, Bitwidth P0, Bitwidth P1</keys>
<column name="add_ln62_fu_477_p2">+, 0, 0, 21, 14, 1</column>
<column name="add_ln65_fu_495_p2">+, 0, 0, 39, 32, 1</column>
<column name="j_3_fu_535_p2">+, 0, 0, 39, 32, 1</column>
<column name="ap_block_pp0_stage0_11001">and, 0, 0, 2, 1, 1</column>
<column name="icmp_ln62_fu_471_p2">icmp, 0, 0, 12, 14, 13</column>
<column name="icmp_ln64_fu_489_p2">icmp, 0, 0, 20, 32, 8</column>
<column name="i_fu_509_p3">select, 0, 0, 32, 1, 32</column>
<column name="j_fu_501_p3">select, 0, 0, 32, 1, 1</column>
<column name="ap_enable_pp0">xor, 0, 0, 2, 1, 2</column>
<column name="ap_enable_reg_pp0_iter1">xor, 0, 0, 2, 2, 1</column>
</table>
</item>
<item name = "Multiplexer"><table name="" hasTotal="1">
<keys size="5">Name, LUT, Input Size, Bits, Total Bits</keys>
<column name="ap_NS_fsm">54, 10, 1, 10</column>
<column name="ap_enable_reg_pp0_iter1">9, 2, 1, 2</column>
<column name="ap_enable_reg_pp0_iter3">9, 2, 1, 2</column>
<column name="gmem1_blk_n_AR">9, 2, 1, 2</column>
<column name="gmem1_blk_n_R">9, 2, 1, 2</column>
<column name="i_1_fu_138">9, 2, 32, 64</column>
<column name="j_2_fu_134">9, 2, 32, 64</column>
<column name="loc_1_fu_142">9, 2, 14, 28</column>
</table>
</item>
<item name = "Register"><table name="" hasTotal="1">
<keys size="5">Name, FF, LUT, Bits, Const Bits</keys>
<column name="ap_CS_fsm">9, 0, 9, 0</column>
<column name="ap_enable_reg_pp0_iter0">1, 0, 1, 0</column>
<column name="ap_enable_reg_pp0_iter1">1, 0, 1, 0</column>
<column name="ap_enable_reg_pp0_iter2">1, 0, 1, 0</column>
<column name="ap_enable_reg_pp0_iter3">1, 0, 1, 0</column>
<column name="bitcast_ln68_reg_631">32, 0, 32, 0</column>
<column name="i_1_fu_138">32, 0, 32, 0</column>
<column name="j_2_fu_134">32, 0, 32, 0</column>
<column name="loc_1_fu_142">14, 0, 14, 0</column>
<column name="lshr_ln_reg_622">10, 0, 10, 0</column>
<column name="lshr_ln_reg_622_pp0_iter1_reg">10, 0, 10, 0</column>
<column name="trunc_ln68_1_reg_627">4, 0, 4, 0</column>
<column name="trunc_ln68_1_reg_627">64, 32, 4, 0</column>
</table>
</item>
</section>
</item>
</section>

<section name = "Interface" level="0">
<item name = "Summary"><table name="" hasTotal="0">
<keys size="6">RTL Ports, Dir, Bits, Protocol, Source Object, C Type</keys>
<column name="ap_clk">in, 1, ap_ctrl_hs, mmult_Pipeline_readB, return value</column>
<column name="ap_rst">in, 1, ap_ctrl_hs, mmult_Pipeline_readB, return value</column>
<column name="ap_start">in, 1, ap_ctrl_hs, mmult_Pipeline_readB, return value</column>
<column name="ap_done">out, 1, ap_ctrl_hs, mmult_Pipeline_readB, return value</column>
<column name="ap_idle">out, 1, ap_ctrl_hs, mmult_Pipeline_readB, return value</column>
<column name="ap_ready">out, 1, ap_ctrl_hs, mmult_Pipeline_readB, return value</column>
<column name="m_axi_gmem1_AWVALID">out, 1, m_axi, gmem1, pointer</column>
<column name="m_axi_gmem1_AWREADY">in, 1, m_axi, gmem1, pointer</column>
<column name="m_axi_gmem1_AWADDR">out, 64, m_axi, gmem1, pointer</column>
<column name="m_axi_gmem1_AWID">out, 1, m_axi, gmem1, pointer</column>
<column name="m_axi_gmem1_AWLEN">out, 32, m_axi, gmem1, pointer</column>
<column name="m_axi_gmem1_AWSIZE">out, 3, m_axi, gmem1, pointer</column>
<column name="m_axi_gmem1_AWBURST">out, 2, m_axi, gmem1, pointer</column>
<column name="m_axi_gmem1_AWLOCK">out, 2, m_axi, gmem1, pointer</column>
<column name="m_axi_gmem1_AWCACHE">out, 4, m_axi, gmem1, pointer</column>
<column name="m_axi_gmem1_AWPROT">out, 3, m_axi, gmem1, pointer</column>
<column name="m_axi_gmem1_AWQOS">out, 4, m_axi, gmem1, pointer</column>
<column name="m_axi_gmem1_AWREGION">out, 4, m_axi, gmem1, pointer</column>
<column name="m_axi_gmem1_AWUSER">out, 1, m_axi, gmem1, pointer</column>
<column name="m_axi_gmem1_WVALID">out, 1, m_axi, gmem1, pointer</column>
<column name="m_axi_gmem1_WREADY">in, 1, m_axi, gmem1, pointer</column>
<column name="m_axi_gmem1_WDATA">out, 32, m_axi, gmem1, pointer</column>
<column name="m_axi_gmem1_WSTRB">out, 4, m_axi, gmem1, pointer</column>
<column name="m_axi_gmem1_WLAST">out, 1, m_axi, gmem1, pointer</column>
<column name="m_axi_gmem1_WID">out, 1, m_axi, gmem1, pointer</column>
<column name="m_axi_gmem1_WUSER">out, 1, m_axi, gmem1, pointer</column>
<column name="m_axi_gmem1_ARVALID">out, 1, m_axi, gmem1, pointer</column>
<column name="m_axi_gmem1_ARREADY">in, 1, m_axi, gmem1, pointer</column>
<column name="m_axi_gmem1_ARADDR">out, 64, m_axi, gmem1, pointer</column>
<column name="m_axi_gmem1_ARID">out, 1, m_axi, gmem1, pointer</column>
<column name="m_axi_gmem1_ARLEN">out, 32, m_axi, gmem1, pointer</column>
<column name="m_axi_gmem1_ARSIZE">out, 3, m_axi, gmem1, pointer</column>
<column name="m_axi_gmem1_ARBURST">out, 2, m_axi, gmem1, pointer</column>
<column name="m_axi_gmem1_ARLOCK">out, 2, m_axi, gmem1, pointer</column>
<column name="m_axi_gmem1_ARCACHE">out, 4, m_axi, gmem1, pointer</column>
<column name="m_axi_gmem1_ARPROT">out, 3, m_axi, gmem1, pointer</column>
<column name="m_axi_gmem1_ARQOS">out, 4, m_axi, gmem1, pointer</column>
<column name="m_axi_gmem1_ARREGION">out, 4, m_axi, gmem1, pointer</column>
<column name="m_axi_gmem1_ARUSER">out, 1, m_axi, gmem1, pointer</column>
<column name="m_axi_gmem1_RVALID">in, 1, m_axi, gmem1, pointer</column>
<column name="m_axi_gmem1_RREADY">out, 1, m_axi, gmem1, pointer</column>
<column name="m_axi_gmem1_RDATA">in, 32, m_axi, gmem1, pointer</column>
<column name="m_axi_gmem1_RLAST">in, 1, m_axi, gmem1, pointer</column>
<column name="m_axi_gmem1_RID">in, 1, m_axi, gmem1, pointer</column>
<column name="m_axi_gmem1_RFIFONUM">in, 9, m_axi, gmem1, pointer</column>
<column name="m_axi_gmem1_RUSER">in, 1, m_axi, gmem1, pointer</column>
<column name="m_axi_gmem1_RRESP">in, 2, m_axi, gmem1, pointer</column>
<column name="m_axi_gmem1_BVALID">in, 1, m_axi, gmem1, pointer</column>
<column name="m_axi_gmem1_BREADY">out, 1, m_axi, gmem1, pointer</column>
<column name="m_axi_gmem1_BRESP">in, 2, m_axi, gmem1, pointer</column>
<column name="m_axi_gmem1_BID">in, 1, m_axi, gmem1, pointer</column>
<column name="m_axi_gmem1_BUSER">in, 1, m_axi, gmem1, pointer</column>
<column name="sext_ln68">in, 62, ap_none, sext_ln68, scalar</column>
<column name="b">in, 64, ap_none, b, scalar</column>
<column name="localB_address1">out, 10, ap_memory, localB, array</column>
<column name="localB_ce1">out, 1, ap_memory, localB, array</column>
<column name="localB_we1">out, 1, ap_memory, localB, array</column>
<column name="localB_d1">out, 32, ap_memory, localB, array</column>
<column name="localB_10_address1">out, 10, ap_memory, localB_10, array</column>
<column name="localB_10_ce1">out, 1, ap_memory, localB_10, array</column>
<column name="localB_10_we1">out, 1, ap_memory, localB_10, array</column>
<column name="localB_10_d1">out, 32, ap_memory, localB_10, array</column>
<column name="localB_11_address1">out, 10, ap_memory, localB_11, array</column>
<column name="localB_11_ce1">out, 1, ap_memory, localB_11, array</column>
<column name="localB_11_we1">out, 1, ap_memory, localB_11, array</column>
<column name="localB_11_d1">out, 32, ap_memory, localB_11, array</column>
<column name="localB_12_address1">out, 10, ap_memory, localB_12, array</column>
<column name="localB_12_ce1">out, 1, ap_memory, localB_12, array</column>
<column name="localB_12_we1">out, 1, ap_memory, localB_12, array</column>
<column name="localB_12_d1">out, 32, ap_memory, localB_12, array</column>
<column name="localB_13_address1">out, 10, ap_memory, localB_13, array</column>
<column name="localB_13_ce1">out, 1, ap_memory, localB_13, array</column>
<column name="localB_13_we1">out, 1, ap_memory, localB_13, array</column>
<column name="localB_13_d1">out, 32, ap_memory, localB_13, array</column>
<column name="localB_14_address1">out, 10, ap_memory, localB_14, array</column>
<column name="localB_14_ce1">out, 1, ap_memory, localB_14, array</column>
<column name="localB_14_we1">out, 1, ap_memory, localB_14, array</column>
<column name="localB_14_d1">out, 32, ap_memory, localB_14, array</column>
<column name="localB_15_address1">out, 10, ap_memory, localB_15, array</column>
<column name="localB_15_ce1">out, 1, ap_memory, localB_15, array</column>
<column name="localB_15_we1">out, 1, ap_memory, localB_15, array</column>
<column name="localB_15_d1">out, 32, ap_memory, localB_15, array</column>
<column name="localB_16_address1">out, 10, ap_memory, localB_16, array</column>
<column name="localB_16_ce1">out, 1, ap_memory, localB_16, array</column>
<column name="localB_16_we1">out, 1, ap_memory, localB_16, array</column>
<column name="localB_16_d1">out, 32, ap_memory, localB_16, array</column>
<column name="localB_17_address1">out, 10, ap_memory, localB_17, array</column>
<column name="localB_17_ce1">out, 1, ap_memory, localB_17, array</column>
<column name="localB_17_we1">out, 1, ap_memory, localB_17, array</column>
<column name="localB_17_d1">out, 32, ap_memory, localB_17, array</column>
<column name="localB_18_address1">out, 10, ap_memory, localB_18, array</column>
<column name="localB_18_ce1">out, 1, ap_memory, localB_18, array</column>
<column name="localB_18_we1">out, 1, ap_memory, localB_18, array</column>
<column name="localB_18_d1">out, 32, ap_memory, localB_18, array</column>
<column name="p_ZZ5mmultE6localB_10_address1">out, 10, ap_memory, p_ZZ5mmultE6localB_10, array</column>
<column name="p_ZZ5mmultE6localB_10_ce1">out, 1, ap_memory, p_ZZ5mmultE6localB_10, array</column>
<column name="p_ZZ5mmultE6localB_10_we1">out, 1, ap_memory, p_ZZ5mmultE6localB_10, array</column>
<column name="p_ZZ5mmultE6localB_10_d1">out, 32, ap_memory, p_ZZ5mmultE6localB_10, array</column>
<column name="p_ZZ5mmultE6localB_11_address1">out, 10, ap_memory, p_ZZ5mmultE6localB_11, array</column>
<column name="p_ZZ5mmultE6localB_11_ce1">out, 1, ap_memory, p_ZZ5mmultE6localB_11, array</column>
<column name="p_ZZ5mmultE6localB_11_we1">out, 1, ap_memory, p_ZZ5mmultE6localB_11, array</column>
<column name="p_ZZ5mmultE6localB_11_d1">out, 32, ap_memory, p_ZZ5mmultE6localB_11, array</column>
<column name="p_ZZ5mmultE6localB_12_address1">out, 10, ap_memory, p_ZZ5mmultE6localB_12, array</column>
<column name="p_ZZ5mmultE6localB_12_ce1">out, 1, ap_memory, p_ZZ5mmultE6localB_12, array</column>
<column name="p_ZZ5mmultE6localB_12_we1">out, 1, ap_memory, p_ZZ5mmultE6localB_12, array</column>
<column name="p_ZZ5mmultE6localB_12_d1">out, 32, ap_memory, p_ZZ5mmultE6localB_12, array</column>
<column name="p_ZZ5mmultE6localB_13_address1">out, 10, ap_memory, p_ZZ5mmultE6localB_13, array</column>
<column name="p_ZZ5mmultE6localB_13_ce1">out, 1, ap_memory, p_ZZ5mmultE6localB_13, array</column>
<column name="p_ZZ5mmultE6localB_13_we1">out, 1, ap_memory, p_ZZ5mmultE6localB_13, array</column>
<column name="p_ZZ5mmultE6localB_13_d1">out, 32, ap_memory, p_ZZ5mmultE6localB_13, array</column>
<column name="p_ZZ5mmultE6localB_14_address1">out, 10, ap_memory, p_ZZ5mmultE6localB_14, array</column>
<column name="p_ZZ5mmultE6localB_14_ce1">out, 1, ap_memory, p_ZZ5mmultE6localB_14, array</column>
<column name="p_ZZ5mmultE6localB_14_we1">out, 1, ap_memory, p_ZZ5mmultE6localB_14, array</column>
<column name="p_ZZ5mmultE6localB_14_d1">out, 32, ap_memory, p_ZZ5mmultE6localB_14, array</column>
<column name="p_ZZ5mmultE6localB_15_address1">out, 10, ap_memory, p_ZZ5mmultE6localB_15, array</column>
<column name="p_ZZ5mmultE6localB_15_ce1">out, 1, ap_memory, p_ZZ5mmultE6localB_15, array</column>
<column name="p_ZZ5mmultE6localB_15_we1">out, 1, ap_memory, p_ZZ5mmultE6localB_15, array</column>
<column name="p_ZZ5mmultE6localB_15_d1">out, 32, ap_memory, p_ZZ5mmultE6localB_15, array</column>
</table>
</item>
</section>
</profile>
