<profile>

<section name = "Vitis HLS Report for 'mmult_Pipeline_read_subA'" level="0">
<item name = "Date">Thu Dec 26 01:54:25 2024
</item>
<item name = "Version">2022.1 (Build 3526262 on Mon Apr 18 15:47:01 MDT 2022)</item>
<item name = "Project">q_matmul_k</item>
<item name = "Solution">solution1 (Vivado IP Flow Target)</item>
<item name = "Product family">virtexuplus</item>
<item name = "Target device">xcu50-fsvh2104-2-e</item>
</section>

<section name = "Performance Estimates" level="0">
<item name = "Timing">
<section name = "" level="1">
<item name = "Summary"><table name="" hasTotal="0">
<keys size="4">Clock, Target, Estimated, Uncertainty</keys>
<column name="ap_clk">10.00 ns, 2.282 ns, 2.70 ns</column>
</table>
</item>
</section>
</item>
<item name = "Latency">
<section name = "" level="1">
<item name = "Summary"><table name="" hasTotal="0">
<keys size="8">, min, max, min, max, min, max, Type</keys>
<column name="">19, 19, 0.190 us, 0.190 us, 19, 19, no</column>
</table>
</item>
<item name = "Detail">
<section name = "" level="1">
<item name = "Instance"><table name="" hasTotal="0">
<keys size="9">Instance, Module, min, max, min, max, min, max, Type</keys>
</table>
</item>
<item name = "Loop"><table name="" hasTotal="0">
<keys size="8">Loop Name, min, max, Latency, achieved, target, Count, Pipelined</keys>
<column name="- read_subA">17, 17, 3, 1, 1, 16, yes</column>
</table>
</item>
</section>
</item>
</section>
</item>
</section>

<section name = "Utilization Estimates" level="0">
<item name = "Summary"><table name="" hasTotal="1">
<keys size="6">Name, BRAM_18K, DSP, FF, LUT, URAM</keys>
<column name="DSP">-, -, -, -, -</column>
<column name="Expression">-, -, 0, 52, -</column>
<column name="FIFO">-, -, -, -, -</column>
<column name="Instance">-, -, -, -, -</column>
<column name="Memory">-, -, -, -, -</column>
<column name="Multiplexer">-, -, -, 54, -</column>
<column name="Register">-, -, 590, -, -</column>
<specialColumn name="Available SLR">1344, 2976, 871680, 435840, 320</specialColumn>
<specialColumn name="Utilization SLR (%)">0, 0, ~0, ~0, 0</specialColumn>
<specialColumn name="Available">2688, 5952, 1743360, 871680, 640</specialColumn>
<specialColumn name="Utilization (%)">0, 0, ~0, ~0, 0</specialColumn>
</table>
</item>
<item name = "Detail">
<section name = "" level="1">
<item name = "Instance"><table name="" hasTotal="1">
<keys size="7">Instance, Module, BRAM_18K, DSP, FF, LUT, URAM</keys>
</table>
</item>
<item name = "DSP"><table name="" hasTotal="0">
<keys size="3">Instance, Module, Expression</keys>
</table>
</item>
<item name = "Memory"><table name="" hasTotal="1">
<keys size="10">Memory, Module, BRAM_18K, FF, LUT, URAM, Words, Bits, Banks, W*Bits*Banks</keys>
</table>
</item>
<item name = "FIFO"><table name="" hasTotal="1">
<keys size="8">Name, BRAM_18K, FF, LUT, URAM, Depth, Bits, Size:D*B</keys>
</table>
</item>
<item name = "Expression"><table name="" hasTotal="1">
<keys size="7">Variable Name, Operation, DSP, FF, LUT, Bitwidth P0, Bitwidth P1</keys>
<column name="add_ln124_fu_2376_p2">+, 0, 0, 12, 5, 1</column>
<column name="empty_43_fu_2454_p2">+, 0, 0, 15, 8, 8</column>
<column name="ap_condition_1670">and, 0, 0, 2, 1, 1</column>
<column name="cmp87_fu_2528_p2">icmp, 0, 0, 11, 8, 7</column>
<column name="icmp_ln124_fu_2370_p2">icmp, 0, 0, 10, 5, 6</column>
<column name="ap_enable_pp0">xor, 0, 0, 2, 1, 2</column>
</table>
</item>
<item name = "Multiplexer"><table name="" hasTotal="1">
<keys size="5">Name, LUT, Input Size, Bits, Total Bits</keys>
<column name="ap_done_int">9, 2, 1, 2</column>
<column name="ap_enable_reg_pp0_iter1">9, 2, 1, 2</column>
<column name="ap_phi_mux_storemerge_phi_fu_2353_p4">9, 2, 32, 64</column>
<column name="ap_phi_reg_pp0_iter1_storemerge_reg_2349">9, 2, 32, 64</column>
<column name="ap_sig_allocacmp_i_3">9, 2, 5, 10</column>
<column name="i_fu_298">9, 2, 5, 10</column>
</table>
</item>
<item name = "Register"><table name="" hasTotal="1">
<keys size="5">Name, FF, LUT, Bits, Const Bits</keys>
<column name="ap_CS_fsm">1, 0, 1, 0</column>
<column name="ap_done_reg">1, 0, 1, 0</column>
<column name="ap_enable_reg_pp0_iter1">1, 0, 1, 0</column>
<column name="ap_enable_reg_pp0_iter2">1, 0, 1, 0</column>
<column name="ap_loop_exit_ready_pp0_iter1_reg">1, 0, 1, 0</column>
<column name="ap_phi_reg_pp0_iter1_storemerge_reg_2349">32, 0, 32, 0</column>
<column name="ap_phi_reg_pp0_iter2_storemerge_reg_2349">32, 0, 32, 0</column>
<column name="cmp87_reg_2550">1, 0, 1, 0</column>
<column name="cmp87_reg_2550_pp0_iter1_reg">1, 0, 1, 0</column>
<column name="i_fu_298">5, 0, 5, 0</column>
<column name="icmp_ln124_reg_2546">1, 0, 1, 0</column>
<column name="icmp_ln124_reg_2546_pp0_iter1_reg">1, 0, 1, 0</column>
<column name="subA_10_addr_reg_2604">4, 0, 4, 0</column>
<column name="subA_10_addr_reg_2604_pp0_iter1_reg">4, 0, 4, 0</column>
<column name="subA_11_addr_reg_2609">4, 0, 4, 0</column>
<column name="subA_11_addr_reg_2609_pp0_iter1_reg">4, 0, 4, 0</column>
<column name="subA_12_addr_reg_2614">4, 0, 4, 0</column>
<column name="subA_12_addr_reg_2614_pp0_iter1_reg">4, 0, 4, 0</column>
<column name="subA_13_addr_reg_2619">4, 0, 4, 0</column>
<column name="subA_13_addr_reg_2619_pp0_iter1_reg">4, 0, 4, 0</column>
<column name="subA_14_addr_reg_2624">4, 0, 4, 0</column>
<column name="subA_14_addr_reg_2624_pp0_iter1_reg">4, 0, 4, 0</column>
<column name="subA_15_addr_reg_2629">4, 0, 4, 0</column>
<column name="subA_15_addr_reg_2629_pp0_iter1_reg">4, 0, 4, 0</column>
<column name="subA_16_addr_reg_2634">4, 0, 4, 0</column>
<column name="subA_16_addr_reg_2634_pp0_iter1_reg">4, 0, 4, 0</column>
<column name="subA_17_addr_reg_2639">4, 0, 4, 0</column>
<column name="subA_17_addr_reg_2639_pp0_iter1_reg">4, 0, 4, 0</column>
<column name="subA_18_addr_reg_2644">4, 0, 4, 0</column>
<column name="subA_18_addr_reg_2644_pp0_iter1_reg">4, 0, 4, 0</column>
<column name="subA_19_addr_reg_2649">4, 0, 4, 0</column>
<column name="subA_19_addr_reg_2649_pp0_iter1_reg">4, 0, 4, 0</column>
<column name="subA_1_addr_reg_2559">4, 0, 4, 0</column>
<column name="subA_1_addr_reg_2559_pp0_iter1_reg">4, 0, 4, 0</column>
<column name="subA_20_addr_reg_2654">4, 0, 4, 0</column>
<column name="subA_20_addr_reg_2654_pp0_iter1_reg">4, 0, 4, 0</column>
<column name="subA_21_addr_reg_2659">4, 0, 4, 0</column>
<column name="subA_21_addr_reg_2659_pp0_iter1_reg">4, 0, 4, 0</column>
<column name="subA_22_addr_reg_2664">4, 0, 4, 0</column>
<column name="subA_22_addr_reg_2664_pp0_iter1_reg">4, 0, 4, 0</column>
<column name="subA_23_addr_reg_2669">4, 0, 4, 0</column>
<column name="subA_23_addr_reg_2669_pp0_iter1_reg">4, 0, 4, 0</column>
<column name="subA_24_addr_reg_2674">4, 0, 4, 0</column>
<column name="subA_24_addr_reg_2674_pp0_iter1_reg">4, 0, 4, 0</column>
<column name="subA_25_addr_reg_2679">4, 0, 4, 0</column>
<column name="subA_25_addr_reg_2679_pp0_iter1_reg">4, 0, 4, 0</column>
<column name="subA_26_addr_reg_2684">4, 0, 4, 0</column>
<column name="subA_26_addr_reg_2684_pp0_iter1_reg">4, 0, 4, 0</column>
<column name="subA_27_addr_reg_2689">4, 0, 4, 0</column>
<column name="subA_27_addr_reg_2689_pp0_iter1_reg">4, 0, 4, 0</column>
<column name="subA_28_addr_reg_2694">4, 0, 4, 0</column>
<column name="subA_28_addr_reg_2694_pp0_iter1_reg">4, 0, 4, 0</column>
<column name="subA_29_addr_reg_2699">4, 0, 4, 0</column>
<column name="subA_29_addr_reg_2699_pp0_iter1_reg">4, 0, 4, 0</column>
<column name="subA_2_addr_reg_2564">4, 0, 4, 0</column>
<column name="subA_2_addr_reg_2564_pp0_iter1_reg">4, 0, 4, 0</column>
<column name="subA_30_addr_reg_2704">4, 0, 4, 0</column>
<column name="subA_30_addr_reg_2704_pp0_iter1_reg">4, 0, 4, 0</column>
<column name="subA_31_addr_reg_2709">4, 0, 4, 0</column>
<column name="subA_31_addr_reg_2709_pp0_iter1_reg">4, 0, 4, 0</column>
<column name="subA_32_addr_reg_2714">4, 0, 4, 0</column>
<column name="subA_32_addr_reg_2714_pp0_iter1_reg">4, 0, 4, 0</column>
<column name="subA_33_addr_reg_2719">4, 0, 4, 0</column>
<column name="subA_33_addr_reg_2719_pp0_iter1_reg">4, 0, 4, 0</column>
<column name="subA_34_addr_reg_2724">4, 0, 4, 0</column>
<column name="subA_34_addr_reg_2724_pp0_iter1_reg">4, 0, 4, 0</column>
<column name="subA_35_addr_reg_2729">4, 0, 4, 0</column>
<column name="subA_35_addr_reg_2729_pp0_iter1_reg">4, 0, 4, 0</column>
<column name="subA_36_addr_reg_2734">4, 0, 4, 0</column>
<column name="subA_36_addr_reg_2734_pp0_iter1_reg">4, 0, 4, 0</column>
<column name="subA_37_addr_reg_2739">4, 0, 4, 0</column>
<column name="subA_37_addr_reg_2739_pp0_iter1_reg">4, 0, 4, 0</column>
<column name="subA_38_addr_reg_2744">4, 0, 4, 0</column>
<column name="subA_38_addr_reg_2744_pp0_iter1_reg">4, 0, 4, 0</column>
<column name="subA_39_addr_reg_2749">4, 0, 4, 0</column>
<column name="subA_39_addr_reg_2749_pp0_iter1_reg">4, 0, 4, 0</column>
<column name="subA_3_addr_reg_2569">4, 0, 4, 0</column>
<column name="subA_3_addr_reg_2569_pp0_iter1_reg">4, 0, 4, 0</column>
<column name="subA_40_addr_reg_2754">4, 0, 4, 0</column>
<column name="subA_40_addr_reg_2754_pp0_iter1_reg">4, 0, 4, 0</column>
<column name="subA_41_addr_reg_2759">4, 0, 4, 0</column>
<column name="subA_41_addr_reg_2759_pp0_iter1_reg">4, 0, 4, 0</column>
<column name="subA_42_addr_reg_2764">4, 0, 4, 0</column>
<column name="subA_42_addr_reg_2764_pp0_iter1_reg">4, 0, 4, 0</column>
<column name="subA_43_addr_reg_2769">4, 0, 4, 0</column>
<column name="subA_43_addr_reg_2769_pp0_iter1_reg">4, 0, 4, 0</column>
<column name="subA_44_addr_reg_2774">4, 0, 4, 0</column>
<column name="subA_44_addr_reg_2774_pp0_iter1_reg">4, 0, 4, 0</column>
<column name="subA_45_addr_reg_2779">4, 0, 4, 0</column>
<column name="subA_45_addr_reg_2779_pp0_iter1_reg">4, 0, 4, 0</column>
<column name="subA_46_addr_reg_2784">4, 0, 4, 0</column>
<column name="subA_46_addr_reg_2784_pp0_iter1_reg">4, 0, 4, 0</column>
<column name="subA_47_addr_reg_2789">4, 0, 4, 0</column>
<column name="subA_47_addr_reg_2789_pp0_iter1_reg">4, 0, 4, 0</column>
<column name="subA_48_addr_reg_2794">4, 0, 4, 0</column>
<column name="subA_48_addr_reg_2794_pp0_iter1_reg">4, 0, 4, 0</column>
<column name="subA_49_addr_reg_2799">4, 0, 4, 0</column>
<column name="subA_49_addr_reg_2799_pp0_iter1_reg">4, 0, 4, 0</column>
<column name="subA_4_addr_reg_2574">4, 0, 4, 0</column>
<column name="subA_4_addr_reg_2574_pp0_iter1_reg">4, 0, 4, 0</column>
<column name="subA_50_addr_reg_2804">4, 0, 4, 0</column>
<column name="subA_50_addr_reg_2804_pp0_iter1_reg">4, 0, 4, 0</column>
<column name="subA_51_addr_reg_2809">4, 0, 4, 0</column>
<column name="subA_51_addr_reg_2809_pp0_iter1_reg">4, 0, 4, 0</column>
<column name="subA_52_addr_reg_2814">4, 0, 4, 0</column>
<column name="subA_52_addr_reg_2814_pp0_iter1_reg">4, 0, 4, 0</column>
<column name="subA_53_addr_reg_2819">4, 0, 4, 0</column>
<column name="subA_53_addr_reg_2819_pp0_iter1_reg">4, 0, 4, 0</column>
<column name="subA_54_addr_reg_2824">4, 0, 4, 0</column>
<column name="subA_54_addr_reg_2824_pp0_iter1_reg">4, 0, 4, 0</column>
<column name="subA_55_addr_reg_2829">4, 0, 4, 0</column>
<column name="subA_55_addr_reg_2829_pp0_iter1_reg">4, 0, 4, 0</column>
<column name="subA_56_addr_reg_2834">4, 0, 4, 0</column>
<column name="subA_56_addr_reg_2834_pp0_iter1_reg">4, 0, 4, 0</column>
<column name="subA_57_addr_reg_2839">4, 0, 4, 0</column>
<column name="subA_57_addr_reg_2839_pp0_iter1_reg">4, 0, 4, 0</column>
<column name="subA_58_addr_reg_2844">4, 0, 4, 0</column>
<column name="subA_58_addr_reg_2844_pp0_iter1_reg">4, 0, 4, 0</column>
<column name="subA_59_addr_reg_2849">4, 0, 4, 0</column>
<column name="subA_59_addr_reg_2849_pp0_iter1_reg">4, 0, 4, 0</column>
<column name="subA_5_addr_reg_2579">4, 0, 4, 0</column>
<column name="subA_5_addr_reg_2579_pp0_iter1_reg">4, 0, 4, 0</column>
<column name="subA_60_addr_reg_2854">4, 0, 4, 0</column>
<column name="subA_60_addr_reg_2854_pp0_iter1_reg">4, 0, 4, 0</column>
<column name="subA_61_addr_reg_2859">4, 0, 4, 0</column>
<column name="subA_61_addr_reg_2859_pp0_iter1_reg">4, 0, 4, 0</column>
<column name="subA_62_addr_reg_2864">4, 0, 4, 0</column>
<column name="subA_62_addr_reg_2864_pp0_iter1_reg">4, 0, 4, 0</column>
<column name="subA_63_addr_reg_2869">4, 0, 4, 0</column>
<column name="subA_63_addr_reg_2869_pp0_iter1_reg">4, 0, 4, 0</column>
<column name="subA_6_addr_reg_2584">4, 0, 4, 0</column>
<column name="subA_6_addr_reg_2584_pp0_iter1_reg">4, 0, 4, 0</column>
<column name="subA_7_addr_reg_2589">4, 0, 4, 0</column>
<column name="subA_7_addr_reg_2589_pp0_iter1_reg">4, 0, 4, 0</column>
<column name="subA_8_addr_reg_2594">4, 0, 4, 0</column>
<column name="subA_8_addr_reg_2594_pp0_iter1_reg">4, 0, 4, 0</column>
<column name="subA_9_addr_reg_2599">4, 0, 4, 0</column>
<column name="subA_9_addr_reg_2599_pp0_iter1_reg">4, 0, 4, 0</column>
<column name="subA_addr_reg_2554">4, 0, 4, 0</column>
<column name="subA_addr_reg_2554_pp0_iter1_reg">4, 0, 4, 0</column>
</table>
</item>
</section>
</item>
</section>

<section name = "Interface" level="0">
<item name = "Summary"><table name="" hasTotal="0">
<keys size="6">RTL Ports, Dir, Bits, Protocol, Source Object, C Type</keys>
<column name="ap_clk">in, 1, ap_ctrl_hs, mmult_Pipeline_read_subA, return value</column>
<column name="ap_rst">in, 1, ap_ctrl_hs, mmult_Pipeline_read_subA, return value</column>
<column name="ap_start">in, 1, ap_ctrl_hs, mmult_Pipeline_read_subA, return value</column>
<column name="ap_done">out, 1, ap_ctrl_hs, mmult_Pipeline_read_subA, return value</column>
<column name="ap_idle">out, 1, ap_ctrl_hs, mmult_Pipeline_read_subA, return value</column>
<column name="ap_ready">out, 1, ap_ctrl_hs, mmult_Pipeline_read_subA, return value</column>
<column name="subA_63_address0">out, 4, ap_memory, subA_63, array</column>
<column name="subA_63_ce0">out, 1, ap_memory, subA_63, array</column>
<column name="subA_63_we0">out, 1, ap_memory, subA_63, array</column>
<column name="subA_63_d0">out, 32, ap_memory, subA_63, array</column>
<column name="subA_62_address0">out, 4, ap_memory, subA_62, array</column>
<column name="subA_62_ce0">out, 1, ap_memory, subA_62, array</column>
<column name="subA_62_we0">out, 1, ap_memory, subA_62, array</column>
<column name="subA_62_d0">out, 32, ap_memory, subA_62, array</column>
<column name="subA_62_address1">out, 4, ap_memory, subA_62, array</column>
<column name="subA_62_ce1">out, 1, ap_memory, subA_62, array</column>
<column name="subA_62_we1">out, 1, ap_memory, subA_62, array</column>
<column name="subA_62_d1">out, 32, ap_memory, subA_62, array</column>
<column name="subA_61_address0">out, 4, ap_memory, subA_61, array</column>
<column name="subA_61_ce0">out, 1, ap_memory, subA_61, array</column>
<column name="subA_61_we0">out, 1, ap_memory, subA_61, array</column>
<column name="subA_61_d0">out, 32, ap_memory, subA_61, array</column>
<column name="subA_61_address1">out, 4, ap_memory, subA_61, array</column>
<column name="subA_61_ce1">out, 1, ap_memory, subA_61, array</column>
<column name="subA_61_we1">out, 1, ap_memory, subA_61, array</column>
<column name="subA_61_d1">out, 32, ap_memory, subA_61, array</column>
<column name="subA_60_address0">out, 4, ap_memory, subA_60, array</column>
<column name="subA_60_ce0">out, 1, ap_memory, subA_60, array</column>
<column name="subA_60_we0">out, 1, ap_memory, subA_60, array</column>
<column name="subA_60_d0">out, 32, ap_memory, subA_60, array</column>
<column name="subA_60_address1">out, 4, ap_memory, subA_60, array</column>
<column name="subA_60_ce1">out, 1, ap_memory, subA_60, array</column>
<column name="subA_60_we1">out, 1, ap_memory, subA_60, array</column>
<column name="subA_60_d1">out, 32, ap_memory, subA_60, array</column>
<column name="subA_59_address0">out, 4, ap_memory, subA_59, array</column>
<column name="subA_59_ce0">out, 1, ap_memory, subA_59, array</column>
<column name="subA_59_we0">out, 1, ap_memory, subA_59, array</column>
<column name="subA_59_d0">out, 32, ap_memory, subA_59, array</column>
<column name="subA_59_address1">out, 4, ap_memory, subA_59, array</column>
<column name="subA_59_ce1">out, 1, ap_memory, subA_59, array</column>
<column name="subA_59_we1">out, 1, ap_memory, subA_59, array</column>
<column name="subA_59_d1">out, 32, ap_memory, subA_59, array</column>
<column name="subA_58_address0">out, 4, ap_memory, subA_58, array</column>
<column name="subA_58_ce0">out, 1, ap_memory, subA_58, array</column>
<column name="subA_58_we0">out, 1, ap_memory, subA_58, array</column>
<column name="subA_58_d0">out, 32, ap_memory, subA_58, array</column>
<column name="subA_58_address1">out, 4, ap_memory, subA_58, array</column>
<column name="subA_58_ce1">out, 1, ap_memory, subA_58, array</column>
<column name="subA_58_we1">out, 1, ap_memory, subA_58, array</column>
<column name="subA_58_d1">out, 32, ap_memory, subA_58, array</column>
<column name="subA_57_address0">out, 4, ap_memory, subA_57, array</column>
<column name="subA_57_ce0">out, 1, ap_memory, subA_57, array</column>
<column name="subA_57_we0">out, 1, ap_memory, subA_57, array</column>
<column name="subA_57_d0">out, 32, ap_memory, subA_57, array</column>
<column name="subA_57_address1">out, 4, ap_memory, subA_57, array</column>
<column name="subA_57_ce1">out, 1, ap_memory, subA_57, array</column>
<column name="subA_57_we1">out, 1, ap_memory, subA_57, array</column>
<column name="subA_57_d1">out, 32, ap_memory, subA_57, array</column>
<column name="subA_56_address0">out, 4, ap_memory, subA_56, array</column>
<column name="subA_56_ce0">out, 1, ap_memory, subA_56, array</column>
<column name="subA_56_we0">out, 1, ap_memory, subA_56, array</column>
<column name="subA_56_d0">out, 32, ap_memory, subA_56, array</column>
<column name="subA_56_address1">out, 4, ap_memory, subA_56, array</column>
<column name="subA_56_ce1">out, 1, ap_memory, subA_56, array</column>
<column name="subA_56_we1">out, 1, ap_memory, subA_56, array</column>
<column name="subA_56_d1">out, 32, ap_memory, subA_56, array</column>
<column name="subA_55_address0">out, 4, ap_memory, subA_55, array</column>
<column name="subA_55_ce0">out, 1, ap_memory, subA_55, array</column>
<column name="subA_55_we0">out, 1, ap_memory, subA_55, array</column>
<column name="subA_55_d0">out, 32, ap_memory, subA_55, array</column>
<column name="subA_55_address1">out, 4, ap_memory, subA_55, array</column>
<column name="subA_55_ce1">out, 1, ap_memory, subA_55, array</column>
<column name="subA_55_we1">out, 1, ap_memory, subA_55, array</column>
<column name="subA_55_d1">out, 32, ap_memory, subA_55, array</column>
<column name="subA_54_address0">out, 4, ap_memory, subA_54, array</column>
<column name="subA_54_ce0">out, 1, ap_memory, subA_54, array</column>
<column name="subA_54_we0">out, 1, ap_memory, subA_54, array</column>
<column name="subA_54_d0">out, 32, ap_memory, subA_54, array</column>
<column name="subA_54_address1">out, 4, ap_memory, subA_54, array</column>
<column name="subA_54_ce1">out, 1, ap_memory, subA_54, array</column>
<column name="subA_54_we1">out, 1, ap_memory, subA_54, array</column>
<column name="subA_54_d1">out, 32, ap_memory, subA_54, array</column>
<column name="subA_53_address0">out, 4, ap_memory, subA_53, array</column>
<column name="subA_53_ce0">out, 1, ap_memory, subA_53, array</column>
<column name="subA_53_we0">out, 1, ap_memory, subA_53, array</column>
<column name="subA_53_d0">out, 32, ap_memory, subA_53, array</column>
<column name="subA_53_address1">out, 4, ap_memory, subA_53, array</column>
<column name="subA_53_ce1">out, 1, ap_memory, subA_53, array</column>
<column name="subA_53_we1">out, 1, ap_memory, subA_53, array</column>
<column name="subA_53_d1">out, 32, ap_memory, subA_53, array</column>
<column name="subA_52_address0">out, 4, ap_memory, subA_52, array</column>
<column name="subA_52_ce0">out, 1, ap_memory, subA_52, array</column>
<column name="subA_52_we0">out, 1, ap_memory, subA_52, array</column>
<column name="subA_52_d0">out, 32, ap_memory, subA_52, array</column>
<column name="subA_52_address1">out, 4, ap_memory, subA_52, array</column>
<column name="subA_52_ce1">out, 1, ap_memory, subA_52, array</column>
<column name="subA_52_we1">out, 1, ap_memory, subA_52, array</column>
<column name="subA_52_d1">out, 32, ap_memory, subA_52, array</column>
<column name="subA_51_address0">out, 4, ap_memory, subA_51, array</column>
<column name="subA_51_ce0">out, 1, ap_memory, subA_51, array</column>
<column name="subA_51_we0">out, 1, ap_memory, subA_51, array</column>
<column name="subA_51_d0">out, 32, ap_memory, subA_51, array</column>
<column name="subA_51_address1">out, 4, ap_memory, subA_51, array</column>
<column name="subA_51_ce1">out, 1, ap_memory, subA_51, array</column>
<column name="subA_51_we1">out, 1, ap_memory, subA_51, array</column>
<column name="subA_51_d1">out, 32, ap_memory, subA_51, array</column>
<column name="subA_50_address0">out, 4, ap_memory, subA_50, array</column>
<column name="subA_50_ce0">out, 1, ap_memory, subA_50, array</column>
<column name="subA_50_we0">out, 1, ap_memory, subA_50, array</column>
<column name="subA_50_d0">out, 32, ap_memory, subA_50, array</column>
<column name="subA_50_address1">out, 4, ap_memory, subA_50, array</column>
<column name="subA_50_ce1">out, 1, ap_memory, subA_50, array</column>
<column name="subA_50_we1">out, 1, ap_memory, subA_50, array</column>
<column name="subA_50_d1">out, 32, ap_memory, subA_50, array</column>
<column name="subA_49_address0">out, 4, ap_memory, subA_49, array</column>
<column name="subA_49_ce0">out, 1, ap_memory, subA_49, array</column>
<column name="subA_49_we0">out, 1, ap_memory, subA_49, array</column>
<column name="subA_49_d0">out, 32, ap_memory, subA_49, array</column>
<column name="subA_49_address1">out, 4, ap_memory, subA_49, array</column>
<column name="subA_49_ce1">out, 1, ap_memory, subA_49, array</column>
<column name="subA_49_we1">out, 1, ap_memory, subA_49, array</column>
<column name="subA_49_d1">out, 32, ap_memory, subA_49, array</column>
<column name="subA_48_address0">out, 4, ap_memory, subA_48, array</column>
<column name="subA_48_ce0">out, 1, ap_memory, subA_48, array</column>
<column name="subA_48_we0">out, 1, ap_memory, subA_48, array</column>
<column name="subA_48_d0">out, 32, ap_memory, subA_48, array</column>
<column name="subA_48_address1">out, 4, ap_memory, subA_48, array</column>
<column name="subA_48_ce1">out, 1, ap_memory, subA_48, array</column>
<column name="subA_48_we1">out, 1, ap_memory, subA_48, array</column>
<column name="subA_48_d1">out, 32, ap_memory, subA_48, array</column>
<column name="subA_47_address0">out, 4, ap_memory, subA_47, array</column>
<column name="subA_47_ce0">out, 1, ap_memory, subA_47, array</column>
<column name="subA_47_we0">out, 1, ap_memory, subA_47, array</column>
<column name="subA_47_d0">out, 32, ap_memory, subA_47, array</column>
<column name="subA_47_address1">out, 4, ap_memory, subA_47, array</column>
<column name="subA_47_ce1">out, 1, ap_memory, subA_47, array</column>
<column name="subA_47_we1">out, 1, ap_memory, subA_47, array</column>
<column name="subA_47_d1">out, 32, ap_memory, subA_47, array</column>
<column name="subA_46_address0">out, 4, ap_memory, subA_46, array</column>
<column name="subA_46_ce0">out, 1, ap_memory, subA_46, array</column>
<column name="subA_46_we0">out, 1, ap_memory, subA_46, array</column>
<column name="subA_46_d0">out, 32, ap_memory, subA_46, array</column>
<column name="subA_46_address1">out, 4, ap_memory, subA_46, array</column>
<column name="subA_46_ce1">out, 1, ap_memory, subA_46, array</column>
<column name="subA_46_we1">out, 1, ap_memory, subA_46, array</column>
<column name="subA_46_d1">out, 32, ap_memory, subA_46, array</column>
<column name="subA_45_address0">out, 4, ap_memory, subA_45, array</column>
<column name="subA_45_ce0">out, 1, ap_memory, subA_45, array</column>
<column name="subA_45_we0">out, 1, ap_memory, subA_45, array</column>
<column name="subA_45_d0">out, 32, ap_memory, subA_45, array</column>
<column name="subA_45_address1">out, 4, ap_memory, subA_45, array</column>
<column name="subA_45_ce1">out, 1, ap_memory, subA_45, array</column>
<column name="subA_45_we1">out, 1, ap_memory, subA_45, array</column>
<column name="subA_45_d1">out, 32, ap_memory, subA_45, array</column>
<column name="subA_44_address0">out, 4, ap_memory, subA_44, array</column>
<column name="subA_44_ce0">out, 1, ap_memory, subA_44, array</column>
<column name="subA_44_we0">out, 1, ap_memory, subA_44, array</column>
<column name="subA_44_d0">out, 32, ap_memory, subA_44, array</column>
<column name="subA_44_address1">out, 4, ap_memory, subA_44, array</column>
<column name="subA_44_ce1">out, 1, ap_memory, subA_44, array</column>
<column name="subA_44_we1">out, 1, ap_memory, subA_44, array</column>
<column name="subA_44_d1">out, 32, ap_memory, subA_44, array</column>
<column name="subA_43_address0">out, 4, ap_memory, subA_43, array</column>
<column name="subA_43_ce0">out, 1, ap_memory, subA_43, array</column>
<column name="subA_43_we0">out, 1, ap_memory, subA_43, array</column>
<column name="subA_43_d0">out, 32, ap_memory, subA_43, array</column>
<column name="subA_43_address1">out, 4, ap_memory, subA_43, array</column>
<column name="subA_43_ce1">out, 1, ap_memory, subA_43, array</column>
<column name="subA_43_we1">out, 1, ap_memory, subA_43, array</column>
<column name="subA_43_d1">out, 32, ap_memory, subA_43, array</column>
<column name="subA_42_address0">out, 4, ap_memory, subA_42, array</column>
<column name="subA_42_ce0">out, 1, ap_memory, subA_42, array</column>
<column name="subA_42_we0">out, 1, ap_memory, subA_42, array</column>
<column name="subA_42_d0">out, 32, ap_memory, subA_42, array</column>
<column name="subA_42_address1">out, 4, ap_memory, subA_42, array</column>
<column name="subA_42_ce1">out, 1, ap_memory, subA_42, array</column>
<column name="subA_42_we1">out, 1, ap_memory, subA_42, array</column>
<column name="subA_42_d1">out, 32, ap_memory, subA_42, array</column>
<column name="subA_41_address0">out, 4, ap_memory, subA_41, array</column>
<column name="subA_41_ce0">out, 1, ap_memory, subA_41, array</column>
<column name="subA_41_we0">out, 1, ap_memory, subA_41, array</column>
<column name="subA_41_d0">out, 32, ap_memory, subA_41, array</column>
<column name="subA_41_address1">out, 4, ap_memory, subA_41, array</column>
<column name="subA_41_ce1">out, 1, ap_memory, subA_41, array</column>
<column name="subA_41_we1">out, 1, ap_memory, subA_41, array</column>
<column name="subA_41_d1">out, 32, ap_memory, subA_41, array</column>
<column name="subA_40_address0">out, 4, ap_memory, subA_40, array</column>
<column name="subA_40_ce0">out, 1, ap_memory, subA_40, array</column>
<column name="subA_40_we0">out, 1, ap_memory, subA_40, array</column>
<column name="subA_40_d0">out, 32, ap_memory, subA_40, array</column>
<column name="subA_40_address1">out, 4, ap_memory, subA_40, array</column>
<column name="subA_40_ce1">out, 1, ap_memory, subA_40, array</column>
<column name="subA_40_we1">out, 1, ap_memory, subA_40, array</column>
<column name="subA_40_d1">out, 32, ap_memory, subA_40, array</column>
<column name="subA_39_address0">out, 4, ap_memory, subA_39, array</column>
<column name="subA_39_ce0">out, 1, ap_memory, subA_39, array</column>
<column name="subA_39_we0">out, 1, ap_memory, subA_39, array</column>
<column name="subA_39_d0">out, 32, ap_memory, subA_39, array</column>
<column name="subA_39_address1">out, 4, ap_memory, subA_39, array</column>
<column name="subA_39_ce1">out, 1, ap_memory, subA_39, array</column>
<column name="subA_39_we1">out, 1, ap_memory, subA_39, array</column>
<column name="subA_39_d1">out, 32, ap_memory, subA_39, array</column>
<column name="subA_38_address0">out, 4, ap_memory, subA_38, array</column>
<column name="subA_38_ce0">out, 1, ap_memory, subA_38, array</column>
<column name="subA_38_we0">out, 1, ap_memory, subA_38, array</column>
<column name="subA_38_d0">out, 32, ap_memory, subA_38, array</column>
<column name="subA_38_address1">out, 4, ap_memory, subA_38, array</column>
<column name="subA_38_ce1">out, 1, ap_memory, subA_38, array</column>
<column name="subA_38_we1">out, 1, ap_memory, subA_38, array</column>
<column name="subA_38_d1">out, 32, ap_memory, subA_38, array</column>
<column name="subA_37_address0">out, 4, ap_memory, subA_37, array</column>
<column name="subA_37_ce0">out, 1, ap_memory, subA_37, array</column>
<column name="subA_37_we0">out, 1, ap_memory, subA_37, array</column>
<column name="subA_37_d0">out, 32, ap_memory, subA_37, array</column>
<column name="subA_37_address1">out, 4, ap_memory, subA_37, array</column>
<column name="subA_37_ce1">out, 1, ap_memory, subA_37, array</column>
<column name="subA_37_we1">out, 1, ap_memory, subA_37, array</column>
<column name="subA_37_d1">out, 32, ap_memory, subA_37, array</column>
<column name="subA_36_address0">out, 4, ap_memory, subA_36, array</column>
<column name="subA_36_ce0">out, 1, ap_memory, subA_36, array</column>
<column name="subA_36_we0">out, 1, ap_memory, subA_36, array</column>
<column name="subA_36_d0">out, 32, ap_memory, subA_36, array</column>
<column name="subA_36_address1">out, 4, ap_memory, subA_36, array</column>
<column name="subA_36_ce1">out, 1, ap_memory, subA_36, array</column>
<column name="subA_36_we1">out, 1, ap_memory, subA_36, array</column>
<column name="subA_36_d1">out, 32, ap_memory, subA_36, array</column>
<column name="subA_35_address0">out, 4, ap_memory, subA_35, array</column>
<column name="subA_35_ce0">out, 1, ap_memory, subA_35, array</column>
<column name="subA_35_we0">out, 1, ap_memory, subA_35, array</column>
<column name="subA_35_d0">out, 32, ap_memory, subA_35, array</column>
<column name="subA_35_address1">out, 4, ap_memory, subA_35, array</column>
<column name="subA_35_ce1">out, 1, ap_memory, subA_35, array</column>
<column name="subA_35_we1">out, 1, ap_memory, subA_35, array</column>
<column name="subA_35_d1">out, 32, ap_memory, subA_35, array</column>
<column name="subA_34_address0">out, 4, ap_memory, subA_34, array</column>
<column name="subA_34_ce0">out, 1, ap_memory, subA_34, array</column>
<column name="subA_34_we0">out, 1, ap_memory, subA_34, array</column>
<column name="subA_34_d0">out, 32, ap_memory, subA_34, array</column>
<column name="subA_34_address1">out, 4, ap_memory, subA_34, array</column>
<column name="subA_34_ce1">out, 1, ap_memory, subA_34, array</column>
<column name="subA_34_we1">out, 1, ap_memory, subA_34, array</column>
<column name="subA_34_d1">out, 32, ap_memory, subA_34, array</column>
<column name="subA_33_address0">out, 4, ap_memory, subA_33, array</column>
<column name="subA_33_ce0">out, 1, ap_memory, subA_33, array</column>
<column name="subA_33_we0">out, 1, ap_memory, subA_33, array</column>
<column name="subA_33_d0">out, 32, ap_memory, subA_33, array</column>
<column name="subA_33_address1">out, 4, ap_memory, subA_33, array</column>
<column name="subA_33_ce1">out, 1, ap_memory, subA_33, array</column>
<column name="subA_33_we1">out, 1, ap_memory, subA_33, array</column>
<column name="subA_33_d1">out, 32, ap_memory, subA_33, array</column>
<column name="subA_32_address0">out, 4, ap_memory, subA_32, array</column>
<column name="subA_32_ce0">out, 1, ap_memory, subA_32, array</column>
<column name="subA_32_we0">out, 1, ap_memory, subA_32, array</column>
<column name="subA_32_d0">out, 32, ap_memory, subA_32, array</column>
<column name="subA_32_address1">out, 4, ap_memory, subA_32, array</column>
<column name="subA_32_ce1">out, 1, ap_memory, subA_32, array</column>
<column name="subA_32_we1">out, 1, ap_memory, subA_32, array</column>
<column name="subA_32_d1">out, 32, ap_memory, subA_32, array</column>
<column name="subA_31_address0">out, 4, ap_memory, subA_31, array</column>
<column name="subA_31_ce0">out, 1, ap_memory, subA_31, array</column>
<column name="subA_31_we0">out, 1, ap_memory, subA_31, array</column>
<column name="subA_31_d0">out, 32, ap_memory, subA_31, array</column>
<column name="subA_31_address1">out, 4, ap_memory, subA_31, array</column>
<column name="subA_31_ce1">out, 1, ap_memory, subA_31, array</column>
<column name="subA_31_we1">out, 1, ap_memory, subA_31, array</column>
<column name="subA_31_d1">out, 32, ap_memory, subA_31, array</column>
<column name="subA_30_address0">out, 4, ap_memory, subA_30, array</column>
<column name="subA_30_ce0">out, 1, ap_memory, subA_30, array</column>
<column name="subA_30_we0">out, 1, ap_memory, subA_30, array</column>
<column name="subA_30_d0">out, 32, ap_memory, subA_30, array</column>
<column name="subA_30_address1">out, 4, ap_memory, subA_30, array</column>
<column name="subA_30_ce1">out, 1, ap_memory, subA_30, array</column>
<column name="subA_30_we1">out, 1, ap_memory, subA_30, array</column>
<column name="subA_30_d1">out, 32, ap_memory, subA_30, array</column>
<column name="subA_29_address0">out, 4, ap_memory, subA_29, array</column>
<column name="subA_29_ce0">out, 1, ap_memory, subA_29, array</column>
<column name="subA_29_we0">out, 1, ap_memory, subA_29, array</column>
<column name="subA_29_d0">out, 32, ap_memory, subA_29, array</column>
<column name="subA_29_address1">out, 4, ap_memory, subA_29, array</column>
<column name="subA_29_ce1">out, 1, ap_memory, subA_29, array</column>
<column name="subA_29_we1">out, 1, ap_memory, subA_29, array</column>
<column name="subA_29_d1">out, 32, ap_memory, subA_29, array</column>
<column name="subA_28_address0">out, 4, ap_memory, subA_28, array</column>
<column name="subA_28_ce0">out, 1, ap_memory, subA_28, array</column>
<column name="subA_28_we0">out, 1, ap_memory, subA_28, array</column>
<column name="subA_28_d0">out, 32, ap_memory, subA_28, array</column>
<column name="subA_28_address1">out, 4, ap_memory, subA_28, array</column>
<column name="subA_28_ce1">out, 1, ap_memory, subA_28, array</column>
<column name="subA_28_we1">out, 1, ap_memory, subA_28, array</column>
<column name="subA_28_d1">out, 32, ap_memory, subA_28, array</column>
<column name="subA_27_address0">out, 4, ap_memory, subA_27, array</column>
<column name="subA_27_ce0">out, 1, ap_memory, subA_27, array</column>
<column name="subA_27_we0">out, 1, ap_memory, subA_27, array</column>
<column name="subA_27_d0">out, 32, ap_memory, subA_27, array</column>
<column name="subA_27_address1">out, 4, ap_memory, subA_27, array</column>
<column name="subA_27_ce1">out, 1, ap_memory, subA_27, array</column>
<column name="subA_27_we1">out, 1, ap_memory, subA_27, array</column>
<column name="subA_27_d1">out, 32, ap_memory, subA_27, array</column>
<column name="subA_26_address0">out, 4, ap_memory, subA_26, array</column>
<column name="subA_26_ce0">out, 1, ap_memory, subA_26, array</column>
<column name="subA_26_we0">out, 1, ap_memory, subA_26, array</column>
<column name="subA_26_d0">out, 32, ap_memory, subA_26, array</column>
<column name="subA_26_address1">out, 4, ap_memory, subA_26, array</column>
<column name="subA_26_ce1">out, 1, ap_memory, subA_26, array</column>
<column name="subA_26_we1">out, 1, ap_memory, subA_26, array</column>
<column name="subA_26_d1">out, 32, ap_memory, subA_26, array</column>
<column name="subA_25_address0">out, 4, ap_memory, subA_25, array</column>
<column name="subA_25_ce0">out, 1, ap_memory, subA_25, array</column>
<column name="subA_25_we0">out, 1, ap_memory, subA_25, array</column>
<column name="subA_25_d0">out, 32, ap_memory, subA_25, array</column>
<column name="subA_25_address1">out, 4, ap_memory, subA_25, array</column>
<column name="subA_25_ce1">out, 1, ap_memory, subA_25, array</column>
<column name="subA_25_we1">out, 1, ap_memory, subA_25, array</column>
<column name="subA_25_d1">out, 32, ap_memory, subA_25, array</column>
<column name="subA_24_address0">out, 4, ap_memory, subA_24, array</column>
<column name="subA_24_ce0">out, 1, ap_memory, subA_24, array</column>
<column name="subA_24_we0">out, 1, ap_memory, subA_24, array</column>
<column name="subA_24_d0">out, 32, ap_memory, subA_24, array</column>
<column name="subA_24_address1">out, 4, ap_memory, subA_24, array</column>
<column name="subA_24_ce1">out, 1, ap_memory, subA_24, array</column>
<column name="subA_24_we1">out, 1, ap_memory, subA_24, array</column>
<column name="subA_24_d1">out, 32, ap_memory, subA_24, array</column>
<column name="subA_23_address0">out, 4, ap_memory, subA_23, array</column>
<column name="subA_23_ce0">out, 1, ap_memory, subA_23, array</column>
<column name="subA_23_we0">out, 1, ap_memory, subA_23, array</column>
<column name="subA_23_d0">out, 32, ap_memory, subA_23, array</column>
<column name="subA_23_address1">out, 4, ap_memory, subA_23, array</column>
<column name="subA_23_ce1">out, 1, ap_memory, subA_23, array</column>
<column name="subA_23_we1">out, 1, ap_memory, subA_23, array</column>
<column name="subA_23_d1">out, 32, ap_memory, subA_23, array</column>
<column name="subA_22_address0">out, 4, ap_memory, subA_22, array</column>
<column name="subA_22_ce0">out, 1, ap_memory, subA_22, array</column>
<column name="subA_22_we0">out, 1, ap_memory, subA_22, array</column>
<column name="subA_22_d0">out, 32, ap_memory, subA_22, array</column>
<column name="subA_22_address1">out, 4, ap_memory, subA_22, array</column>
<column name="subA_22_ce1">out, 1, ap_memory, subA_22, array</column>
<column name="subA_22_we1">out, 1, ap_memory, subA_22, array</column>
<column name="subA_22_d1">out, 32, ap_memory, subA_22, array</column>
<column name="subA_21_address0">out, 4, ap_memory, subA_21, array</column>
<column name="subA_21_ce0">out, 1, ap_memory, subA_21, array</column>
<column name="subA_21_we0">out, 1, ap_memory, subA_21, array</column>
<column name="subA_21_d0">out, 32, ap_memory, subA_21, array</column>
<column name="subA_21_address1">out, 4, ap_memory, subA_21, array</column>
<column name="subA_21_ce1">out, 1, ap_memory, subA_21, array</column>
<column name="subA_21_we1">out, 1, ap_memory, subA_21, array</column>
<column name="subA_21_d1">out, 32, ap_memory, subA_21, array</column>
<column name="subA_20_address0">out, 4, ap_memory, subA_20, array</column>
<column name="subA_20_ce0">out, 1, ap_memory, subA_20, array</column>
<column name="subA_20_we0">out, 1, ap_memory, subA_20, array</column>
<column name="subA_20_d0">out, 32, ap_memory, subA_20, array</column>
<column name="subA_20_address1">out, 4, ap_memory, subA_20, array</column>
<column name="subA_20_ce1">out, 1, ap_memory, subA_20, array</column>
<column name="subA_20_we1">out, 1, ap_memory, subA_20, array</column>
<column name="subA_20_d1">out, 32, ap_memory, subA_20, array</column>
<column name="subA_19_address0">out, 4, ap_memory, subA_19, array</column>
<column name="subA_19_ce0">out, 1, ap_memory, subA_19, array</column>
<column name="subA_19_we0">out, 1, ap_memory, subA_19, array</column>
<column name="subA_19_d0">out, 32, ap_memory, subA_19, array</column>
<column name="subA_19_address1">out, 4, ap_memory, subA_19, array</column>
<column name="subA_19_ce1">out, 1, ap_memory, subA_19, array</column>
<column name="subA_19_we1">out, 1, ap_memory, subA_19, array</column>
<column name="subA_19_d1">out, 32, ap_memory, subA_19, array</column>
<column name="subA_18_address0">out, 4, ap_memory, subA_18, array</column>
<column name="subA_18_ce0">out, 1, ap_memory, subA_18, array</column>
<column name="subA_18_we0">out, 1, ap_memory, subA_18, array</column>
<column name="subA_18_d0">out, 32, ap_memory, subA_18, array</column>
<column name="subA_18_address1">out, 4, ap_memory, subA_18, array</column>
<column name="subA_18_ce1">out, 1, ap_memory, subA_18, array</column>
<column name="subA_18_we1">out, 1, ap_memory, subA_18, array</column>
<column name="subA_18_d1">out, 32, ap_memory, subA_18, array</column>
<column name="subA_17_address0">out, 4, ap_memory, subA_17, array</column>
<column name="subA_17_ce0">out, 1, ap_memory, subA_17, array</column>
<column name="subA_17_we0">out, 1, ap_memory, subA_17, array</column>
<column name="subA_17_d0">out, 32, ap_memory, subA_17, array</column>
<column name="subA_17_address1">out, 4, ap_memory, subA_17, array</column>
<column name="subA_17_ce1">out, 1, ap_memory, subA_17, array</column>
<column name="subA_17_we1">out, 1, ap_memory, subA_17, array</column>
<column name="subA_17_d1">out, 32, ap_memory, subA_17, array</column>
<column name="subA_16_address0">out, 4, ap_memory, subA_16, array</column>
<column name="subA_16_ce0">out, 1, ap_memory, subA_16, array</column>
<column name="subA_16_we0">out, 1, ap_memory, subA_16, array</column>
<column name="subA_16_d0">out, 32, ap_memory, subA_16, array</column>
<column name="subA_16_address1">out, 4, ap_memory, subA_16, array</column>
<column name="subA_16_ce1">out, 1, ap_memory, subA_16, array</column>
<column name="subA_16_we1">out, 1, ap_memory, subA_16, array</column>
<column name="subA_16_d1">out, 32, ap_memory, subA_16, array</column>
<column name="subA_15_address0">out, 4, ap_memory, subA_15, array</column>
<column name="subA_15_ce0">out, 1, ap_memory, subA_15, array</column>
<column name="subA_15_we0">out, 1, ap_memory, subA_15, array</column>
<column name="subA_15_d0">out, 32, ap_memory, subA_15, array</column>
<column name="subA_15_address1">out, 4, ap_memory, subA_15, array</column>
<column name="subA_15_ce1">out, 1, ap_memory, subA_15, array</column>
<column name="subA_15_we1">out, 1, ap_memory, subA_15, array</column>
<column name="subA_15_d1">out, 32, ap_memory, subA_15, array</column>
<column name="subA_14_address0">out, 4, ap_memory, subA_14, array</column>
<column name="subA_14_ce0">out, 1, ap_memory, subA_14, array</column>
<column name="subA_14_we0">out, 1, ap_memory, subA_14, array</column>
<column name="subA_14_d0">out, 32, ap_memory, subA_14, array</column>
<column name="subA_14_address1">out, 4, ap_memory, subA_14, array</column>
<column name="subA_14_ce1">out, 1, ap_memory, subA_14, array</column>
<column name="subA_14_we1">out, 1, ap_memory, subA_14, array</column>
<column name="subA_14_d1">out, 32, ap_memory, subA_14, array</column>
<column name="subA_13_address0">out, 4, ap_memory, subA_13, array</column>
<column name="subA_13_ce0">out, 1, ap_memory, subA_13, array</column>
<column name="subA_13_we0">out, 1, ap_memory, subA_13, array</column>
<column name="subA_13_d0">out, 32, ap_memory, subA_13, array</column>
<column name="subA_13_address1">out, 4, ap_memory, subA_13, array</column>
<column name="subA_13_ce1">out, 1, ap_memory, subA_13, array</column>
<column name="subA_13_we1">out, 1, ap_memory, subA_13, array</column>
<column name="subA_13_d1">out, 32, ap_memory, subA_13, array</column>
<column name="subA_12_address0">out, 4, ap_memory, subA_12, array</column>
<column name="subA_12_ce0">out, 1, ap_memory, subA_12, array</column>
<column name="subA_12_we0">out, 1, ap_memory, subA_12, array</column>
<column name="subA_12_d0">out, 32, ap_memory, subA_12, array</column>
<column name="subA_12_address1">out, 4, ap_memory, subA_12, array</column>
<column name="subA_12_ce1">out, 1, ap_memory, subA_12, array</column>
<column name="subA_12_we1">out, 1, ap_memory, subA_12, array</column>
<column name="subA_12_d1">out, 32, ap_memory, subA_12, array</column>
<column name="subA_11_address0">out, 4, ap_memory, subA_11, array</column>
<column name="subA_11_ce0">out, 1, ap_memory, subA_11, array</column>
<column name="subA_11_we0">out, 1, ap_memory, subA_11, array</column>
<column name="subA_11_d0">out, 32, ap_memory, subA_11, array</column>
<column name="subA_11_address1">out, 4, ap_memory, subA_11, array</column>
<column name="subA_11_ce1">out, 1, ap_memory, subA_11, array</column>
<column name="subA_11_we1">out, 1, ap_memory, subA_11, array</column>
<column name="subA_11_d1">out, 32, ap_memory, subA_11, array</column>
<column name="subA_10_address0">out, 4, ap_memory, subA_10, array</column>
<column name="subA_10_ce0">out, 1, ap_memory, subA_10, array</column>
<column name="subA_10_we0">out, 1, ap_memory, subA_10, array</column>
<column name="subA_10_d0">out, 32, ap_memory, subA_10, array</column>
<column name="subA_10_address1">out, 4, ap_memory, subA_10, array</column>
<column name="subA_10_ce1">out, 1, ap_memory, subA_10, array</column>
<column name="subA_10_we1">out, 1, ap_memory, subA_10, array</column>
<column name="subA_10_d1">out, 32, ap_memory, subA_10, array</column>
<column name="subA_9_address0">out, 4, ap_memory, subA_9, array</column>
<column name="subA_9_ce0">out, 1, ap_memory, subA_9, array</column>
<column name="subA_9_we0">out, 1, ap_memory, subA_9, array</column>
<column name="subA_9_d0">out, 32, ap_memory, subA_9, array</column>
<column name="subA_9_address1">out, 4, ap_memory, subA_9, array</column>
<column name="subA_9_ce1">out, 1, ap_memory, subA_9, array</column>
<column name="subA_9_we1">out, 1, ap_memory, subA_9, array</column>
<column name="subA_9_d1">out, 32, ap_memory, subA_9, array</column>
<column name="subA_8_address0">out, 4, ap_memory, subA_8, array</column>
<column name="subA_8_ce0">out, 1, ap_memory, subA_8, array</column>
<column name="subA_8_we0">out, 1, ap_memory, subA_8, array</column>
<column name="subA_8_d0">out, 32, ap_memory, subA_8, array</column>
<column name="subA_8_address1">out, 4, ap_memory, subA_8, array</column>
<column name="subA_8_ce1">out, 1, ap_memory, subA_8, array</column>
<column name="subA_8_we1">out, 1, ap_memory, subA_8, array</column>
<column name="subA_8_d1">out, 32, ap_memory, subA_8, array</column>
<column name="subA_7_address0">out, 4, ap_memory, subA_7, array</column>
<column name="subA_7_ce0">out, 1, ap_memory, subA_7, array</column>
<column name="subA_7_we0">out, 1, ap_memory, subA_7, array</column>
<column name="subA_7_d0">out, 32, ap_memory, subA_7, array</column>
<column name="subA_7_address1">out, 4, ap_memory, subA_7, array</column>
<column name="subA_7_ce1">out, 1, ap_memory, subA_7, array</column>
<column name="subA_7_we1">out, 1, ap_memory, subA_7, array</column>
<column name="subA_7_d1">out, 32, ap_memory, subA_7, array</column>
<column name="subA_6_address0">out, 4, ap_memory, subA_6, array</column>
<column name="subA_6_ce0">out, 1, ap_memory, subA_6, array</column>
<column name="subA_6_we0">out, 1, ap_memory, subA_6, array</column>
<column name="subA_6_d0">out, 32, ap_memory, subA_6, array</column>
<column name="subA_6_address1">out, 4, ap_memory, subA_6, array</column>
<column name="subA_6_ce1">out, 1, ap_memory, subA_6, array</column>
<column name="subA_6_we1">out, 1, ap_memory, subA_6, array</column>
<column name="subA_6_d1">out, 32, ap_memory, subA_6, array</column>
<column name="subA_5_address0">out, 4, ap_memory, subA_5, array</column>
<column name="subA_5_ce0">out, 1, ap_memory, subA_5, array</column>
<column name="subA_5_we0">out, 1, ap_memory, subA_5, array</column>
<column name="subA_5_d0">out, 32, ap_memory, subA_5, array</column>
<column name="subA_5_address1">out, 4, ap_memory, subA_5, array</column>
<column name="subA_5_ce1">out, 1, ap_memory, subA_5, array</column>
<column name="subA_5_we1">out, 1, ap_memory, subA_5, array</column>
<column name="subA_5_d1">out, 32, ap_memory, subA_5, array</column>
<column name="subA_4_address0">out, 4, ap_memory, subA_4, array</column>
<column name="subA_4_ce0">out, 1, ap_memory, subA_4, array</column>
<column name="subA_4_we0">out, 1, ap_memory, subA_4, array</column>
<column name="subA_4_d0">out, 32, ap_memory, subA_4, array</column>
<column name="subA_4_address1">out, 4, ap_memory, subA_4, array</column>
<column name="subA_4_ce1">out, 1, ap_memory, subA_4, array</column>
<column name="subA_4_we1">out, 1, ap_memory, subA_4, array</column>
<column name="subA_4_d1">out, 32, ap_memory, subA_4, array</column>
<column name="subA_3_address0">out, 4, ap_memory, subA_3, array</column>
<column name="subA_3_ce0">out, 1, ap_memory, subA_3, array</column>
<column name="subA_3_we0">out, 1, ap_memory, subA_3, array</column>
<column name="subA_3_d0">out, 32, ap_memory, subA_3, array</column>
<column name="subA_3_address1">out, 4, ap_memory, subA_3, array</column>
<column name="subA_3_ce1">out, 1, ap_memory, subA_3, array</column>
<column name="subA_3_we1">out, 1, ap_memory, subA_3, array</column>
<column name="subA_3_d1">out, 32, ap_memory, subA_3, array</column>
<column name="subA_2_address0">out, 4, ap_memory, subA_2, array</column>
<column name="subA_2_ce0">out, 1, ap_memory, subA_2, array</column>
<column name="subA_2_we0">out, 1, ap_memory, subA_2, array</column>
<column name="subA_2_d0">out, 32, ap_memory, subA_2, array</column>
<column name="subA_2_address1">out, 4, ap_memory, subA_2, array</column>
<column name="subA_2_ce1">out, 1, ap_memory, subA_2, array</column>
<column name="subA_2_we1">out, 1, ap_memory, subA_2, array</column>
<column name="subA_2_d1">out, 32, ap_memory, subA_2, array</column>
<column name="subA_1_address0">out, 4, ap_memory, subA_1, array</column>
<column name="subA_1_ce0">out, 1, ap_memory, subA_1, array</column>
<column name="subA_1_we0">out, 1, ap_memory, subA_1, array</column>
<column name="subA_1_d0">out, 32, ap_memory, subA_1, array</column>
<column name="subA_1_address1">out, 4, ap_memory, subA_1, array</column>
<column name="subA_1_ce1">out, 1, ap_memory, subA_1, array</column>
<column name="subA_1_we1">out, 1, ap_memory, subA_1, array</column>
<column name="subA_1_d1">out, 32, ap_memory, subA_1, array</column>
<column name="subA_address0">out, 4, ap_memory, subA, array</column>
<column name="subA_ce0">out, 1, ap_memory, subA, array</column>
<column name="subA_we0">out, 1, ap_memory, subA, array</column>
<column name="subA_d0">out, 32, ap_memory, subA, array</column>
<column name="subA_address1">out, 4, ap_memory, subA, array</column>
<column name="subA_ce1">out, 1, ap_memory, subA, array</column>
<column name="subA_we1">out, 1, ap_memory, subA, array</column>
<column name="subA_d1">out, 32, ap_memory, subA, array</column>
<column name="p_mid2">in, 8, ap_none, p_mid2, scalar</column>
<column name="localA_address0">out, 8, ap_memory, localA, array</column>
<column name="localA_ce0">out, 1, ap_memory, localA, array</column>
<column name="localA_q0">in, 32, ap_memory, localA, array</column>
<column name="localA_1_address0">out, 8, ap_memory, localA_1, array</column>
<column name="localA_1_ce0">out, 1, ap_memory, localA_1, array</column>
<column name="localA_1_q0">in, 32, ap_memory, localA_1, array</column>
<column name="localA_2_address0">out, 8, ap_memory, localA_2, array</column>
<column name="localA_2_ce0">out, 1, ap_memory, localA_2, array</column>
<column name="localA_2_q0">in, 32, ap_memory, localA_2, array</column>
<column name="localA_3_address0">out, 8, ap_memory, localA_3, array</column>
<column name="localA_3_ce0">out, 1, ap_memory, localA_3, array</column>
<column name="localA_3_q0">in, 32, ap_memory, localA_3, array</column>
<column name="localA_4_address0">out, 8, ap_memory, localA_4, array</column>
<column name="localA_4_ce0">out, 1, ap_memory, localA_4, array</column>
<column name="localA_4_q0">in, 32, ap_memory, localA_4, array</column>
<column name="localA_5_address0">out, 8, ap_memory, localA_5, array</column>
<column name="localA_5_ce0">out, 1, ap_memory, localA_5, array</column>
<column name="localA_5_q0">in, 32, ap_memory, localA_5, array</column>
<column name="localA_6_address0">out, 8, ap_memory, localA_6, array</column>
<column name="localA_6_ce0">out, 1, ap_memory, localA_6, array</column>
<column name="localA_6_q0">in, 32, ap_memory, localA_6, array</column>
<column name="localA_7_address0">out, 8, ap_memory, localA_7, array</column>
<column name="localA_7_ce0">out, 1, ap_memory, localA_7, array</column>
<column name="localA_7_q0">in, 32, ap_memory, localA_7, array</column>
<column name="localA_8_address0">out, 8, ap_memory, localA_8, array</column>
<column name="localA_8_ce0">out, 1, ap_memory, localA_8, array</column>
<column name="localA_8_q0">in, 32, ap_memory, localA_8, array</column>
<column name="localA_9_address0">out, 8, ap_memory, localA_9, array</column>
<column name="localA_9_ce0">out, 1, ap_memory, localA_9, array</column>
<column name="localA_9_q0">in, 32, ap_memory, localA_9, array</column>
<column name="p_ZZ5mmultE6localA_10_address0">out, 8, ap_memory, p_ZZ5mmultE6localA_10, array</column>
<column name="p_ZZ5mmultE6localA_10_ce0">out, 1, ap_memory, p_ZZ5mmultE6localA_10, array</column>
<column name="p_ZZ5mmultE6localA_10_q0">in, 32, ap_memory, p_ZZ5mmultE6localA_10, array</column>
<column name="p_ZZ5mmultE6localA_11_address0">out, 8, ap_memory, p_ZZ5mmultE6localA_11, array</column>
<column name="p_ZZ5mmultE6localA_11_ce0">out, 1, ap_memory, p_ZZ5mmultE6localA_11, array</column>
<column name="p_ZZ5mmultE6localA_11_q0">in, 32, ap_memory, p_ZZ5mmultE6localA_11, array</column>
<column name="p_ZZ5mmultE6localA_12_address0">out, 8, ap_memory, p_ZZ5mmultE6localA_12, array</column>
<column name="p_ZZ5mmultE6localA_12_ce0">out, 1, ap_memory, p_ZZ5mmultE6localA_12, array</column>
<column name="p_ZZ5mmultE6localA_12_q0">in, 32, ap_memory, p_ZZ5mmultE6localA_12, array</column>
<column name="p_ZZ5mmultE6localA_13_address0">out, 8, ap_memory, p_ZZ5mmultE6localA_13, array</column>
<column name="p_ZZ5mmultE6localA_13_ce0">out, 1, ap_memory, p_ZZ5mmultE6localA_13, array</column>
<column name="p_ZZ5mmultE6localA_13_q0">in, 32, ap_memory, p_ZZ5mmultE6localA_13, array</column>
<column name="p_ZZ5mmultE6localA_14_address0">out, 8, ap_memory, p_ZZ5mmultE6localA_14, array</column>
<column name="p_ZZ5mmultE6localA_14_ce0">out, 1, ap_memory, p_ZZ5mmultE6localA_14, array</column>
<column name="p_ZZ5mmultE6localA_14_q0">in, 32, ap_memory, p_ZZ5mmultE6localA_14, array</column>
<column name="p_ZZ5mmultE6localA_15_address0">out, 8, ap_memory, p_ZZ5mmultE6localA_15, array</column>
<column name="p_ZZ5mmultE6localA_15_ce0">out, 1, ap_memory, p_ZZ5mmultE6localA_15, array</column>
<column name="p_ZZ5mmultE6localA_15_q0">in, 32, ap_memory, p_ZZ5mmultE6localA_15, array</column>
<column name="p_ZZ5mmultE6localA_16_address0">out, 8, ap_memory, p_ZZ5mmultE6localA_16, array</column>
<column name="p_ZZ5mmultE6localA_16_ce0">out, 1, ap_memory, p_ZZ5mmultE6localA_16, array</column>
<column name="p_ZZ5mmultE6localA_16_q0">in, 32, ap_memory, p_ZZ5mmultE6localA_16, array</column>
<column name="p_ZZ5mmultE6localA_17_address0">out, 8, ap_memory, p_ZZ5mmultE6localA_17, array</column>
<column name="p_ZZ5mmultE6localA_17_ce0">out, 1, ap_memory, p_ZZ5mmultE6localA_17, array</column>
<column name="p_ZZ5mmultE6localA_17_q0">in, 32, ap_memory, p_ZZ5mmultE6localA_17, array</column>
<column name="p_ZZ5mmultE6localA_18_address0">out, 8, ap_memory, p_ZZ5mmultE6localA_18, array</column>
<column name="p_ZZ5mmultE6localA_18_ce0">out, 1, ap_memory, p_ZZ5mmultE6localA_18, array</column>
<column name="p_ZZ5mmultE6localA_18_q0">in, 32, ap_memory, p_ZZ5mmultE6localA_18, array</column>
<column name="p_ZZ5mmultE6localA_19_address0">out, 8, ap_memory, p_ZZ5mmultE6localA_19, array</column>
<column name="p_ZZ5mmultE6localA_19_ce0">out, 1, ap_memory, p_ZZ5mmultE6localA_19, array</column>
<column name="p_ZZ5mmultE6localA_19_q0">in, 32, ap_memory, p_ZZ5mmultE6localA_19, array</column>
<column name="p_ZZ5mmultE6localA_20_address0">out, 8, ap_memory, p_ZZ5mmultE6localA_20, array</column>
<column name="p_ZZ5mmultE6localA_20_ce0">out, 1, ap_memory, p_ZZ5mmultE6localA_20, array</column>
<column name="p_ZZ5mmultE6localA_20_q0">in, 32, ap_memory, p_ZZ5mmultE6localA_20, array</column>
<column name="p_ZZ5mmultE6localA_21_address0">out, 8, ap_memory, p_ZZ5mmultE6localA_21, array</column>
<column name="p_ZZ5mmultE6localA_21_ce0">out, 1, ap_memory, p_ZZ5mmultE6localA_21, array</column>
<column name="p_ZZ5mmultE6localA_21_q0">in, 32, ap_memory, p_ZZ5mmultE6localA_21, array</column>
<column name="p_ZZ5mmultE6localA_22_address0">out, 8, ap_memory, p_ZZ5mmultE6localA_22, array</column>
<column name="p_ZZ5mmultE6localA_22_ce0">out, 1, ap_memory, p_ZZ5mmultE6localA_22, array</column>
<column name="p_ZZ5mmultE6localA_22_q0">in, 32, ap_memory, p_ZZ5mmultE6localA_22, array</column>
<column name="p_ZZ5mmultE6localA_23_address0">out, 8, ap_memory, p_ZZ5mmultE6localA_23, array</column>
<column name="p_ZZ5mmultE6localA_23_ce0">out, 1, ap_memory, p_ZZ5mmultE6localA_23, array</column>
<column name="p_ZZ5mmultE6localA_23_q0">in, 32, ap_memory, p_ZZ5mmultE6localA_23, array</column>
<column name="p_ZZ5mmultE6localA_24_address0">out, 8, ap_memory, p_ZZ5mmultE6localA_24, array</column>
<column name="p_ZZ5mmultE6localA_24_ce0">out, 1, ap_memory, p_ZZ5mmultE6localA_24, array</column>
<column name="p_ZZ5mmultE6localA_24_q0">in, 32, ap_memory, p_ZZ5mmultE6localA_24, array</column>
<column name="p_ZZ5mmultE6localA_25_address0">out, 8, ap_memory, p_ZZ5mmultE6localA_25, array</column>
<column name="p_ZZ5mmultE6localA_25_ce0">out, 1, ap_memory, p_ZZ5mmultE6localA_25, array</column>
<column name="p_ZZ5mmultE6localA_25_q0">in, 32, ap_memory, p_ZZ5mmultE6localA_25, array</column>
<column name="p_ZZ5mmultE6localA_26_address0">out, 8, ap_memory, p_ZZ5mmultE6localA_26, array</column>
<column name="p_ZZ5mmultE6localA_26_ce0">out, 1, ap_memory, p_ZZ5mmultE6localA_26, array</column>
<column name="p_ZZ5mmultE6localA_26_q0">in, 32, ap_memory, p_ZZ5mmultE6localA_26, array</column>
<column name="p_ZZ5mmultE6localA_27_address0">out, 8, ap_memory, p_ZZ5mmultE6localA_27, array</column>
<column name="p_ZZ5mmultE6localA_27_ce0">out, 1, ap_memory, p_ZZ5mmultE6localA_27, array</column>
<column name="p_ZZ5mmultE6localA_27_q0">in, 32, ap_memory, p_ZZ5mmultE6localA_27, array</column>
<column name="p_ZZ5mmultE6localA_28_address0">out, 8, ap_memory, p_ZZ5mmultE6localA_28, array</column>
<column name="p_ZZ5mmultE6localA_28_ce0">out, 1, ap_memory, p_ZZ5mmultE6localA_28, array</column>
<column name="p_ZZ5mmultE6localA_28_q0">in, 32, ap_memory, p_ZZ5mmultE6localA_28, array</column>
<column name="p_ZZ5mmultE6localA_29_address0">out, 8, ap_memory, p_ZZ5mmultE6localA_29, array</column>
<column name="p_ZZ5mmultE6localA_29_ce0">out, 1, ap_memory, p_ZZ5mmultE6localA_29, array</column>
<column name="p_ZZ5mmultE6localA_29_q0">in, 32, ap_memory, p_ZZ5mmultE6localA_29, array</column>
<column name="p_ZZ5mmultE6localA_30_address0">out, 8, ap_memory, p_ZZ5mmultE6localA_30, array</column>
<column name="p_ZZ5mmultE6localA_30_ce0">out, 1, ap_memory, p_ZZ5mmultE6localA_30, array</column>
<column name="p_ZZ5mmultE6localA_30_q0">in, 32, ap_memory, p_ZZ5mmultE6localA_30, array</column>
<column name="p_ZZ5mmultE6localA_31_address0">out, 8, ap_memory, p_ZZ5mmultE6localA_31, array</column>
<column name="p_ZZ5mmultE6localA_31_ce0">out, 1, ap_memory, p_ZZ5mmultE6localA_31, array</column>
<column name="p_ZZ5mmultE6localA_31_q0">in, 32, ap_memory, p_ZZ5mmultE6localA_31, array</column>
<column name="p_ZZ5mmultE6localA_32_address0">out, 8, ap_memory, p_ZZ5mmultE6localA_32, array</column>
<column name="p_ZZ5mmultE6localA_32_ce0">out, 1, ap_memory, p_ZZ5mmultE6localA_32, array</column>
<column name="p_ZZ5mmultE6localA_32_q0">in, 32, ap_memory, p_ZZ5mmultE6localA_32, array</column>
<column name="p_ZZ5mmultE6localA_33_address0">out, 8, ap_memory, p_ZZ5mmultE6localA_33, array</column>
<column name="p_ZZ5mmultE6localA_33_ce0">out, 1, ap_memory, p_ZZ5mmultE6localA_33, array</column>
<column name="p_ZZ5mmultE6localA_33_q0">in, 32, ap_memory, p_ZZ5mmultE6localA_33, array</column>
<column name="p_ZZ5mmultE6localA_34_address0">out, 8, ap_memory, p_ZZ5mmultE6localA_34, array</column>
<column name="p_ZZ5mmultE6localA_34_ce0">out, 1, ap_memory, p_ZZ5mmultE6localA_34, array</column>
<column name="p_ZZ5mmultE6localA_34_q0">in, 32, ap_memory, p_ZZ5mmultE6localA_34, array</column>
<column name="p_ZZ5mmultE6localA_35_address0">out, 8, ap_memory, p_ZZ5mmultE6localA_35, array</column>
<column name="p_ZZ5mmultE6localA_35_ce0">out, 1, ap_memory, p_ZZ5mmultE6localA_35, array</column>
<column name="p_ZZ5mmultE6localA_35_q0">in, 32, ap_memory, p_ZZ5mmultE6localA_35, array</column>
<column name="p_ZZ5mmultE6localA_36_address0">out, 8, ap_memory, p_ZZ5mmultE6localA_36, array</column>
<column name="p_ZZ5mmultE6localA_36_ce0">out, 1, ap_memory, p_ZZ5mmultE6localA_36, array</column>
<column name="p_ZZ5mmultE6localA_36_q0">in, 32, ap_memory, p_ZZ5mmultE6localA_36, array</column>
<column name="p_ZZ5mmultE6localA_37_address0">out, 8, ap_memory, p_ZZ5mmultE6localA_37, array</column>
<column name="p_ZZ5mmultE6localA_37_ce0">out, 1, ap_memory, p_ZZ5mmultE6localA_37, array</column>
<column name="p_ZZ5mmultE6localA_37_q0">in, 32, ap_memory, p_ZZ5mmultE6localA_37, array</column>
<column name="p_ZZ5mmultE6localA_38_address0">out, 8, ap_memory, p_ZZ5mmultE6localA_38, array</column>
<column name="p_ZZ5mmultE6localA_38_ce0">out, 1, ap_memory, p_ZZ5mmultE6localA_38, array</column>
<column name="p_ZZ5mmultE6localA_38_q0">in, 32, ap_memory, p_ZZ5mmultE6localA_38, array</column>
<column name="p_ZZ5mmultE6localA_39_address0">out, 8, ap_memory, p_ZZ5mmultE6localA_39, array</column>
<column name="p_ZZ5mmultE6localA_39_ce0">out, 1, ap_memory, p_ZZ5mmultE6localA_39, array</column>
<column name="p_ZZ5mmultE6localA_39_q0">in, 32, ap_memory, p_ZZ5mmultE6localA_39, array</column>
<column name="p_ZZ5mmultE6localA_40_address0">out, 8, ap_memory, p_ZZ5mmultE6localA_40, array</column>
<column name="p_ZZ5mmultE6localA_40_ce0">out, 1, ap_memory, p_ZZ5mmultE6localA_40, array</column>
<column name="p_ZZ5mmultE6localA_40_q0">in, 32, ap_memory, p_ZZ5mmultE6localA_40, array</column>
<column name="p_ZZ5mmultE6localA_41_address0">out, 8, ap_memory, p_ZZ5mmultE6localA_41, array</column>
<column name="p_ZZ5mmultE6localA_41_ce0">out, 1, ap_memory, p_ZZ5mmultE6localA_41, array</column>
<column name="p_ZZ5mmultE6localA_41_q0">in, 32, ap_memory, p_ZZ5mmultE6localA_41, array</column>
<column name="p_ZZ5mmultE6localA_42_address0">out, 8, ap_memory, p_ZZ5mmultE6localA_42, array</column>
<column name="p_ZZ5mmultE6localA_42_ce0">out, 1, ap_memory, p_ZZ5mmultE6localA_42, array</column>
<column name="p_ZZ5mmultE6localA_42_q0">in, 32, ap_memory, p_ZZ5mmultE6localA_42, array</column>
<column name="p_ZZ5mmultE6localA_43_address0">out, 8, ap_memory, p_ZZ5mmultE6localA_43, array</column>
<column name="p_ZZ5mmultE6localA_43_ce0">out, 1, ap_memory, p_ZZ5mmultE6localA_43, array</column>
<column name="p_ZZ5mmultE6localA_43_q0">in, 32, ap_memory, p_ZZ5mmultE6localA_43, array</column>
<column name="p_ZZ5mmultE6localA_44_address0">out, 8, ap_memory, p_ZZ5mmultE6localA_44, array</column>
<column name="p_ZZ5mmultE6localA_44_ce0">out, 1, ap_memory, p_ZZ5mmultE6localA_44, array</column>
<column name="p_ZZ5mmultE6localA_44_q0">in, 32, ap_memory, p_ZZ5mmultE6localA_44, array</column>
<column name="p_ZZ5mmultE6localA_45_address0">out, 8, ap_memory, p_ZZ5mmultE6localA_45, array</column>
<column name="p_ZZ5mmultE6localA_45_ce0">out, 1, ap_memory, p_ZZ5mmultE6localA_45, array</column>
<column name="p_ZZ5mmultE6localA_45_q0">in, 32, ap_memory, p_ZZ5mmultE6localA_45, array</column>
<column name="p_ZZ5mmultE6localA_46_address0">out, 8, ap_memory, p_ZZ5mmultE6localA_46, array</column>
<column name="p_ZZ5mmultE6localA_46_ce0">out, 1, ap_memory, p_ZZ5mmultE6localA_46, array</column>
<column name="p_ZZ5mmultE6localA_46_q0">in, 32, ap_memory, p_ZZ5mmultE6localA_46, array</column>
<column name="p_ZZ5mmultE6localA_47_address0">out, 8, ap_memory, p_ZZ5mmultE6localA_47, array</column>
<column name="p_ZZ5mmultE6localA_47_ce0">out, 1, ap_memory, p_ZZ5mmultE6localA_47, array</column>
<column name="p_ZZ5mmultE6localA_47_q0">in, 32, ap_memory, p_ZZ5mmultE6localA_47, array</column>
<column name="p_ZZ5mmultE6localA_48_address0">out, 8, ap_memory, p_ZZ5mmultE6localA_48, array</column>
<column name="p_ZZ5mmultE6localA_48_ce0">out, 1, ap_memory, p_ZZ5mmultE6localA_48, array</column>
<column name="p_ZZ5mmultE6localA_48_q0">in, 32, ap_memory, p_ZZ5mmultE6localA_48, array</column>
<column name="p_ZZ5mmultE6localA_49_address0">out, 8, ap_memory, p_ZZ5mmultE6localA_49, array</column>
<column name="p_ZZ5mmultE6localA_49_ce0">out, 1, ap_memory, p_ZZ5mmultE6localA_49, array</column>
<column name="p_ZZ5mmultE6localA_49_q0">in, 32, ap_memory, p_ZZ5mmultE6localA_49, array</column>
<column name="p_ZZ5mmultE6localA_50_address0">out, 8, ap_memory, p_ZZ5mmultE6localA_50, array</column>
<column name="p_ZZ5mmultE6localA_50_ce0">out, 1, ap_memory, p_ZZ5mmultE6localA_50, array</column>
<column name="p_ZZ5mmultE6localA_50_q0">in, 32, ap_memory, p_ZZ5mmultE6localA_50, array</column>
<column name="p_ZZ5mmultE6localA_51_address0">out, 8, ap_memory, p_ZZ5mmultE6localA_51, array</column>
<column name="p_ZZ5mmultE6localA_51_ce0">out, 1, ap_memory, p_ZZ5mmultE6localA_51, array</column>
<column name="p_ZZ5mmultE6localA_51_q0">in, 32, ap_memory, p_ZZ5mmultE6localA_51, array</column>
<column name="p_ZZ5mmultE6localA_52_address0">out, 8, ap_memory, p_ZZ5mmultE6localA_52, array</column>
<column name="p_ZZ5mmultE6localA_52_ce0">out, 1, ap_memory, p_ZZ5mmultE6localA_52, array</column>
<column name="p_ZZ5mmultE6localA_52_q0">in, 32, ap_memory, p_ZZ5mmultE6localA_52, array</column>
<column name="p_ZZ5mmultE6localA_53_address0">out, 8, ap_memory, p_ZZ5mmultE6localA_53, array</column>
<column name="p_ZZ5mmultE6localA_53_ce0">out, 1, ap_memory, p_ZZ5mmultE6localA_53, array</column>
<column name="p_ZZ5mmultE6localA_53_q0">in, 32, ap_memory, p_ZZ5mmultE6localA_53, array</column>
<column name="p_ZZ5mmultE6localA_54_address0">out, 8, ap_memory, p_ZZ5mmultE6localA_54, array</column>
<column name="p_ZZ5mmultE6localA_54_ce0">out, 1, ap_memory, p_ZZ5mmultE6localA_54, array</column>
<column name="p_ZZ5mmultE6localA_54_q0">in, 32, ap_memory, p_ZZ5mmultE6localA_54, array</column>
<column name="p_ZZ5mmultE6localA_55_address0">out, 8, ap_memory, p_ZZ5mmultE6localA_55, array</column>
<column name="p_ZZ5mmultE6localA_55_ce0">out, 1, ap_memory, p_ZZ5mmultE6localA_55, array</column>
<column name="p_ZZ5mmultE6localA_55_q0">in, 32, ap_memory, p_ZZ5mmultE6localA_55, array</column>
<column name="p_ZZ5mmultE6localA_56_address0">out, 8, ap_memory, p_ZZ5mmultE6localA_56, array</column>
<column name="p_ZZ5mmultE6localA_56_ce0">out, 1, ap_memory, p_ZZ5mmultE6localA_56, array</column>
<column name="p_ZZ5mmultE6localA_56_q0">in, 32, ap_memory, p_ZZ5mmultE6localA_56, array</column>
<column name="p_ZZ5mmultE6localA_57_address0">out, 8, ap_memory, p_ZZ5mmultE6localA_57, array</column>
<column name="p_ZZ5mmultE6localA_57_ce0">out, 1, ap_memory, p_ZZ5mmultE6localA_57, array</column>
<column name="p_ZZ5mmultE6localA_57_q0">in, 32, ap_memory, p_ZZ5mmultE6localA_57, array</column>
<column name="p_ZZ5mmultE6localA_58_address0">out, 8, ap_memory, p_ZZ5mmultE6localA_58, array</column>
<column name="p_ZZ5mmultE6localA_58_ce0">out, 1, ap_memory, p_ZZ5mmultE6localA_58, array</column>
<column name="p_ZZ5mmultE6localA_58_q0">in, 32, ap_memory, p_ZZ5mmultE6localA_58, array</column>
<column name="p_ZZ5mmultE6localA_59_address0">out, 8, ap_memory, p_ZZ5mmultE6localA_59, array</column>
<column name="p_ZZ5mmultE6localA_59_ce0">out, 1, ap_memory, p_ZZ5mmultE6localA_59, array</column>
<column name="p_ZZ5mmultE6localA_59_q0">in, 32, ap_memory, p_ZZ5mmultE6localA_59, array</column>
<column name="p_ZZ5mmultE6localA_60_address0">out, 8, ap_memory, p_ZZ5mmultE6localA_60, array</column>
<column name="p_ZZ5mmultE6localA_60_ce0">out, 1, ap_memory, p_ZZ5mmultE6localA_60, array</column>
<column name="p_ZZ5mmultE6localA_60_q0">in, 32, ap_memory, p_ZZ5mmultE6localA_60, array</column>
<column name="p_ZZ5mmultE6localA_61_address0">out, 8, ap_memory, p_ZZ5mmultE6localA_61, array</column>
<column name="p_ZZ5mmultE6localA_61_ce0">out, 1, ap_memory, p_ZZ5mmultE6localA_61, array</column>
<column name="p_ZZ5mmultE6localA_61_q0">in, 32, ap_memory, p_ZZ5mmultE6localA_61, array</column>
<column name="p_ZZ5mmultE6localA_62_address0">out, 8, ap_memory, p_ZZ5mmultE6localA_62, array</column>
<column name="p_ZZ5mmultE6localA_62_ce0">out, 1, ap_memory, p_ZZ5mmultE6localA_62, array</column>
<column name="p_ZZ5mmultE6localA_62_q0">in, 32, ap_memory, p_ZZ5mmultE6localA_62, array</column>
<column name="p_ZZ5mmultE6localA_63_address0">out, 8, ap_memory, p_ZZ5mmultE6localA_63, array</column>
<column name="p_ZZ5mmultE6localA_63_ce0">out, 1, ap_memory, p_ZZ5mmultE6localA_63, array</column>
<column name="p_ZZ5mmultE6localA_63_q0">in, 32, ap_memory, p_ZZ5mmultE6localA_63, array</column>
</table>
</item>
</section>
</profile>
