<profile>

<section name = "Vitis HLS Report for 'mmult_Pipeline_readA'" level="0">
<item name = "Date">Thu Dec 26 01:54:23 2024
</item>
<item name = "Version">2022.1 (Build 3526262 on Mon Apr 18 15:47:01 MDT 2022)</item>
<item name = "Project">q_matmul_k</item>
<item name = "Solution">solution1 (Vivado IP Flow Target)</item>
<item name = "Product family">virtexuplus</item>
<item name = "Target device">xcu50-fsvh2104-2-e</item>
</section>

<section name = "Performance Estimates" level="0">
<item name = "Timing">
<section name = "" level="1">
<item name = "Summary"><table name="" hasTotal="0">
<keys size="4">Clock, Target, Estimated, Uncertainty</keys>
<column name="ap_clk">10.00 ns, 7.300 ns, 2.70 ns</column>
</table>
</item>
</section>
</item>
<item name = "Latency">
<section name = "" level="1">
<item name = "Summary"><table name="" hasTotal="0">
<keys size="8">, min, max, min, max, min, max, Type</keys>
<column name="">12617, 12617, 0.126 ms, 0.126 ms, 12617, 12617, no</column>
</table>
</item>
<item name = "Detail">
<section name = "" level="1">
<item name = "Instance"><table name="" hasTotal="0">
<keys size="9">Instance, Module, min, max, min, max, min, max, Type</keys>
</table>
</item>
<item name = "Loop"><table name="" hasTotal="0">
<keys size="8">Loop Name, min, max, Latency, achieved, target, Count, Pipelined</keys>
<column name="- readA">12609, 12609, 3, 1, 1, 12608, yes</column>
</table>
</item>
</section>
</item>
</section>
</item>
</section>

<section name = "Utilization Estimates" level="0">
<item name = "Summary"><table name="" hasTotal="1">
<keys size="6">Name, BRAM_18K, DSP, FF, LUT, URAM</keys>
<column name="DSP">-, -, -, -, -</column>
<column name="Expression">-, -, 0, 201, -</column>
<column name="FIFO">-, -, -, -, -</column>
<column name="Instance">-, -, -, -, -</column>
<column name="Memory">-, -, -, -, -</column>
<column name="Multiplexer">-, -, -, 117, -</column>
<column name="Register">-, -, 122, -, -</column>
<specialColumn name="Available SLR">1344, 2976, 871680, 435840, 320</specialColumn>
<specialColumn name="Utilization SLR (%)">0, 0, ~0, ~0, 0</specialColumn>
<specialColumn name="Available">2688, 5952, 1743360, 871680, 640</specialColumn>
<specialColumn name="Utilization (%)">0, 0, ~0, ~0, 0</specialColumn>
</table>
</item>
<item name = "Detail">
<section name = "" level="1">
<item name = "Instance"><table name="" hasTotal="1">
<keys size="7">Instance, Module, BRAM_18K, DSP, FF, LUT, URAM</keys>
</table>
</item>
<item name = "DSP"><table name="" hasTotal="0">
<keys size="3">Instance, Module, Expression</keys>
</table>
</item>
<item name = "Memory"><table name="" hasTotal="1">
<keys size="10">Memory, Module, BRAM_18K, FF, LUT, URAM, Words, Bits, Banks, W*Bits*Banks</keys>
</table>
</item>
<item name = "FIFO"><table name="" hasTotal="1">
<keys size="8">Name, BRAM_18K, FF, LUT, URAM, Depth, Bits, Size:D*B</keys>
</table>
</item>
<item name = "Expression"><table name="" hasTotal="1">
<keys size="7">Variable Name, Operation, DSP, FF, LUT, Bitwidth P0, Bitwidth P1</keys>
<column name="add_ln51_fu_1477_p2">+, 0, 0, 21, 14, 1</column>
<column name="add_ln54_fu_1504_p2">+, 0, 0, 39, 32, 1</column>
<column name="j_6_fu_1598_p2">+, 0, 0, 39, 32, 1</column>
<column name="ap_block_pp0_stage0_11001">and, 0, 0, 2, 1, 1</column>
<column name="icmp_ln51_fu_1471_p2">icmp, 0, 0, 12, 14, 13</column>
<column name="icmp_ln53_fu_1498_p2">icmp, 0, 0, 20, 32, 7</column>
<column name="i_4_fu_1518_p3">select, 0, 0, 32, 1, 32</column>
<column name="j_5_fu_1510_p3">select, 0, 0, 32, 1, 1</column>
<column name="ap_enable_pp0">xor, 0, 0, 2, 1, 2</column>
<column name="ap_enable_reg_pp0_iter1">xor, 0, 0, 2, 2, 1</column>
</table>
</item>
<item name = "Multiplexer"><table name="" hasTotal="1">
<keys size="5">Name, LUT, Input Size, Bits, Total Bits</keys>
<column name="ap_NS_fsm">54, 10, 1, 10</column>
<column name="ap_enable_reg_pp0_iter1">9, 2, 1, 2</column>
<column name="ap_enable_reg_pp0_iter2">9, 2, 1, 2</column>
<column name="gmem0_blk_n_AR">9, 2, 1, 2</column>
<column name="gmem0_blk_n_R">9, 2, 1, 2</column>
<column name="i_fu_322">9, 2, 32, 64</column>
<column name="j_fu_318">9, 2, 32, 64</column>
<column name="loc_fu_326">9, 2, 14, 28</column>
</table>
</item>
<item name = "Register"><table name="" hasTotal="1">
<keys size="5">Name, FF, LUT, Bits, Const Bits</keys>
<column name="ap_CS_fsm">9, 0, 9, 0</column>
<column name="ap_enable_reg_pp0_iter0">1, 0, 1, 0</column>
<column name="ap_enable_reg_pp0_iter1">1, 0, 1, 0</column>
<column name="ap_enable_reg_pp0_iter2">1, 0, 1, 0</column>
<column name="bitcast_ln57_reg_1644">32, 0, 32, 0</column>
<column name="i_fu_322">32, 0, 32, 0</column>
<column name="j_fu_318">32, 0, 32, 0</column>
<column name="loc_fu_326">14, 0, 14, 0</column>
</table>
</item>
</section>
</item>
</section>

<section name = "Interface" level="0">
<item name = "Summary"><table name="" hasTotal="0">
<keys size="6">RTL Ports, Dir, Bits, Protocol, Source Object, C Type</keys>
<column name="ap_clk">in, 1, ap_ctrl_hs, mmult_Pipeline_readA, return value</column>
<column name="ap_rst">in, 1, ap_ctrl_hs, mmult_Pipeline_readA, return value</column>
<column name="ap_start">in, 1, ap_ctrl_hs, mmult_Pipeline_readA, return value</column>
<column name="ap_done">out, 1, ap_ctrl_hs, mmult_Pipeline_readA, return value</column>
<column name="ap_idle">out, 1, ap_ctrl_hs, mmult_Pipeline_readA, return value</column>
<column name="ap_ready">out, 1, ap_ctrl_hs, mmult_Pipeline_readA, return value</column>
<column name="m_axi_gmem0_AWVALID">out, 1, m_axi, gmem0, pointer</column>
<column name="m_axi_gmem0_AWREADY">in, 1, m_axi, gmem0, pointer</column>
<column name="m_axi_gmem0_AWADDR">out, 64, m_axi, gmem0, pointer</column>
<column name="m_axi_gmem0_AWID">out, 1, m_axi, gmem0, pointer</column>
<column name="m_axi_gmem0_AWLEN">out, 32, m_axi, gmem0, pointer</column>
<column name="m_axi_gmem0_AWSIZE">out, 3, m_axi, gmem0, pointer</column>
<column name="m_axi_gmem0_AWBURST">out, 2, m_axi, gmem0, pointer</column>
<column name="m_axi_gmem0_AWLOCK">out, 2, m_axi, gmem0, pointer</column>
<column name="m_axi_gmem0_AWCACHE">out, 4, m_axi, gmem0, pointer</column>
<column name="m_axi_gmem0_AWPROT">out, 3, m_axi, gmem0, pointer</column>
<column name="m_axi_gmem0_AWQOS">out, 4, m_axi, gmem0, pointer</column>
<column name="m_axi_gmem0_AWREGION">out, 4, m_axi, gmem0, pointer</column>
<column name="m_axi_gmem0_AWUSER">out, 1, m_axi, gmem0, pointer</column>
<column name="m_axi_gmem0_WVALID">out, 1, m_axi, gmem0, pointer</column>
<column name="m_axi_gmem0_WREADY">in, 1, m_axi, gmem0, pointer</column>
<column name="m_axi_gmem0_WDATA">out, 32, m_axi, gmem0, pointer</column>
<column name="m_axi_gmem0_WSTRB">out, 4, m_axi, gmem0, pointer</column>
<column name="m_axi_gmem0_WLAST">out, 1, m_axi, gmem0, pointer</column>
<column name="m_axi_gmem0_WID">out, 1, m_axi, gmem0, pointer</column>
<column name="m_axi_gmem0_WUSER">out, 1, m_axi, gmem0, pointer</column>
<column name="m_axi_gmem0_ARVALID">out, 1, m_axi, gmem0, pointer</column>
<column name="m_axi_gmem0_ARREADY">in, 1, m_axi, gmem0, pointer</column>
<column name="m_axi_gmem0_ARADDR">out, 64, m_axi, gmem0, pointer</column>
<column name="m_axi_gmem0_ARID">out, 1, m_axi, gmem0, pointer</column>
<column name="m_axi_gmem0_ARLEN">out, 32, m_axi, gmem0, pointer</column>
<column name="m_axi_gmem0_ARSIZE">out, 3, m_axi, gmem0, pointer</column>
<column name="m_axi_gmem0_ARBURST">out, 2, m_axi, gmem0, pointer</column>
<column name="m_axi_gmem0_ARLOCK">out, 2, m_axi, gmem0, pointer</column>
<column name="m_axi_gmem0_ARCACHE">out, 4, m_axi, gmem0, pointer</column>
<column name="m_axi_gmem0_ARPROT">out, 3, m_axi, gmem0, pointer</column>
<column name="m_axi_gmem0_ARQOS">out, 4, m_axi, gmem0, pointer</column>
<column name="m_axi_gmem0_ARREGION">out, 4, m_axi, gmem0, pointer</column>
<column name="m_axi_gmem0_ARUSER">out, 1, m_axi, gmem0, pointer</column>
<column name="m_axi_gmem0_RVALID">in, 1, m_axi, gmem0, pointer</column>
<column name="m_axi_gmem0_RREADY">out, 1, m_axi, gmem0, pointer</column>
<column name="m_axi_gmem0_RDATA">in, 32, m_axi, gmem0, pointer</column>
<column name="m_axi_gmem0_RLAST">in, 1, m_axi, gmem0, pointer</column>
<column name="m_axi_gmem0_RID">in, 1, m_axi, gmem0, pointer</column>
<column name="m_axi_gmem0_RFIFONUM">in, 9, m_axi, gmem0, pointer</column>
<column name="m_axi_gmem0_RUSER">in, 1, m_axi, gmem0, pointer</column>
<column name="m_axi_gmem0_RRESP">in, 2, m_axi, gmem0, pointer</column>
<column name="m_axi_gmem0_BVALID">in, 1, m_axi, gmem0, pointer</column>
<column name="m_axi_gmem0_BREADY">out, 1, m_axi, gmem0, pointer</column>
<column name="m_axi_gmem0_BRESP">in, 2, m_axi, gmem0, pointer</column>
<column name="m_axi_gmem0_BID">in, 1, m_axi, gmem0, pointer</column>
<column name="m_axi_gmem0_BUSER">in, 1, m_axi, gmem0, pointer</column>
<column name="sext_ln57">in, 62, ap_none, sext_ln57, scalar</column>
<column name="a">in, 64, ap_none, a, scalar</column>
<column name="localA_address1">out, 8, ap_memory, localA, array</column>
<column name="localA_ce1">out, 1, ap_memory, localA, array</column>
<column name="localA_we1">out, 1, ap_memory, localA, array</column>
<column name="localA_d1">out, 32, ap_memory, localA, array</column>
<column name="localA_1_address1">out, 8, ap_memory, localA_1, array</column>
<column name="localA_1_ce1">out, 1, ap_memory, localA_1, array</column>
<column name="localA_1_we1">out, 1, ap_memory, localA_1, array</column>
<column name="localA_1_d1">out, 32, ap_memory, localA_1, array</column>
<column name="localA_2_address1">out, 8, ap_memory, localA_2, array</column>
<column name="localA_2_ce1">out, 1, ap_memory, localA_2, array</column>
<column name="localA_2_we1">out, 1, ap_memory, localA_2, array</column>
<column name="localA_2_d1">out, 32, ap_memory, localA_2, array</column>
<column name="localA_3_address1">out, 8, ap_memory, localA_3, array</column>
<column name="localA_3_ce1">out, 1, ap_memory, localA_3, array</column>
<column name="localA_3_we1">out, 1, ap_memory, localA_3, array</column>
<column name="localA_3_d1">out, 32, ap_memory, localA_3, array</column>
<column name="localA_4_address1">out, 8, ap_memory, localA_4, array</column>
<column name="localA_4_ce1">out, 1, ap_memory, localA_4, array</column>
<column name="localA_4_we1">out, 1, ap_memory, localA_4, array</column>
<column name="localA_4_d1">out, 32, ap_memory, localA_4, array</column>
<column name="localA_5_address1">out, 8, ap_memory, localA_5, array</column>
<column name="localA_5_ce1">out, 1, ap_memory, localA_5, array</column>
<column name="localA_5_we1">out, 1, ap_memory, localA_5, array</column>
<column name="localA_5_d1">out, 32, ap_memory, localA_5, array</column>
<column name="localA_6_address1">out, 8, ap_memory, localA_6, array</column>
<column name="localA_6_ce1">out, 1, ap_memory, localA_6, array</column>
<column name="localA_6_we1">out, 1, ap_memory, localA_6, array</column>
<column name="localA_6_d1">out, 32, ap_memory, localA_6, array</column>
<column name="localA_7_address1">out, 8, ap_memory, localA_7, array</column>
<column name="localA_7_ce1">out, 1, ap_memory, localA_7, array</column>
<column name="localA_7_we1">out, 1, ap_memory, localA_7, array</column>
<column name="localA_7_d1">out, 32, ap_memory, localA_7, array</column>
<column name="localA_8_address1">out, 8, ap_memory, localA_8, array</column>
<column name="localA_8_ce1">out, 1, ap_memory, localA_8, array</column>
<column name="localA_8_we1">out, 1, ap_memory, localA_8, array</column>
<column name="localA_8_d1">out, 32, ap_memory, localA_8, array</column>
<column name="localA_9_address1">out, 8, ap_memory, localA_9, array</column>
<column name="localA_9_ce1">out, 1, ap_memory, localA_9, array</column>
<column name="localA_9_we1">out, 1, ap_memory, localA_9, array</column>
<column name="localA_9_d1">out, 32, ap_memory, localA_9, array</column>
<column name="p_ZZ5mmultE6localA_10_address1">out, 8, ap_memory, p_ZZ5mmultE6localA_10, array</column>
<column name="p_ZZ5mmultE6localA_10_ce1">out, 1, ap_memory, p_ZZ5mmultE6localA_10, array</column>
<column name="p_ZZ5mmultE6localA_10_we1">out, 1, ap_memory, p_ZZ5mmultE6localA_10, array</column>
<column name="p_ZZ5mmultE6localA_10_d1">out, 32, ap_memory, p_ZZ5mmultE6localA_10, array</column>
<column name="p_ZZ5mmultE6localA_11_address1">out, 8, ap_memory, p_ZZ5mmultE6localA_11, array</column>
<column name="p_ZZ5mmultE6localA_11_ce1">out, 1, ap_memory, p_ZZ5mmultE6localA_11, array</column>
<column name="p_ZZ5mmultE6localA_11_we1">out, 1, ap_memory, p_ZZ5mmultE6localA_11, array</column>
<column name="p_ZZ5mmultE6localA_11_d1">out, 32, ap_memory, p_ZZ5mmultE6localA_11, array</column>
<column name="p_ZZ5mmultE6localA_12_address1">out, 8, ap_memory, p_ZZ5mmultE6localA_12, array</column>
<column name="p_ZZ5mmultE6localA_12_ce1">out, 1, ap_memory, p_ZZ5mmultE6localA_12, array</column>
<column name="p_ZZ5mmultE6localA_12_we1">out, 1, ap_memory, p_ZZ5mmultE6localA_12, array</column>
<column name="p_ZZ5mmultE6localA_12_d1">out, 32, ap_memory, p_ZZ5mmultE6localA_12, array</column>
<column name="p_ZZ5mmultE6localA_13_address1">out, 8, ap_memory, p_ZZ5mmultE6localA_13, array</column>
<column name="p_ZZ5mmultE6localA_13_ce1">out, 1, ap_memory, p_ZZ5mmultE6localA_13, array</column>
<column name="p_ZZ5mmultE6localA_13_we1">out, 1, ap_memory, p_ZZ5mmultE6localA_13, array</column>
<column name="p_ZZ5mmultE6localA_13_d1">out, 32, ap_memory, p_ZZ5mmultE6localA_13, array</column>
<column name="p_ZZ5mmultE6localA_14_address1">out, 8, ap_memory, p_ZZ5mmultE6localA_14, array</column>
<column name="p_ZZ5mmultE6localA_14_ce1">out, 1, ap_memory, p_ZZ5mmultE6localA_14, array</column>
<column name="p_ZZ5mmultE6localA_14_we1">out, 1, ap_memory, p_ZZ5mmultE6localA_14, array</column>
<column name="p_ZZ5mmultE6localA_14_d1">out, 32, ap_memory, p_ZZ5mmultE6localA_14, array</column>
<column name="p_ZZ5mmultE6localA_15_address1">out, 8, ap_memory, p_ZZ5mmultE6localA_15, array</column>
<column name="p_ZZ5mmultE6localA_15_ce1">out, 1, ap_memory, p_ZZ5mmultE6localA_15, array</column>
<column name="p_ZZ5mmultE6localA_15_we1">out, 1, ap_memory, p_ZZ5mmultE6localA_15, array</column>
<column name="p_ZZ5mmultE6localA_15_d1">out, 32, ap_memory, p_ZZ5mmultE6localA_15, array</column>
<column name="p_ZZ5mmultE6localA_16_address1">out, 8, ap_memory, p_ZZ5mmultE6localA_16, array</column>
<column name="p_ZZ5mmultE6localA_16_ce1">out, 1, ap_memory, p_ZZ5mmultE6localA_16, array</column>
<column name="p_ZZ5mmultE6localA_16_we1">out, 1, ap_memory, p_ZZ5mmultE6localA_16, array</column>
<column name="p_ZZ5mmultE6localA_16_d1">out, 32, ap_memory, p_ZZ5mmultE6localA_16, array</column>
<column name="p_ZZ5mmultE6localA_17_address1">out, 8, ap_memory, p_ZZ5mmultE6localA_17, array</column>
<column name="p_ZZ5mmultE6localA_17_ce1">out, 1, ap_memory, p_ZZ5mmultE6localA_17, array</column>
<column name="p_ZZ5mmultE6localA_17_we1">out, 1, ap_memory, p_ZZ5mmultE6localA_17, array</column>
<column name="p_ZZ5mmultE6localA_17_d1">out, 32, ap_memory, p_ZZ5mmultE6localA_17, array</column>
<column name="p_ZZ5mmultE6localA_18_address1">out, 8, ap_memory, p_ZZ5mmultE6localA_18, array</column>
<column name="p_ZZ5mmultE6localA_18_ce1">out, 1, ap_memory, p_ZZ5mmultE6localA_18, array</column>
<column name="p_ZZ5mmultE6localA_18_we1">out, 1, ap_memory, p_ZZ5mmultE6localA_18, array</column>
<column name="p_ZZ5mmultE6localA_18_d1">out, 32, ap_memory, p_ZZ5mmultE6localA_18, array</column>
<column name="p_ZZ5mmultE6localA_19_address1">out, 8, ap_memory, p_ZZ5mmultE6localA_19, array</column>
<column name="p_ZZ5mmultE6localA_19_ce1">out, 1, ap_memory, p_ZZ5mmultE6localA_19, array</column>
<column name="p_ZZ5mmultE6localA_19_we1">out, 1, ap_memory, p_ZZ5mmultE6localA_19, array</column>
<column name="p_ZZ5mmultE6localA_19_d1">out, 32, ap_memory, p_ZZ5mmultE6localA_19, array</column>
<column name="p_ZZ5mmultE6localA_20_address1">out, 8, ap_memory, p_ZZ5mmultE6localA_20, array</column>
<column name="p_ZZ5mmultE6localA_20_ce1">out, 1, ap_memory, p_ZZ5mmultE6localA_20, array</column>
<column name="p_ZZ5mmultE6localA_20_we1">out, 1, ap_memory, p_ZZ5mmultE6localA_20, array</column>
<column name="p_ZZ5mmultE6localA_20_d1">out, 32, ap_memory, p_ZZ5mmultE6localA_20, array</column>
<column name="p_ZZ5mmultE6localA_21_address1">out, 8, ap_memory, p_ZZ5mmultE6localA_21, array</column>
<column name="p_ZZ5mmultE6localA_21_ce1">out, 1, ap_memory, p_ZZ5mmultE6localA_21, array</column>
<column name="p_ZZ5mmultE6localA_21_we1">out, 1, ap_memory, p_ZZ5mmultE6localA_21, array</column>
<column name="p_ZZ5mmultE6localA_21_d1">out, 32, ap_memory, p_ZZ5mmultE6localA_21, array</column>
<column name="p_ZZ5mmultE6localA_22_address1">out, 8, ap_memory, p_ZZ5mmultE6localA_22, array</column>
<column name="p_ZZ5mmultE6localA_22_ce1">out, 1, ap_memory, p_ZZ5mmultE6localA_22, array</column>
<column name="p_ZZ5mmultE6localA_22_we1">out, 1, ap_memory, p_ZZ5mmultE6localA_22, array</column>
<column name="p_ZZ5mmultE6localA_22_d1">out, 32, ap_memory, p_ZZ5mmultE6localA_22, array</column>
<column name="p_ZZ5mmultE6localA_23_address1">out, 8, ap_memory, p_ZZ5mmultE6localA_23, array</column>
<column name="p_ZZ5mmultE6localA_23_ce1">out, 1, ap_memory, p_ZZ5mmultE6localA_23, array</column>
<column name="p_ZZ5mmultE6localA_23_we1">out, 1, ap_memory, p_ZZ5mmultE6localA_23, array</column>
<column name="p_ZZ5mmultE6localA_23_d1">out, 32, ap_memory, p_ZZ5mmultE6localA_23, array</column>
<column name="p_ZZ5mmultE6localA_24_address1">out, 8, ap_memory, p_ZZ5mmultE6localA_24, array</column>
<column name="p_ZZ5mmultE6localA_24_ce1">out, 1, ap_memory, p_ZZ5mmultE6localA_24, array</column>
<column name="p_ZZ5mmultE6localA_24_we1">out, 1, ap_memory, p_ZZ5mmultE6localA_24, array</column>
<column name="p_ZZ5mmultE6localA_24_d1">out, 32, ap_memory, p_ZZ5mmultE6localA_24, array</column>
<column name="p_ZZ5mmultE6localA_25_address1">out, 8, ap_memory, p_ZZ5mmultE6localA_25, array</column>
<column name="p_ZZ5mmultE6localA_25_ce1">out, 1, ap_memory, p_ZZ5mmultE6localA_25, array</column>
<column name="p_ZZ5mmultE6localA_25_we1">out, 1, ap_memory, p_ZZ5mmultE6localA_25, array</column>
<column name="p_ZZ5mmultE6localA_25_d1">out, 32, ap_memory, p_ZZ5mmultE6localA_25, array</column>
<column name="p_ZZ5mmultE6localA_26_address1">out, 8, ap_memory, p_ZZ5mmultE6localA_26, array</column>
<column name="p_ZZ5mmultE6localA_26_ce1">out, 1, ap_memory, p_ZZ5mmultE6localA_26, array</column>
<column name="p_ZZ5mmultE6localA_26_we1">out, 1, ap_memory, p_ZZ5mmultE6localA_26, array</column>
<column name="p_ZZ5mmultE6localA_26_d1">out, 32, ap_memory, p_ZZ5mmultE6localA_26, array</column>
<column name="p_ZZ5mmultE6localA_27_address1">out, 8, ap_memory, p_ZZ5mmultE6localA_27, array</column>
<column name="p_ZZ5mmultE6localA_27_ce1">out, 1, ap_memory, p_ZZ5mmultE6localA_27, array</column>
<column name="p_ZZ5mmultE6localA_27_we1">out, 1, ap_memory, p_ZZ5mmultE6localA_27, array</column>
<column name="p_ZZ5mmultE6localA_27_d1">out, 32, ap_memory, p_ZZ5mmultE6localA_27, array</column>
<column name="p_ZZ5mmultE6localA_28_address1">out, 8, ap_memory, p_ZZ5mmultE6localA_28, array</column>
<column name="p_ZZ5mmultE6localA_28_ce1">out, 1, ap_memory, p_ZZ5mmultE6localA_28, array</column>
<column name="p_ZZ5mmultE6localA_28_we1">out, 1, ap_memory, p_ZZ5mmultE6localA_28, array</column>
<column name="p_ZZ5mmultE6localA_28_d1">out, 32, ap_memory, p_ZZ5mmultE6localA_28, array</column>
<column name="p_ZZ5mmultE6localA_29_address1">out, 8, ap_memory, p_ZZ5mmultE6localA_29, array</column>
<column name="p_ZZ5mmultE6localA_29_ce1">out, 1, ap_memory, p_ZZ5mmultE6localA_29, array</column>
<column name="p_ZZ5mmultE6localA_29_we1">out, 1, ap_memory, p_ZZ5mmultE6localA_29, array</column>
<column name="p_ZZ5mmultE6localA_29_d1">out, 32, ap_memory, p_ZZ5mmultE6localA_29, array</column>
<column name="p_ZZ5mmultE6localA_30_address1">out, 8, ap_memory, p_ZZ5mmultE6localA_30, array</column>
<column name="p_ZZ5mmultE6localA_30_ce1">out, 1, ap_memory, p_ZZ5mmultE6localA_30, array</column>
<column name="p_ZZ5mmultE6localA_30_we1">out, 1, ap_memory, p_ZZ5mmultE6localA_30, array</column>
<column name="p_ZZ5mmultE6localA_30_d1">out, 32, ap_memory, p_ZZ5mmultE6localA_30, array</column>
<column name="p_ZZ5mmultE6localA_31_address1">out, 8, ap_memory, p_ZZ5mmultE6localA_31, array</column>
<column name="p_ZZ5mmultE6localA_31_ce1">out, 1, ap_memory, p_ZZ5mmultE6localA_31, array</column>
<column name="p_ZZ5mmultE6localA_31_we1">out, 1, ap_memory, p_ZZ5mmultE6localA_31, array</column>
<column name="p_ZZ5mmultE6localA_31_d1">out, 32, ap_memory, p_ZZ5mmultE6localA_31, array</column>
<column name="p_ZZ5mmultE6localA_32_address1">out, 8, ap_memory, p_ZZ5mmultE6localA_32, array</column>
<column name="p_ZZ5mmultE6localA_32_ce1">out, 1, ap_memory, p_ZZ5mmultE6localA_32, array</column>
<column name="p_ZZ5mmultE6localA_32_we1">out, 1, ap_memory, p_ZZ5mmultE6localA_32, array</column>
<column name="p_ZZ5mmultE6localA_32_d1">out, 32, ap_memory, p_ZZ5mmultE6localA_32, array</column>
<column name="p_ZZ5mmultE6localA_33_address1">out, 8, ap_memory, p_ZZ5mmultE6localA_33, array</column>
<column name="p_ZZ5mmultE6localA_33_ce1">out, 1, ap_memory, p_ZZ5mmultE6localA_33, array</column>
<column name="p_ZZ5mmultE6localA_33_we1">out, 1, ap_memory, p_ZZ5mmultE6localA_33, array</column>
<column name="p_ZZ5mmultE6localA_33_d1">out, 32, ap_memory, p_ZZ5mmultE6localA_33, array</column>
<column name="p_ZZ5mmultE6localA_34_address1">out, 8, ap_memory, p_ZZ5mmultE6localA_34, array</column>
<column name="p_ZZ5mmultE6localA_34_ce1">out, 1, ap_memory, p_ZZ5mmultE6localA_34, array</column>
<column name="p_ZZ5mmultE6localA_34_we1">out, 1, ap_memory, p_ZZ5mmultE6localA_34, array</column>
<column name="p_ZZ5mmultE6localA_34_d1">out, 32, ap_memory, p_ZZ5mmultE6localA_34, array</column>
<column name="p_ZZ5mmultE6localA_35_address1">out, 8, ap_memory, p_ZZ5mmultE6localA_35, array</column>
<column name="p_ZZ5mmultE6localA_35_ce1">out, 1, ap_memory, p_ZZ5mmultE6localA_35, array</column>
<column name="p_ZZ5mmultE6localA_35_we1">out, 1, ap_memory, p_ZZ5mmultE6localA_35, array</column>
<column name="p_ZZ5mmultE6localA_35_d1">out, 32, ap_memory, p_ZZ5mmultE6localA_35, array</column>
<column name="p_ZZ5mmultE6localA_36_address1">out, 8, ap_memory, p_ZZ5mmultE6localA_36, array</column>
<column name="p_ZZ5mmultE6localA_36_ce1">out, 1, ap_memory, p_ZZ5mmultE6localA_36, array</column>
<column name="p_ZZ5mmultE6localA_36_we1">out, 1, ap_memory, p_ZZ5mmultE6localA_36, array</column>
<column name="p_ZZ5mmultE6localA_36_d1">out, 32, ap_memory, p_ZZ5mmultE6localA_36, array</column>
<column name="p_ZZ5mmultE6localA_37_address1">out, 8, ap_memory, p_ZZ5mmultE6localA_37, array</column>
<column name="p_ZZ5mmultE6localA_37_ce1">out, 1, ap_memory, p_ZZ5mmultE6localA_37, array</column>
<column name="p_ZZ5mmultE6localA_37_we1">out, 1, ap_memory, p_ZZ5mmultE6localA_37, array</column>
<column name="p_ZZ5mmultE6localA_37_d1">out, 32, ap_memory, p_ZZ5mmultE6localA_37, array</column>
<column name="p_ZZ5mmultE6localA_38_address1">out, 8, ap_memory, p_ZZ5mmultE6localA_38, array</column>
<column name="p_ZZ5mmultE6localA_38_ce1">out, 1, ap_memory, p_ZZ5mmultE6localA_38, array</column>
<column name="p_ZZ5mmultE6localA_38_we1">out, 1, ap_memory, p_ZZ5mmultE6localA_38, array</column>
<column name="p_ZZ5mmultE6localA_38_d1">out, 32, ap_memory, p_ZZ5mmultE6localA_38, array</column>
<column name="p_ZZ5mmultE6localA_39_address1">out, 8, ap_memory, p_ZZ5mmultE6localA_39, array</column>
<column name="p_ZZ5mmultE6localA_39_ce1">out, 1, ap_memory, p_ZZ5mmultE6localA_39, array</column>
<column name="p_ZZ5mmultE6localA_39_we1">out, 1, ap_memory, p_ZZ5mmultE6localA_39, array</column>
<column name="p_ZZ5mmultE6localA_39_d1">out, 32, ap_memory, p_ZZ5mmultE6localA_39, array</column>
<column name="p_ZZ5mmultE6localA_40_address1">out, 8, ap_memory, p_ZZ5mmultE6localA_40, array</column>
<column name="p_ZZ5mmultE6localA_40_ce1">out, 1, ap_memory, p_ZZ5mmultE6localA_40, array</column>
<column name="p_ZZ5mmultE6localA_40_we1">out, 1, ap_memory, p_ZZ5mmultE6localA_40, array</column>
<column name="p_ZZ5mmultE6localA_40_d1">out, 32, ap_memory, p_ZZ5mmultE6localA_40, array</column>
<column name="p_ZZ5mmultE6localA_41_address1">out, 8, ap_memory, p_ZZ5mmultE6localA_41, array</column>
<column name="p_ZZ5mmultE6localA_41_ce1">out, 1, ap_memory, p_ZZ5mmultE6localA_41, array</column>
<column name="p_ZZ5mmultE6localA_41_we1">out, 1, ap_memory, p_ZZ5mmultE6localA_41, array</column>
<column name="p_ZZ5mmultE6localA_41_d1">out, 32, ap_memory, p_ZZ5mmultE6localA_41, array</column>
<column name="p_ZZ5mmultE6localA_42_address1">out, 8, ap_memory, p_ZZ5mmultE6localA_42, array</column>
<column name="p_ZZ5mmultE6localA_42_ce1">out, 1, ap_memory, p_ZZ5mmultE6localA_42, array</column>
<column name="p_ZZ5mmultE6localA_42_we1">out, 1, ap_memory, p_ZZ5mmultE6localA_42, array</column>
<column name="p_ZZ5mmultE6localA_42_d1">out, 32, ap_memory, p_ZZ5mmultE6localA_42, array</column>
<column name="p_ZZ5mmultE6localA_43_address1">out, 8, ap_memory, p_ZZ5mmultE6localA_43, array</column>
<column name="p_ZZ5mmultE6localA_43_ce1">out, 1, ap_memory, p_ZZ5mmultE6localA_43, array</column>
<column name="p_ZZ5mmultE6localA_43_we1">out, 1, ap_memory, p_ZZ5mmultE6localA_43, array</column>
<column name="p_ZZ5mmultE6localA_43_d1">out, 32, ap_memory, p_ZZ5mmultE6localA_43, array</column>
<column name="p_ZZ5mmultE6localA_44_address1">out, 8, ap_memory, p_ZZ5mmultE6localA_44, array</column>
<column name="p_ZZ5mmultE6localA_44_ce1">out, 1, ap_memory, p_ZZ5mmultE6localA_44, array</column>
<column name="p_ZZ5mmultE6localA_44_we1">out, 1, ap_memory, p_ZZ5mmultE6localA_44, array</column>
<column name="p_ZZ5mmultE6localA_44_d1">out, 32, ap_memory, p_ZZ5mmultE6localA_44, array</column>
<column name="p_ZZ5mmultE6localA_45_address1">out, 8, ap_memory, p_ZZ5mmultE6localA_45, array</column>
<column name="p_ZZ5mmultE6localA_45_ce1">out, 1, ap_memory, p_ZZ5mmultE6localA_45, array</column>
<column name="p_ZZ5mmultE6localA_45_we1">out, 1, ap_memory, p_ZZ5mmultE6localA_45, array</column>
<column name="p_ZZ5mmultE6localA_45_d1">out, 32, ap_memory, p_ZZ5mmultE6localA_45, array</column>
<column name="p_ZZ5mmultE6localA_46_address1">out, 8, ap_memory, p_ZZ5mmultE6localA_46, array</column>
<column name="p_ZZ5mmultE6localA_46_ce1">out, 1, ap_memory, p_ZZ5mmultE6localA_46, array</column>
<column name="p_ZZ5mmultE6localA_46_we1">out, 1, ap_memory, p_ZZ5mmultE6localA_46, array</column>
<column name="p_ZZ5mmultE6localA_46_d1">out, 32, ap_memory, p_ZZ5mmultE6localA_46, array</column>
<column name="p_ZZ5mmultE6localA_47_address1">out, 8, ap_memory, p_ZZ5mmultE6localA_47, array</column>
<column name="p_ZZ5mmultE6localA_47_ce1">out, 1, ap_memory, p_ZZ5mmultE6localA_47, array</column>
<column name="p_ZZ5mmultE6localA_47_we1">out, 1, ap_memory, p_ZZ5mmultE6localA_47, array</column>
<column name="p_ZZ5mmultE6localA_47_d1">out, 32, ap_memory, p_ZZ5mmultE6localA_47, array</column>
<column name="p_ZZ5mmultE6localA_48_address1">out, 8, ap_memory, p_ZZ5mmultE6localA_48, array</column>
<column name="p_ZZ5mmultE6localA_48_ce1">out, 1, ap_memory, p_ZZ5mmultE6localA_48, array</column>
<column name="p_ZZ5mmultE6localA_48_we1">out, 1, ap_memory, p_ZZ5mmultE6localA_48, array</column>
<column name="p_ZZ5mmultE6localA_48_d1">out, 32, ap_memory, p_ZZ5mmultE6localA_48, array</column>
<column name="p_ZZ5mmultE6localA_49_address1">out, 8, ap_memory, p_ZZ5mmultE6localA_49, array</column>
<column name="p_ZZ5mmultE6localA_49_ce1">out, 1, ap_memory, p_ZZ5mmultE6localA_49, array</column>
<column name="p_ZZ5mmultE6localA_49_we1">out, 1, ap_memory, p_ZZ5mmultE6localA_49, array</column>
<column name="p_ZZ5mmultE6localA_49_d1">out, 32, ap_memory, p_ZZ5mmultE6localA_49, array</column>
<column name="p_ZZ5mmultE6localA_50_address1">out, 8, ap_memory, p_ZZ5mmultE6localA_50, array</column>
<column name="p_ZZ5mmultE6localA_50_ce1">out, 1, ap_memory, p_ZZ5mmultE6localA_50, array</column>
<column name="p_ZZ5mmultE6localA_50_we1">out, 1, ap_memory, p_ZZ5mmultE6localA_50, array</column>
<column name="p_ZZ5mmultE6localA_50_d1">out, 32, ap_memory, p_ZZ5mmultE6localA_50, array</column>
<column name="p_ZZ5mmultE6localA_51_address1">out, 8, ap_memory, p_ZZ5mmultE6localA_51, array</column>
<column name="p_ZZ5mmultE6localA_51_ce1">out, 1, ap_memory, p_ZZ5mmultE6localA_51, array</column>
<column name="p_ZZ5mmultE6localA_51_we1">out, 1, ap_memory, p_ZZ5mmultE6localA_51, array</column>
<column name="p_ZZ5mmultE6localA_51_d1">out, 32, ap_memory, p_ZZ5mmultE6localA_51, array</column>
<column name="p_ZZ5mmultE6localA_52_address1">out, 8, ap_memory, p_ZZ5mmultE6localA_52, array</column>
<column name="p_ZZ5mmultE6localA_52_ce1">out, 1, ap_memory, p_ZZ5mmultE6localA_52, array</column>
<column name="p_ZZ5mmultE6localA_52_we1">out, 1, ap_memory, p_ZZ5mmultE6localA_52, array</column>
<column name="p_ZZ5mmultE6localA_52_d1">out, 32, ap_memory, p_ZZ5mmultE6localA_52, array</column>
<column name="p_ZZ5mmultE6localA_53_address1">out, 8, ap_memory, p_ZZ5mmultE6localA_53, array</column>
<column name="p_ZZ5mmultE6localA_53_ce1">out, 1, ap_memory, p_ZZ5mmultE6localA_53, array</column>
<column name="p_ZZ5mmultE6localA_53_we1">out, 1, ap_memory, p_ZZ5mmultE6localA_53, array</column>
<column name="p_ZZ5mmultE6localA_53_d1">out, 32, ap_memory, p_ZZ5mmultE6localA_53, array</column>
<column name="p_ZZ5mmultE6localA_54_address1">out, 8, ap_memory, p_ZZ5mmultE6localA_54, array</column>
<column name="p_ZZ5mmultE6localA_54_ce1">out, 1, ap_memory, p_ZZ5mmultE6localA_54, array</column>
<column name="p_ZZ5mmultE6localA_54_we1">out, 1, ap_memory, p_ZZ5mmultE6localA_54, array</column>
<column name="p_ZZ5mmultE6localA_54_d1">out, 32, ap_memory, p_ZZ5mmultE6localA_54, array</column>
<column name="p_ZZ5mmultE6localA_55_address1">out, 8, ap_memory, p_ZZ5mmultE6localA_55, array</column>
<column name="p_ZZ5mmultE6localA_55_ce1">out, 1, ap_memory, p_ZZ5mmultE6localA_55, array</column>
<column name="p_ZZ5mmultE6localA_55_we1">out, 1, ap_memory, p_ZZ5mmultE6localA_55, array</column>
<column name="p_ZZ5mmultE6localA_55_d1">out, 32, ap_memory, p_ZZ5mmultE6localA_55, array</column>
<column name="p_ZZ5mmultE6localA_56_address1">out, 8, ap_memory, p_ZZ5mmultE6localA_56, array</column>
<column name="p_ZZ5mmultE6localA_56_ce1">out, 1, ap_memory, p_ZZ5mmultE6localA_56, array</column>
<column name="p_ZZ5mmultE6localA_56_we1">out, 1, ap_memory, p_ZZ5mmultE6localA_56, array</column>
<column name="p_ZZ5mmultE6localA_56_d1">out, 32, ap_memory, p_ZZ5mmultE6localA_56, array</column>
<column name="p_ZZ5mmultE6localA_57_address1">out, 8, ap_memory, p_ZZ5mmultE6localA_57, array</column>
<column name="p_ZZ5mmultE6localA_57_ce1">out, 1, ap_memory, p_ZZ5mmultE6localA_57, array</column>
<column name="p_ZZ5mmultE6localA_57_we1">out, 1, ap_memory, p_ZZ5mmultE6localA_57, array</column>
<column name="p_ZZ5mmultE6localA_57_d1">out, 32, ap_memory, p_ZZ5mmultE6localA_57, array</column>
<column name="p_ZZ5mmultE6localA_58_address1">out, 8, ap_memory, p_ZZ5mmultE6localA_58, array</column>
<column name="p_ZZ5mmultE6localA_58_ce1">out, 1, ap_memory, p_ZZ5mmultE6localA_58, array</column>
<column name="p_ZZ5mmultE6localA_58_we1">out, 1, ap_memory, p_ZZ5mmultE6localA_58, array</column>
<column name="p_ZZ5mmultE6localA_58_d1">out, 32, ap_memory, p_ZZ5mmultE6localA_58, array</column>
<column name="p_ZZ5mmultE6localA_59_address1">out, 8, ap_memory, p_ZZ5mmultE6localA_59, array</column>
<column name="p_ZZ5mmultE6localA_59_ce1">out, 1, ap_memory, p_ZZ5mmultE6localA_59, array</column>
<column name="p_ZZ5mmultE6localA_59_we1">out, 1, ap_memory, p_ZZ5mmultE6localA_59, array</column>
<column name="p_ZZ5mmultE6localA_59_d1">out, 32, ap_memory, p_ZZ5mmultE6localA_59, array</column>
<column name="p_ZZ5mmultE6localA_60_address1">out, 8, ap_memory, p_ZZ5mmultE6localA_60, array</column>
<column name="p_ZZ5mmultE6localA_60_ce1">out, 1, ap_memory, p_ZZ5mmultE6localA_60, array</column>
<column name="p_ZZ5mmultE6localA_60_we1">out, 1, ap_memory, p_ZZ5mmultE6localA_60, array</column>
<column name="p_ZZ5mmultE6localA_60_d1">out, 32, ap_memory, p_ZZ5mmultE6localA_60, array</column>
<column name="p_ZZ5mmultE6localA_61_address1">out, 8, ap_memory, p_ZZ5mmultE6localA_61, array</column>
<column name="p_ZZ5mmultE6localA_61_ce1">out, 1, ap_memory, p_ZZ5mmultE6localA_61, array</column>
<column name="p_ZZ5mmultE6localA_61_we1">out, 1, ap_memory, p_ZZ5mmultE6localA_61, array</column>
<column name="p_ZZ5mmultE6localA_61_d1">out, 32, ap_memory, p_ZZ5mmultE6localA_61, array</column>
<column name="p_ZZ5mmultE6localA_62_address1">out, 8, ap_memory, p_ZZ5mmultE6localA_62, array</column>
<column name="p_ZZ5mmultE6localA_62_ce1">out, 1, ap_memory, p_ZZ5mmultE6localA_62, array</column>
<column name="p_ZZ5mmultE6localA_62_we1">out, 1, ap_memory, p_ZZ5mmultE6localA_62, array</column>
<column name="p_ZZ5mmultE6localA_62_d1">out, 32, ap_memory, p_ZZ5mmultE6localA_62, array</column>
<column name="p_ZZ5mmultE6localA_63_address1">out, 8, ap_memory, p_ZZ5mmultE6localA_63, array</column>
<column name="p_ZZ5mmultE6localA_63_ce1">out, 1, ap_memory, p_ZZ5mmultE6localA_63, array</column>
<column name="p_ZZ5mmultE6localA_63_we1">out, 1, ap_memory, p_ZZ5mmultE6localA_63, array</column>
<column name="p_ZZ5mmultE6localA_63_d1">out, 32, ap_memory, p_ZZ5mmultE6localA_63, array</column>
</table>
</item>
</section>
</profile>
