<stg><name>mmult_Pipeline_readB</name>


<trans_list>

<trans id="128" from="1" to="2">
<condition id="-1">
<or_exp><and_exp></and_exp></or_exp>
</condition>
</trans>

<trans id="129" from="2" to="3">
<condition id="-1">
<or_exp><and_exp></and_exp></or_exp>
</condition>
</trans>

<trans id="130" from="3" to="4">
<condition id="-1">
<or_exp><and_exp></and_exp></or_exp>
</condition>
</trans>

<trans id="131" from="4" to="5">
<condition id="-1">
<or_exp><and_exp></and_exp></or_exp>
</condition>
</trans>

<trans id="132" from="5" to="6">
<condition id="-1">
<or_exp><and_exp></and_exp></or_exp>
</condition>
</trans>

<trans id="133" from="6" to="7">
<condition id="-1">
<or_exp><and_exp></and_exp></or_exp>
</condition>
</trans>

<trans id="134" from="7" to="8">
<condition id="-1">
<or_exp><and_exp></and_exp></or_exp>
</condition>
</trans>

<trans id="145" from="8" to="12">
<condition id="-1">
<or_exp><and_exp><literal name="icmp_ln62" val="1"/>
</and_exp></or_exp>
</condition>
</trans>

<trans id="146" from="8" to="9">
<condition id="-1">
<or_exp><and_exp><literal name="icmp_ln62" val="0"/>
</and_exp></or_exp>
</condition>
</trans>

<trans id="142" from="9" to="10">
<condition id="-1">
<or_exp><and_exp></and_exp></or_exp>
</condition>
</trans>

<trans id="143" from="10" to="11">
<condition id="-1">
<or_exp><and_exp></and_exp></or_exp>
</condition>
</trans>

<trans id="144" from="11" to="8">
<condition id="-1">
<or_exp><and_exp></and_exp></or_exp>
</condition>
</trans>
</trans_list>



<state_list>

<state id="1" st_id="1">

<operation id="13" st_id="1" stage="1" lat="1">
<core>NULL</core>
<MemPortIdVec></MemPortIdVec>
<condition id="-1">
<or_exp><and_exp></and_exp></or_exp>
</condition>

<Node id="20" bw="32" op_0_bw="32">
<![CDATA[
newFuncRoot:0 %j_2 = alloca i32 1

]]></Node>
<StgValue><ssdm name="j_2"/></StgValue>
</operation>

<operation id="14" st_id="1" stage="1" lat="1">
<core>NULL</core>
<MemPortIdVec></MemPortIdVec>
<condition id="-1">
<or_exp><and_exp></and_exp></or_exp>
</condition>

<Node id="21" bw="32" op_0_bw="32">
<![CDATA[
newFuncRoot:1 %i_1 = alloca i32 1

]]></Node>
<StgValue><ssdm name="i_1"/></StgValue>
</operation>

<operation id="15" st_id="1" stage="1" lat="1">
<core>NULL</core>
<MemPortIdVec></MemPortIdVec>
<condition id="-1">
<or_exp><and_exp></and_exp></or_exp>
</condition>

<Node id="22" bw="14" op_0_bw="32">
<![CDATA[
newFuncRoot:2 %loc_1 = alloca i32 1

]]></Node>
<StgValue><ssdm name="loc_1"/></StgValue>
</operation>

<operation id="16" st_id="1" stage="1" lat="1">
<core>NULL</core>
<MemPortIdVec></MemPortIdVec>
<condition id="-1">
<or_exp><and_exp></and_exp></or_exp>
</condition>

<Node id="24" bw="62" op_0_bw="62" op_1_bw="62">
<![CDATA[
newFuncRoot:4 %sext_ln68_read = read i62 @_ssdm_op_Read.ap_auto.i62, i62 %sext_ln68

]]></Node>
<StgValue><ssdm name="sext_ln68_read"/></StgValue>
</operation>

<operation id="17" st_id="1" stage="1" lat="1">
<core>NULL</core>
<MemPortIdVec></MemPortIdVec>
<condition id="-1">
<or_exp><and_exp></and_exp></or_exp>
</condition>

<Node id="25" bw="64" op_0_bw="62">
<![CDATA[
newFuncRoot:5 %sext_ln68_cast = sext i62 %sext_ln68_read

]]></Node>
<StgValue><ssdm name="sext_ln68_cast"/></StgValue>
</operation>

<operation id="18" st_id="1" stage="1" lat="1">
<core>NULL</core>
<MemPortIdVec></MemPortIdVec>
<condition id="-1">
<or_exp><and_exp></and_exp></or_exp>
</condition>

<Node id="43" bw="64" op_0_bw="64" op_1_bw="64">
<![CDATA[
newFuncRoot:23 %gmem1_addr = getelementptr i32 %gmem1, i64 %sext_ln68_cast

]]></Node>
<StgValue><ssdm name="gmem1_addr"/></StgValue>
</operation>

<operation id="19" st_id="1" stage="7" lat="7">
<core>m_axi</core>
<MemPortIdVec></MemPortIdVec>
<condition id="-1">
<or_exp><and_exp></and_exp></or_exp>
</condition>

<Node id="44" bw="1" op_0_bw="1" op_1_bw="32" op_2_bw="32">
<![CDATA[
newFuncRoot:24 %p_rd_req = readreq i1 @_ssdm_op_ReadReq.m_axi.i32P1A, i64 %gmem1_addr, i32 12608

]]></Node>
<StgValue><ssdm name="p_rd_req"/></StgValue>
</operation>

<operation id="20" st_id="1" stage="1" lat="1">
<core>NULL</core>
<MemPortIdVec></MemPortIdVec>
<condition id="-1">
<or_exp><and_exp></and_exp></or_exp>
</condition>

<Node id="45" bw="0" op_0_bw="14" op_1_bw="14">
<![CDATA[
newFuncRoot:25 %store_ln0 = store i14 0, i14 %loc_1

]]></Node>
<StgValue><ssdm name="store_ln0"/></StgValue>
</operation>

<operation id="21" st_id="1" stage="1" lat="1">
<core>NULL</core>
<MemPortIdVec></MemPortIdVec>
<condition id="-1">
<or_exp><and_exp></and_exp></or_exp>
</condition>

<Node id="46" bw="0" op_0_bw="32" op_1_bw="32">
<![CDATA[
newFuncRoot:26 %store_ln0 = store i32 0, i32 %i_1

]]></Node>
<StgValue><ssdm name="store_ln0"/></StgValue>
</operation>

<operation id="22" st_id="1" stage="1" lat="1">
<core>NULL</core>
<MemPortIdVec></MemPortIdVec>
<condition id="-1">
<or_exp><and_exp></and_exp></or_exp>
</condition>

<Node id="47" bw="0" op_0_bw="32" op_1_bw="32">
<![CDATA[
newFuncRoot:27 %store_ln0 = store i32 0, i32 %j_2

]]></Node>
<StgValue><ssdm name="store_ln0"/></StgValue>
</operation>
</state>

<state id="2" st_id="2">

<operation id="23" st_id="2" stage="6" lat="7">
<core>m_axi</core>
<MemPortIdVec></MemPortIdVec>
<condition id="-1">
<or_exp><and_exp></and_exp></or_exp>
</condition>

<Node id="44" bw="1" op_0_bw="1" op_1_bw="32" op_2_bw="32">
<![CDATA[
newFuncRoot:24 %p_rd_req = readreq i1 @_ssdm_op_ReadReq.m_axi.i32P1A, i64 %gmem1_addr, i32 12608

]]></Node>
<StgValue><ssdm name="p_rd_req"/></StgValue>
</operation>
</state>

<state id="3" st_id="3">

<operation id="24" st_id="3" stage="5" lat="7">
<core>m_axi</core>
<MemPortIdVec></MemPortIdVec>
<condition id="-1">
<or_exp><and_exp></and_exp></or_exp>
</condition>

<Node id="44" bw="1" op_0_bw="1" op_1_bw="32" op_2_bw="32">
<![CDATA[
newFuncRoot:24 %p_rd_req = readreq i1 @_ssdm_op_ReadReq.m_axi.i32P1A, i64 %gmem1_addr, i32 12608

]]></Node>
<StgValue><ssdm name="p_rd_req"/></StgValue>
</operation>
</state>

<state id="4" st_id="4">

<operation id="25" st_id="4" stage="4" lat="7">
<core>m_axi</core>
<MemPortIdVec></MemPortIdVec>
<condition id="-1">
<or_exp><and_exp></and_exp></or_exp>
</condition>

<Node id="44" bw="1" op_0_bw="1" op_1_bw="32" op_2_bw="32">
<![CDATA[
newFuncRoot:24 %p_rd_req = readreq i1 @_ssdm_op_ReadReq.m_axi.i32P1A, i64 %gmem1_addr, i32 12608

]]></Node>
<StgValue><ssdm name="p_rd_req"/></StgValue>
</operation>
</state>

<state id="5" st_id="5">

<operation id="26" st_id="5" stage="3" lat="7">
<core>m_axi</core>
<MemPortIdVec></MemPortIdVec>
<condition id="-1">
<or_exp><and_exp></and_exp></or_exp>
</condition>

<Node id="44" bw="1" op_0_bw="1" op_1_bw="32" op_2_bw="32">
<![CDATA[
newFuncRoot:24 %p_rd_req = readreq i1 @_ssdm_op_ReadReq.m_axi.i32P1A, i64 %gmem1_addr, i32 12608

]]></Node>
<StgValue><ssdm name="p_rd_req"/></StgValue>
</operation>
</state>

<state id="6" st_id="6">

<operation id="27" st_id="6" stage="2" lat="7">
<core>m_axi</core>
<MemPortIdVec></MemPortIdVec>
<condition id="-1">
<or_exp><and_exp></and_exp></or_exp>
</condition>

<Node id="44" bw="1" op_0_bw="1" op_1_bw="32" op_2_bw="32">
<![CDATA[
newFuncRoot:24 %p_rd_req = readreq i1 @_ssdm_op_ReadReq.m_axi.i32P1A, i64 %gmem1_addr, i32 12608

]]></Node>
<StgValue><ssdm name="p_rd_req"/></StgValue>
</operation>
</state>

<state id="7" st_id="7">

<operation id="28" st_id="7" stage="1" lat="1">
<core>NULL</core>
<MemPortIdVec></MemPortIdVec>
<condition id="-1">
<or_exp><and_exp></and_exp></or_exp>
</condition>

<Node id="23" bw="64" op_0_bw="64" op_1_bw="64">
<![CDATA[
newFuncRoot:3 %b6 = read i64 @_ssdm_op_Read.ap_auto.i64, i64 %b

]]></Node>
<StgValue><ssdm name="b6"/></StgValue>
</operation>

<operation id="29" st_id="7" stage="1" lat="1">
<core>NULL</core>
<MemPortIdVec></MemPortIdVec>
<condition id="-1">
<or_exp><and_exp></and_exp></or_exp>
</condition>

<Node id="26" bw="0" op_0_bw="0" op_1_bw="32" op_2_bw="64" op_3_bw="64" op_4_bw="64">
<![CDATA[
newFuncRoot:6 %specmemcore_ln0 = specmemcore void @_ssdm_op_SpecMemCore, i32 %localB, i64 666, i64 22, i64 2

]]></Node>
<StgValue><ssdm name="specmemcore_ln0"/></StgValue>
</operation>

<operation id="30" st_id="7" stage="1" lat="1">
<core>NULL</core>
<MemPortIdVec></MemPortIdVec>
<condition id="-1">
<or_exp><and_exp></and_exp></or_exp>
</condition>

<Node id="27" bw="0" op_0_bw="0" op_1_bw="32" op_2_bw="64" op_3_bw="64" op_4_bw="64">
<![CDATA[
newFuncRoot:7 %specmemcore_ln0 = specmemcore void @_ssdm_op_SpecMemCore, i32 %localB_10, i64 666, i64 22, i64 2

]]></Node>
<StgValue><ssdm name="specmemcore_ln0"/></StgValue>
</operation>

<operation id="31" st_id="7" stage="1" lat="1">
<core>NULL</core>
<MemPortIdVec></MemPortIdVec>
<condition id="-1">
<or_exp><and_exp></and_exp></or_exp>
</condition>

<Node id="28" bw="0" op_0_bw="0" op_1_bw="32" op_2_bw="64" op_3_bw="64" op_4_bw="64">
<![CDATA[
newFuncRoot:8 %specmemcore_ln0 = specmemcore void @_ssdm_op_SpecMemCore, i32 %localB_11, i64 666, i64 22, i64 2

]]></Node>
<StgValue><ssdm name="specmemcore_ln0"/></StgValue>
</operation>

<operation id="32" st_id="7" stage="1" lat="1">
<core>NULL</core>
<MemPortIdVec></MemPortIdVec>
<condition id="-1">
<or_exp><and_exp></and_exp></or_exp>
</condition>

<Node id="29" bw="0" op_0_bw="0" op_1_bw="32" op_2_bw="64" op_3_bw="64" op_4_bw="64">
<![CDATA[
newFuncRoot:9 %specmemcore_ln0 = specmemcore void @_ssdm_op_SpecMemCore, i32 %localB_12, i64 666, i64 22, i64 2

]]></Node>
<StgValue><ssdm name="specmemcore_ln0"/></StgValue>
</operation>

<operation id="33" st_id="7" stage="1" lat="1">
<core>NULL</core>
<MemPortIdVec></MemPortIdVec>
<condition id="-1">
<or_exp><and_exp></and_exp></or_exp>
</condition>

<Node id="30" bw="0" op_0_bw="0" op_1_bw="32" op_2_bw="64" op_3_bw="64" op_4_bw="64">
<![CDATA[
newFuncRoot:10 %specmemcore_ln0 = specmemcore void @_ssdm_op_SpecMemCore, i32 %localB_13, i64 666, i64 22, i64 2

]]></Node>
<StgValue><ssdm name="specmemcore_ln0"/></StgValue>
</operation>

<operation id="34" st_id="7" stage="1" lat="1">
<core>NULL</core>
<MemPortIdVec></MemPortIdVec>
<condition id="-1">
<or_exp><and_exp></and_exp></or_exp>
</condition>

<Node id="31" bw="0" op_0_bw="0" op_1_bw="32" op_2_bw="64" op_3_bw="64" op_4_bw="64">
<![CDATA[
newFuncRoot:11 %specmemcore_ln0 = specmemcore void @_ssdm_op_SpecMemCore, i32 %localB_14, i64 666, i64 22, i64 2

]]></Node>
<StgValue><ssdm name="specmemcore_ln0"/></StgValue>
</operation>

<operation id="35" st_id="7" stage="1" lat="1">
<core>NULL</core>
<MemPortIdVec></MemPortIdVec>
<condition id="-1">
<or_exp><and_exp></and_exp></or_exp>
</condition>

<Node id="32" bw="0" op_0_bw="0" op_1_bw="32" op_2_bw="64" op_3_bw="64" op_4_bw="64">
<![CDATA[
newFuncRoot:12 %specmemcore_ln0 = specmemcore void @_ssdm_op_SpecMemCore, i32 %localB_15, i64 666, i64 22, i64 2

]]></Node>
<StgValue><ssdm name="specmemcore_ln0"/></StgValue>
</operation>

<operation id="36" st_id="7" stage="1" lat="1">
<core>NULL</core>
<MemPortIdVec></MemPortIdVec>
<condition id="-1">
<or_exp><and_exp></and_exp></or_exp>
</condition>

<Node id="33" bw="0" op_0_bw="0" op_1_bw="32" op_2_bw="64" op_3_bw="64" op_4_bw="64">
<![CDATA[
newFuncRoot:13 %specmemcore_ln0 = specmemcore void @_ssdm_op_SpecMemCore, i32 %localB_16, i64 666, i64 22, i64 2

]]></Node>
<StgValue><ssdm name="specmemcore_ln0"/></StgValue>
</operation>

<operation id="37" st_id="7" stage="1" lat="1">
<core>NULL</core>
<MemPortIdVec></MemPortIdVec>
<condition id="-1">
<or_exp><and_exp></and_exp></or_exp>
</condition>

<Node id="34" bw="0" op_0_bw="0" op_1_bw="32" op_2_bw="64" op_3_bw="64" op_4_bw="64">
<![CDATA[
newFuncRoot:14 %specmemcore_ln0 = specmemcore void @_ssdm_op_SpecMemCore, i32 %localB_17, i64 666, i64 22, i64 2

]]></Node>
<StgValue><ssdm name="specmemcore_ln0"/></StgValue>
</operation>

<operation id="38" st_id="7" stage="1" lat="1">
<core>NULL</core>
<MemPortIdVec></MemPortIdVec>
<condition id="-1">
<or_exp><and_exp></and_exp></or_exp>
</condition>

<Node id="35" bw="0" op_0_bw="0" op_1_bw="32" op_2_bw="64" op_3_bw="64" op_4_bw="64">
<![CDATA[
newFuncRoot:15 %specmemcore_ln0 = specmemcore void @_ssdm_op_SpecMemCore, i32 %localB_18, i64 666, i64 22, i64 2

]]></Node>
<StgValue><ssdm name="specmemcore_ln0"/></StgValue>
</operation>

<operation id="39" st_id="7" stage="1" lat="1">
<core>NULL</core>
<MemPortIdVec></MemPortIdVec>
<condition id="-1">
<or_exp><and_exp></and_exp></or_exp>
</condition>

<Node id="36" bw="0" op_0_bw="0" op_1_bw="32" op_2_bw="64" op_3_bw="64" op_4_bw="64">
<![CDATA[
newFuncRoot:16 %specmemcore_ln0 = specmemcore void @_ssdm_op_SpecMemCore, i32 %p_ZZ5mmultE6localB_10, i64 666, i64 22, i64 2

]]></Node>
<StgValue><ssdm name="specmemcore_ln0"/></StgValue>
</operation>

<operation id="40" st_id="7" stage="1" lat="1">
<core>NULL</core>
<MemPortIdVec></MemPortIdVec>
<condition id="-1">
<or_exp><and_exp></and_exp></or_exp>
</condition>

<Node id="37" bw="0" op_0_bw="0" op_1_bw="32" op_2_bw="64" op_3_bw="64" op_4_bw="64">
<![CDATA[
newFuncRoot:17 %specmemcore_ln0 = specmemcore void @_ssdm_op_SpecMemCore, i32 %p_ZZ5mmultE6localB_11, i64 666, i64 22, i64 2

]]></Node>
<StgValue><ssdm name="specmemcore_ln0"/></StgValue>
</operation>

<operation id="41" st_id="7" stage="1" lat="1">
<core>NULL</core>
<MemPortIdVec></MemPortIdVec>
<condition id="-1">
<or_exp><and_exp></and_exp></or_exp>
</condition>

<Node id="38" bw="0" op_0_bw="0" op_1_bw="32" op_2_bw="64" op_3_bw="64" op_4_bw="64">
<![CDATA[
newFuncRoot:18 %specmemcore_ln0 = specmemcore void @_ssdm_op_SpecMemCore, i32 %p_ZZ5mmultE6localB_12, i64 666, i64 22, i64 2

]]></Node>
<StgValue><ssdm name="specmemcore_ln0"/></StgValue>
</operation>

<operation id="42" st_id="7" stage="1" lat="1">
<core>NULL</core>
<MemPortIdVec></MemPortIdVec>
<condition id="-1">
<or_exp><and_exp></and_exp></or_exp>
</condition>

<Node id="39" bw="0" op_0_bw="0" op_1_bw="32" op_2_bw="64" op_3_bw="64" op_4_bw="64">
<![CDATA[
newFuncRoot:19 %specmemcore_ln0 = specmemcore void @_ssdm_op_SpecMemCore, i32 %p_ZZ5mmultE6localB_13, i64 666, i64 22, i64 2

]]></Node>
<StgValue><ssdm name="specmemcore_ln0"/></StgValue>
</operation>

<operation id="43" st_id="7" stage="1" lat="1">
<core>NULL</core>
<MemPortIdVec></MemPortIdVec>
<condition id="-1">
<or_exp><and_exp></and_exp></or_exp>
</condition>

<Node id="40" bw="0" op_0_bw="0" op_1_bw="32" op_2_bw="64" op_3_bw="64" op_4_bw="64">
<![CDATA[
newFuncRoot:20 %specmemcore_ln0 = specmemcore void @_ssdm_op_SpecMemCore, i32 %p_ZZ5mmultE6localB_14, i64 666, i64 22, i64 2

]]></Node>
<StgValue><ssdm name="specmemcore_ln0"/></StgValue>
</operation>

<operation id="44" st_id="7" stage="1" lat="1">
<core>NULL</core>
<MemPortIdVec></MemPortIdVec>
<condition id="-1">
<or_exp><and_exp></and_exp></or_exp>
</condition>

<Node id="41" bw="0" op_0_bw="0" op_1_bw="32" op_2_bw="64" op_3_bw="64" op_4_bw="64">
<![CDATA[
newFuncRoot:21 %specmemcore_ln0 = specmemcore void @_ssdm_op_SpecMemCore, i32 %p_ZZ5mmultE6localB_15, i64 666, i64 22, i64 2

]]></Node>
<StgValue><ssdm name="specmemcore_ln0"/></StgValue>
</operation>

<operation id="45" st_id="7" stage="1" lat="1">
<core>NULL</core>
<MemPortIdVec></MemPortIdVec>
<condition id="-1">
<or_exp><and_exp></and_exp></or_exp>
</condition>

<Node id="42" bw="0" op_0_bw="0" op_1_bw="32" op_2_bw="0" op_3_bw="32" op_4_bw="32" op_5_bw="0" op_6_bw="32" op_7_bw="32" op_8_bw="0" op_9_bw="0" op_10_bw="0" op_11_bw="32" op_12_bw="32" op_13_bw="32" op_14_bw="32" op_15_bw="0" op_16_bw="0" op_17_bw="32" op_18_bw="32">
<![CDATA[
newFuncRoot:22 %specinterface_ln0 = specinterface void @_ssdm_op_SpecInterface, i32 %gmem1, void @empty_15, i32 0, i32 0, void @empty_16, i32 0, i32 12608, void @empty_18, void @empty_9, void @empty_16, i32 16, i32 16, i32 16, i32 16, void @empty_16, void @empty_16, i32 4294967295, i32 0

]]></Node>
<StgValue><ssdm name="specinterface_ln0"/></StgValue>
</operation>

<operation id="46" st_id="7" stage="1" lat="7">
<core>m_axi</core>
<MemPortIdVec></MemPortIdVec>
<condition id="-1">
<or_exp><and_exp></and_exp></or_exp>
</condition>

<Node id="44" bw="1" op_0_bw="1" op_1_bw="32" op_2_bw="32">
<![CDATA[
newFuncRoot:24 %p_rd_req = readreq i1 @_ssdm_op_ReadReq.m_axi.i32P1A, i64 %gmem1_addr, i32 12608

]]></Node>
<StgValue><ssdm name="p_rd_req"/></StgValue>
</operation>

<operation id="47" st_id="7" stage="1" lat="1">
<core>NULL</core>
<MemPortIdVec></MemPortIdVec>
<condition id="-1">
<or_exp><and_exp></and_exp></or_exp>
</condition>

<Node id="48" bw="0" op_0_bw="0">
<![CDATA[
newFuncRoot:28 %br_ln0 = br void %for.body14

]]></Node>
<StgValue><ssdm name="br_ln0"/></StgValue>
</operation>
</state>

<state id="8" st_id="8">

<operation id="48" st_id="8" stage="1" lat="1">
<core>NULL</core>
<MemPortIdVec></MemPortIdVec>
<condition id="-1">
<or_exp><and_exp></and_exp></or_exp>
</condition>

<Node id="50" bw="14" op_0_bw="14" op_1_bw="0">
<![CDATA[
for.body14:0 %loc = load i14 %loc_1

]]></Node>
<StgValue><ssdm name="loc"/></StgValue>
</operation>

<operation id="49" st_id="8" stage="1" lat="1">
<core>NULL</core>
<MemPortIdVec></MemPortIdVec>
<condition id="-1">
<or_exp><and_exp></and_exp></or_exp>
</condition>

<Node id="51" bw="0" op_0_bw="0" op_1_bw="32">
<![CDATA[
for.body14:1 %specbitsmap_ln0 = specbitsmap void @_ssdm_op_SpecBitsMap, i32 %gmem1

]]></Node>
<StgValue><ssdm name="specbitsmap_ln0"/></StgValue>
</operation>

<operation id="50" st_id="8" stage="1" lat="1">
<core>Cmp</core>
<MemPortIdVec></MemPortIdVec>
<condition id="-1">
<or_exp><and_exp></and_exp></or_exp>
</condition>

<Node id="52" bw="1" op_0_bw="14" op_1_bw="14">
<![CDATA[
for.body14:2 %icmp_ln62 = icmp_eq  i14 %loc, i14 12608

]]></Node>
<StgValue><ssdm name="icmp_ln62"/></StgValue>
</operation>

<operation id="51" st_id="8" stage="1" lat="1">
<core>NULL</core>
<MemPortIdVec></MemPortIdVec>
<condition id="-1">
<or_exp><and_exp></and_exp></or_exp>
</condition>

<Node id="53" bw="32" op_0_bw="32" op_1_bw="64" op_2_bw="64" op_3_bw="64">
<![CDATA[
for.body14:3 %empty = speclooptripcount i32 @_ssdm_op_SpecLoopTripCount, i64 12608, i64 12608, i64 12608

]]></Node>
<StgValue><ssdm name="empty"/></StgValue>
</operation>

<operation id="52" st_id="8" stage="1" lat="1">
<core>Adder</core>
<MemPortIdVec></MemPortIdVec>
<condition id="-1">
<or_exp><and_exp></and_exp></or_exp>
</condition>

<Node id="54" bw="14" op_0_bw="14" op_1_bw="14">
<![CDATA[
for.body14:4 %add_ln62 = add i14 %loc, i14 1

]]></Node>
<StgValue><ssdm name="add_ln62"/></StgValue>
</operation>

<operation id="53" st_id="8" stage="1" lat="1">
<core>NULL</core>
<MemPortIdVec></MemPortIdVec>
<condition id="-1">
<or_exp><and_exp></and_exp></or_exp>
</condition>

<Node id="55" bw="0" op_0_bw="1" op_1_bw="0" op_2_bw="0">
<![CDATA[
for.body14:5 %br_ln62 = br i1 %icmp_ln62, void %for.body14.split, void %for.inc43.preheader.exitStub

]]></Node>
<StgValue><ssdm name="br_ln62"/></StgValue>
</operation>

<operation id="54" st_id="8" stage="1" lat="1">
<core>NULL</core>
<MemPortIdVec></MemPortIdVec>
<condition id="-1">
<or_exp><and_exp><literal name="icmp_ln62" val="0"/>
</and_exp></or_exp>
</condition>

<Node id="57" bw="32" op_0_bw="32" op_1_bw="0">
<![CDATA[
for.body14.split:0 %j_2_load = load i32 %j_2

]]></Node>
<StgValue><ssdm name="j_2_load"/></StgValue>
</operation>

<operation id="55" st_id="8" stage="1" lat="1">
<core>NULL</core>
<MemPortIdVec></MemPortIdVec>
<condition id="-1">
<or_exp><and_exp><literal name="icmp_ln62" val="0"/>
</and_exp></or_exp>
</condition>

<Node id="58" bw="32" op_0_bw="32" op_1_bw="0">
<![CDATA[
for.body14.split:1 %i_1_load = load i32 %i_1

]]></Node>
<StgValue><ssdm name="i_1_load"/></StgValue>
</operation>

<operation id="56" st_id="8" stage="1" lat="1">
<core>Cmp</core>
<MemPortIdVec></MemPortIdVec>
<condition id="-1">
<or_exp><and_exp><literal name="icmp_ln62" val="0"/>
</and_exp></or_exp>
</condition>

<Node id="61" bw="1" op_0_bw="32" op_1_bw="32">
<![CDATA[
for.body14.split:4 %icmp_ln64 = icmp_eq  i32 %j_2_load, i32 197

]]></Node>
<StgValue><ssdm name="icmp_ln64"/></StgValue>
</operation>

<operation id="57" st_id="8" stage="1" lat="1">
<core>Adder</core>
<MemPortIdVec></MemPortIdVec>
<condition id="-1">
<or_exp><and_exp><literal name="icmp_ln62" val="0"/>
</and_exp></or_exp>
</condition>

<Node id="62" bw="32" op_0_bw="32" op_1_bw="32">
<![CDATA[
for.body14.split:5 %add_ln65 = add i32 %i_1_load, i32 1

]]></Node>
<StgValue><ssdm name="add_ln65"/></StgValue>
</operation>

<operation id="58" st_id="8" stage="1" lat="1">
<core>Sel</core>
<MemPortIdVec></MemPortIdVec>
<condition id="-1">
<or_exp><and_exp><literal name="icmp_ln62" val="0"/>
</and_exp></or_exp>
</condition>

<Node id="63" bw="32" op_0_bw="1" op_1_bw="32" op_2_bw="32">
<![CDATA[
for.body14.split:6 %j = select i1 %icmp_ln64, i32 0, i32 %j_2_load

]]></Node>
<StgValue><ssdm name="j"/></StgValue>
</operation>

<operation id="59" st_id="8" stage="1" lat="1">
<core>Sel</core>
<MemPortIdVec></MemPortIdVec>
<condition id="-1">
<or_exp><and_exp><literal name="icmp_ln62" val="0"/>
</and_exp></or_exp>
</condition>

<Node id="64" bw="32" op_0_bw="1" op_1_bw="32" op_2_bw="32">
<![CDATA[
for.body14.split:7 %i = select i1 %icmp_ln64, i32 %add_ln65, i32 %i_1_load

]]></Node>
<StgValue><ssdm name="i"/></StgValue>
</operation>

<operation id="60" st_id="8" stage="1" lat="1">
<core>NULL</core>
<MemPortIdVec></MemPortIdVec>
<condition id="-1">
<or_exp><and_exp><literal name="icmp_ln62" val="0"/>
</and_exp></or_exp>
</condition>

<Node id="67" bw="10" op_0_bw="32">
<![CDATA[
for.body14.split:10 %trunc_ln68 = trunc i32 %i

]]></Node>
<StgValue><ssdm name="trunc_ln68"/></StgValue>
</operation>

<operation id="61" st_id="8" stage="3" lat="3">
<core>DSP48</core>
<MemPortIdVec></MemPortIdVec>
<condition id="-1">
<or_exp><and_exp><literal name="icmp_ln62" val="0"/>
</and_exp></or_exp>
</condition>

<Node id="68" bw="10" op_0_bw="10" op_1_bw="10">
<![CDATA[
for.body14.split:11 %mul_ln68 = mul i10 %trunc_ln68, i10 13

]]></Node>
<StgValue><ssdm name="mul_ln68"/></StgValue>
</operation>

<operation id="62" st_id="8" stage="1" lat="1">
<core>NULL</core>
<MemPortIdVec></MemPortIdVec>
<condition id="-1">
<or_exp><and_exp><literal name="icmp_ln62" val="0"/>
</and_exp></or_exp>
</condition>

<Node id="69" bw="10" op_0_bw="10" op_1_bw="32" op_2_bw="32" op_3_bw="32">
<![CDATA[
for.body14.split:12 %lshr_ln = partselect i10 @_ssdm_op_PartSelect.i10.i32.i32.i32, i32 %j, i32 4, i32 13

]]></Node>
<StgValue><ssdm name="lshr_ln"/></StgValue>
</operation>

<operation id="63" st_id="8" stage="1" lat="1">
<core>NULL</core>
<MemPortIdVec></MemPortIdVec>
<condition id="-1">
<or_exp><and_exp><literal name="icmp_ln62" val="0"/>
</and_exp></or_exp>
</condition>

<Node id="88" bw="4" op_0_bw="32">
<![CDATA[
for.body14.split:31 %trunc_ln68_1 = trunc i32 %j

]]></Node>
<StgValue><ssdm name="trunc_ln68_1"/></StgValue>
</operation>

<operation id="64" st_id="8" stage="1" lat="1">
<core>NULL</core>
<MemPortIdVec></MemPortIdVec>
<condition id="-1">
<or_exp><and_exp><literal name="icmp_ln62" val="0"/>
</and_exp></or_exp>
</condition>

<Node id="89" bw="0" op_0_bw="4" op_1_bw="0" op_2_bw="4" op_3_bw="0" op_4_bw="4" op_5_bw="0" op_6_bw="4" op_7_bw="0" op_8_bw="4" op_9_bw="0" op_10_bw="4" op_11_bw="0" op_12_bw="4" op_13_bw="0" op_14_bw="4" op_15_bw="0" op_16_bw="4" op_17_bw="0" op_18_bw="4" op_19_bw="0" op_20_bw="4" op_21_bw="0" op_22_bw="4" op_23_bw="0" op_24_bw="4" op_25_bw="0" op_26_bw="4" op_27_bw="0" op_28_bw="4" op_29_bw="0" op_30_bw="4" op_31_bw="0">
<![CDATA[
for.body14.split:32 %switch_ln68 = switch i4 %trunc_ln68_1, void %arrayidx2427.case.15, i4 0, void %arrayidx2427.case.0, i4 1, void %arrayidx2427.case.1, i4 2, void %arrayidx2427.case.2, i4 3, void %arrayidx2427.case.3, i4 4, void %arrayidx2427.case.4, i4 5, void %arrayidx2427.case.5, i4 6, void %arrayidx2427.case.6, i4 7, void %arrayidx2427.case.7, i4 8, void %arrayidx2427.case.8, i4 9, void %arrayidx2427.case.9, i4 10, void %arrayidx2427.case.10, i4 11, void %arrayidx2427.case.11, i4 12, void %arrayidx2427.case.12, i4 13, void %arrayidx2427.case.13, i4 14, void %arrayidx2427.case.14

]]></Node>
<StgValue><ssdm name="switch_ln68"/></StgValue>
</operation>

<operation id="65" st_id="8" stage="1" lat="1">
<core>Adder</core>
<MemPortIdVec></MemPortIdVec>
<condition id="-1">
<or_exp><and_exp><literal name="icmp_ln62" val="0"/>
</and_exp></or_exp>
</condition>

<Node id="139" bw="32" op_0_bw="32" op_1_bw="32">
<![CDATA[
arrayidx2427.exit:0 %j_3 = add i32 %j, i32 1

]]></Node>
<StgValue><ssdm name="j_3"/></StgValue>
</operation>

<operation id="66" st_id="8" stage="1" lat="1">
<core>NULL</core>
<MemPortIdVec></MemPortIdVec>
<condition id="-1">
<or_exp><and_exp><literal name="icmp_ln62" val="0"/>
</and_exp></or_exp>
</condition>

<Node id="140" bw="0" op_0_bw="14" op_1_bw="14" op_2_bw="0" op_3_bw="0">
<![CDATA[
arrayidx2427.exit:1 %store_ln62 = store i14 %add_ln62, i14 %loc_1

]]></Node>
<StgValue><ssdm name="store_ln62"/></StgValue>
</operation>

<operation id="67" st_id="8" stage="1" lat="1">
<core>NULL</core>
<MemPortIdVec></MemPortIdVec>
<condition id="-1">
<or_exp><and_exp><literal name="icmp_ln62" val="0"/>
</and_exp></or_exp>
</condition>

<Node id="141" bw="0" op_0_bw="32" op_1_bw="32" op_2_bw="0" op_3_bw="0">
<![CDATA[
arrayidx2427.exit:2 %store_ln62 = store i32 %i, i32 %i_1

]]></Node>
<StgValue><ssdm name="store_ln62"/></StgValue>
</operation>

<operation id="68" st_id="8" stage="1" lat="1">
<core>NULL</core>
<MemPortIdVec></MemPortIdVec>
<condition id="-1">
<or_exp><and_exp><literal name="icmp_ln62" val="0"/>
</and_exp></or_exp>
</condition>

<Node id="142" bw="0" op_0_bw="32" op_1_bw="32" op_2_bw="0" op_3_bw="0">
<![CDATA[
arrayidx2427.exit:3 %store_ln62 = store i32 %j_3, i32 %j_2

]]></Node>
<StgValue><ssdm name="store_ln62"/></StgValue>
</operation>

<operation id="69" st_id="8" stage="1" lat="1">
<core>NULL</core>
<MemPortIdVec></MemPortIdVec>
<condition id="-1">
<or_exp><and_exp><literal name="icmp_ln62" val="0"/>
</and_exp></or_exp>
</condition>

<Node id="143" bw="0" op_0_bw="0">
<![CDATA[
arrayidx2427.exit:4 %br_ln62 = br void %for.body14

]]></Node>
<StgValue><ssdm name="br_ln62"/></StgValue>
</operation>
</state>

<state id="9" st_id="9">

<operation id="70" st_id="9" stage="2" lat="3">
<core>DSP48</core>
<MemPortIdVec></MemPortIdVec>
<condition id="-1">
<or_exp><and_exp></and_exp></or_exp>
</condition>

<Node id="68" bw="10" op_0_bw="10" op_1_bw="10">
<![CDATA[
for.body14.split:11 %mul_ln68 = mul i10 %trunc_ln68, i10 13

]]></Node>
<StgValue><ssdm name="mul_ln68"/></StgValue>
</operation>
</state>

<state id="10" st_id="10">

<operation id="71" st_id="10" stage="1" lat="1">
<core>m_axi</core>
<MemPortIdVec></MemPortIdVec>
<condition id="-1">
<or_exp><and_exp></and_exp></or_exp>
</condition>

<Node id="65" bw="32" op_0_bw="32" op_1_bw="32" op_2_bw="0">
<![CDATA[
for.body14.split:8 %gmem1_addr_read = read i32 @_ssdm_op_Read.m_axi.i32P1A, i64 %gmem1_addr

]]></Node>
<StgValue><ssdm name="gmem1_addr_read"/></StgValue>
</operation>

<operation id="72" st_id="10" stage="1" lat="1">
<core>NULL</core>
<MemPortIdVec></MemPortIdVec>
<condition id="-1">
<or_exp><and_exp></and_exp></or_exp>
</condition>

<Node id="66" bw="32" op_0_bw="32">
<![CDATA[
for.body14.split:9 %bitcast_ln68 = bitcast i32 %gmem1_addr_read

]]></Node>
<StgValue><ssdm name="bitcast_ln68"/></StgValue>
</operation>

<operation id="73" st_id="10" stage="1" lat="3">
<core>DSP48</core>
<MemPortIdVec></MemPortIdVec>
<condition id="-1">
<or_exp><and_exp></and_exp></or_exp>
</condition>

<Node id="68" bw="10" op_0_bw="10" op_1_bw="10">
<![CDATA[
for.body14.split:11 %mul_ln68 = mul i10 %trunc_ln68, i10 13

]]></Node>
<StgValue><ssdm name="mul_ln68"/></StgValue>
</operation>

<operation id="74" st_id="10" stage="2" lat="2">
<core>DSP48</core>
<MemPortIdVec></MemPortIdVec>
<condition id="-1">
<or_exp><and_exp></and_exp></or_exp>
</condition>

<Node id="70" bw="10" op_0_bw="10" op_1_bw="10">
<![CDATA[
for.body14.split:13 %add_ln68 = add i10 %mul_ln68, i10 %lshr_ln

]]></Node>
<StgValue><ssdm name="add_ln68"/></StgValue>
</operation>
</state>

<state id="11" st_id="11">

<operation id="75" st_id="11" stage="1" lat="1">
<core>NULL</core>
<MemPortIdVec></MemPortIdVec>
<condition id="-1">
<or_exp><and_exp></and_exp></or_exp>
</condition>

<Node id="59" bw="0" op_0_bw="0" op_1_bw="32" op_2_bw="32" op_3_bw="32" op_4_bw="32" op_5_bw="0">
<![CDATA[
for.body14.split:2 %specpipeline_ln63 = specpipeline void @_ssdm_op_SpecPipeline, i32 1, i32 0, i32 0, i32 0, void @empty_16

]]></Node>
<StgValue><ssdm name="specpipeline_ln63"/></StgValue>
</operation>

<operation id="76" st_id="11" stage="1" lat="1">
<core>NULL</core>
<MemPortIdVec></MemPortIdVec>
<condition id="-1">
<or_exp><and_exp></and_exp></or_exp>
</condition>

<Node id="60" bw="0" op_0_bw="0" op_1_bw="0">
<![CDATA[
for.body14.split:3 %specloopname_ln62 = specloopname void @_ssdm_op_SpecLoopName, void @empty_14

]]></Node>
<StgValue><ssdm name="specloopname_ln62"/></StgValue>
</operation>

<operation id="77" st_id="11" stage="1" lat="2">
<core>DSP48</core>
<MemPortIdVec></MemPortIdVec>
<condition id="-1">
<or_exp><and_exp></and_exp></or_exp>
</condition>

<Node id="70" bw="10" op_0_bw="10" op_1_bw="10">
<![CDATA[
for.body14.split:13 %add_ln68 = add i10 %mul_ln68, i10 %lshr_ln

]]></Node>
<StgValue><ssdm name="add_ln68"/></StgValue>
</operation>

<operation id="78" st_id="11" stage="1" lat="1">
<core>NULL</core>
<MemPortIdVec></MemPortIdVec>
<condition id="-1">
<or_exp><and_exp></and_exp></or_exp>
</condition>

<Node id="71" bw="64" op_0_bw="10">
<![CDATA[
for.body14.split:14 %zext_ln68 = zext i10 %add_ln68

]]></Node>
<StgValue><ssdm name="zext_ln68"/></StgValue>
</operation>

<operation id="79" st_id="11" stage="1" lat="1">
<core>NULL</core>
<MemPortIdVec></MemPortIdVec>
<condition id="-1">
<or_exp><and_exp></and_exp></or_exp>
</condition>

<Node id="72" bw="10" op_0_bw="32" op_1_bw="64" op_2_bw="64">
<![CDATA[
for.body14.split:15 %p_ZZ5mmultE6localB_10_addr = getelementptr i32 %p_ZZ5mmultE6localB_10, i64 0, i64 %zext_ln68

]]></Node>
<StgValue><ssdm name="p_ZZ5mmultE6localB_10_addr"/></StgValue>
</operation>

<operation id="80" st_id="11" stage="1" lat="1">
<core>NULL</core>
<MemPortIdVec></MemPortIdVec>
<condition id="-1">
<or_exp><and_exp></and_exp></or_exp>
</condition>

<Node id="73" bw="10" op_0_bw="32" op_1_bw="64" op_2_bw="64">
<![CDATA[
for.body14.split:16 %p_ZZ5mmultE6localB_11_addr = getelementptr i32 %p_ZZ5mmultE6localB_11, i64 0, i64 %zext_ln68

]]></Node>
<StgValue><ssdm name="p_ZZ5mmultE6localB_11_addr"/></StgValue>
</operation>

<operation id="81" st_id="11" stage="1" lat="1">
<core>NULL</core>
<MemPortIdVec></MemPortIdVec>
<condition id="-1">
<or_exp><and_exp></and_exp></or_exp>
</condition>

<Node id="74" bw="10" op_0_bw="32" op_1_bw="64" op_2_bw="64">
<![CDATA[
for.body14.split:17 %p_ZZ5mmultE6localB_12_addr = getelementptr i32 %p_ZZ5mmultE6localB_12, i64 0, i64 %zext_ln68

]]></Node>
<StgValue><ssdm name="p_ZZ5mmultE6localB_12_addr"/></StgValue>
</operation>

<operation id="82" st_id="11" stage="1" lat="1">
<core>NULL</core>
<MemPortIdVec></MemPortIdVec>
<condition id="-1">
<or_exp><and_exp></and_exp></or_exp>
</condition>

<Node id="75" bw="10" op_0_bw="32" op_1_bw="64" op_2_bw="64">
<![CDATA[
for.body14.split:18 %p_ZZ5mmultE6localB_13_addr = getelementptr i32 %p_ZZ5mmultE6localB_13, i64 0, i64 %zext_ln68

]]></Node>
<StgValue><ssdm name="p_ZZ5mmultE6localB_13_addr"/></StgValue>
</operation>

<operation id="83" st_id="11" stage="1" lat="1">
<core>NULL</core>
<MemPortIdVec></MemPortIdVec>
<condition id="-1">
<or_exp><and_exp></and_exp></or_exp>
</condition>

<Node id="76" bw="10" op_0_bw="32" op_1_bw="64" op_2_bw="64">
<![CDATA[
for.body14.split:19 %p_ZZ5mmultE6localB_14_addr = getelementptr i32 %p_ZZ5mmultE6localB_14, i64 0, i64 %zext_ln68

]]></Node>
<StgValue><ssdm name="p_ZZ5mmultE6localB_14_addr"/></StgValue>
</operation>

<operation id="84" st_id="11" stage="1" lat="1">
<core>NULL</core>
<MemPortIdVec></MemPortIdVec>
<condition id="-1">
<or_exp><and_exp></and_exp></or_exp>
</condition>

<Node id="77" bw="10" op_0_bw="32" op_1_bw="64" op_2_bw="64">
<![CDATA[
for.body14.split:20 %mmult_localB = getelementptr i32 %p_ZZ5mmultE6localB_15, i64 0, i64 %zext_ln68

]]></Node>
<StgValue><ssdm name="mmult_localB"/></StgValue>
</operation>

<operation id="85" st_id="11" stage="1" lat="1">
<core>NULL</core>
<MemPortIdVec></MemPortIdVec>
<condition id="-1">
<or_exp><and_exp></and_exp></or_exp>
</condition>

<Node id="78" bw="10" op_0_bw="32" op_1_bw="64" op_2_bw="64">
<![CDATA[
for.body14.split:21 %localB_addr = getelementptr i32 %localB, i64 0, i64 %zext_ln68

]]></Node>
<StgValue><ssdm name="localB_addr"/></StgValue>
</operation>

<operation id="86" st_id="11" stage="1" lat="1">
<core>NULL</core>
<MemPortIdVec></MemPortIdVec>
<condition id="-1">
<or_exp><and_exp></and_exp></or_exp>
</condition>

<Node id="79" bw="10" op_0_bw="32" op_1_bw="64" op_2_bw="64">
<![CDATA[
for.body14.split:22 %localB_10_addr = getelementptr i32 %localB_10, i64 0, i64 %zext_ln68

]]></Node>
<StgValue><ssdm name="localB_10_addr"/></StgValue>
</operation>

<operation id="87" st_id="11" stage="1" lat="1">
<core>NULL</core>
<MemPortIdVec></MemPortIdVec>
<condition id="-1">
<or_exp><and_exp></and_exp></or_exp>
</condition>

<Node id="80" bw="10" op_0_bw="32" op_1_bw="64" op_2_bw="64">
<![CDATA[
for.body14.split:23 %localB_11_addr = getelementptr i32 %localB_11, i64 0, i64 %zext_ln68

]]></Node>
<StgValue><ssdm name="localB_11_addr"/></StgValue>
</operation>

<operation id="88" st_id="11" stage="1" lat="1">
<core>NULL</core>
<MemPortIdVec></MemPortIdVec>
<condition id="-1">
<or_exp><and_exp></and_exp></or_exp>
</condition>

<Node id="81" bw="10" op_0_bw="32" op_1_bw="64" op_2_bw="64">
<![CDATA[
for.body14.split:24 %localB_12_addr = getelementptr i32 %localB_12, i64 0, i64 %zext_ln68

]]></Node>
<StgValue><ssdm name="localB_12_addr"/></StgValue>
</operation>

<operation id="89" st_id="11" stage="1" lat="1">
<core>NULL</core>
<MemPortIdVec></MemPortIdVec>
<condition id="-1">
<or_exp><and_exp></and_exp></or_exp>
</condition>

<Node id="82" bw="10" op_0_bw="32" op_1_bw="64" op_2_bw="64">
<![CDATA[
for.body14.split:25 %localB_13_addr = getelementptr i32 %localB_13, i64 0, i64 %zext_ln68

]]></Node>
<StgValue><ssdm name="localB_13_addr"/></StgValue>
</operation>

<operation id="90" st_id="11" stage="1" lat="1">
<core>NULL</core>
<MemPortIdVec></MemPortIdVec>
<condition id="-1">
<or_exp><and_exp></and_exp></or_exp>
</condition>

<Node id="83" bw="10" op_0_bw="32" op_1_bw="64" op_2_bw="64">
<![CDATA[
for.body14.split:26 %localB_14_addr = getelementptr i32 %localB_14, i64 0, i64 %zext_ln68

]]></Node>
<StgValue><ssdm name="localB_14_addr"/></StgValue>
</operation>

<operation id="91" st_id="11" stage="1" lat="1">
<core>NULL</core>
<MemPortIdVec></MemPortIdVec>
<condition id="-1">
<or_exp><and_exp></and_exp></or_exp>
</condition>

<Node id="84" bw="10" op_0_bw="32" op_1_bw="64" op_2_bw="64">
<![CDATA[
for.body14.split:27 %localB_15_addr = getelementptr i32 %localB_15, i64 0, i64 %zext_ln68

]]></Node>
<StgValue><ssdm name="localB_15_addr"/></StgValue>
</operation>

<operation id="92" st_id="11" stage="1" lat="1">
<core>NULL</core>
<MemPortIdVec></MemPortIdVec>
<condition id="-1">
<or_exp><and_exp></and_exp></or_exp>
</condition>

<Node id="85" bw="10" op_0_bw="32" op_1_bw="64" op_2_bw="64">
<![CDATA[
for.body14.split:28 %localB_16_addr = getelementptr i32 %localB_16, i64 0, i64 %zext_ln68

]]></Node>
<StgValue><ssdm name="localB_16_addr"/></StgValue>
</operation>

<operation id="93" st_id="11" stage="1" lat="1">
<core>NULL</core>
<MemPortIdVec></MemPortIdVec>
<condition id="-1">
<or_exp><and_exp></and_exp></or_exp>
</condition>

<Node id="86" bw="10" op_0_bw="32" op_1_bw="64" op_2_bw="64">
<![CDATA[
for.body14.split:29 %localB_17_addr = getelementptr i32 %localB_17, i64 0, i64 %zext_ln68

]]></Node>
<StgValue><ssdm name="localB_17_addr"/></StgValue>
</operation>

<operation id="94" st_id="11" stage="1" lat="1">
<core>NULL</core>
<MemPortIdVec></MemPortIdVec>
<condition id="-1">
<or_exp><and_exp></and_exp></or_exp>
</condition>

<Node id="87" bw="10" op_0_bw="32" op_1_bw="64" op_2_bw="64">
<![CDATA[
for.body14.split:30 %localB_18_addr = getelementptr i32 %localB_18, i64 0, i64 %zext_ln68

]]></Node>
<StgValue><ssdm name="localB_18_addr"/></StgValue>
</operation>

<operation id="95" st_id="11" stage="1" lat="1">
<core>RAM_2P_BRAM</core>
<MemPortIdVec>1 </MemPortIdVec>
<condition id="-1">
<or_exp><and_exp><literal name="trunc_ln68_1" val="-2"/>
</and_exp></or_exp>
</condition>

<Node id="91" bw="0" op_0_bw="32" op_1_bw="10">
<![CDATA[
arrayidx2427.case.14:0 %store_ln68 = store i32 %bitcast_ln68, i10 %p_ZZ5mmultE6localB_14_addr

]]></Node>
<StgValue><ssdm name="store_ln68"/></StgValue>
</operation>

<operation id="96" st_id="11" stage="1" lat="1">
<core>NULL</core>
<MemPortIdVec></MemPortIdVec>
<condition id="-1">
<or_exp><and_exp><literal name="trunc_ln68_1" val="-2"/>
</and_exp></or_exp>
</condition>

<Node id="92" bw="0" op_0_bw="0">
<![CDATA[
arrayidx2427.case.14:1 %br_ln68 = br void %arrayidx2427.exit

]]></Node>
<StgValue><ssdm name="br_ln68"/></StgValue>
</operation>

<operation id="97" st_id="11" stage="1" lat="1">
<core>RAM_2P_BRAM</core>
<MemPortIdVec>1 </MemPortIdVec>
<condition id="-1">
<or_exp><and_exp><literal name="trunc_ln68_1" val="-3"/>
</and_exp></or_exp>
</condition>

<Node id="94" bw="0" op_0_bw="32" op_1_bw="10">
<![CDATA[
arrayidx2427.case.13:0 %store_ln68 = store i32 %bitcast_ln68, i10 %p_ZZ5mmultE6localB_13_addr

]]></Node>
<StgValue><ssdm name="store_ln68"/></StgValue>
</operation>

<operation id="98" st_id="11" stage="1" lat="1">
<core>NULL</core>
<MemPortIdVec></MemPortIdVec>
<condition id="-1">
<or_exp><and_exp><literal name="trunc_ln68_1" val="-3"/>
</and_exp></or_exp>
</condition>

<Node id="95" bw="0" op_0_bw="0">
<![CDATA[
arrayidx2427.case.13:1 %br_ln68 = br void %arrayidx2427.exit

]]></Node>
<StgValue><ssdm name="br_ln68"/></StgValue>
</operation>

<operation id="99" st_id="11" stage="1" lat="1">
<core>RAM_2P_BRAM</core>
<MemPortIdVec>1 </MemPortIdVec>
<condition id="-1">
<or_exp><and_exp><literal name="trunc_ln68_1" val="-4"/>
</and_exp></or_exp>
</condition>

<Node id="97" bw="0" op_0_bw="32" op_1_bw="10">
<![CDATA[
arrayidx2427.case.12:0 %store_ln68 = store i32 %bitcast_ln68, i10 %p_ZZ5mmultE6localB_12_addr

]]></Node>
<StgValue><ssdm name="store_ln68"/></StgValue>
</operation>

<operation id="100" st_id="11" stage="1" lat="1">
<core>NULL</core>
<MemPortIdVec></MemPortIdVec>
<condition id="-1">
<or_exp><and_exp><literal name="trunc_ln68_1" val="-4"/>
</and_exp></or_exp>
</condition>

<Node id="98" bw="0" op_0_bw="0">
<![CDATA[
arrayidx2427.case.12:1 %br_ln68 = br void %arrayidx2427.exit

]]></Node>
<StgValue><ssdm name="br_ln68"/></StgValue>
</operation>

<operation id="101" st_id="11" stage="1" lat="1">
<core>RAM_2P_BRAM</core>
<MemPortIdVec>1 </MemPortIdVec>
<condition id="-1">
<or_exp><and_exp><literal name="trunc_ln68_1" val="-5"/>
</and_exp></or_exp>
</condition>

<Node id="100" bw="0" op_0_bw="32" op_1_bw="10">
<![CDATA[
arrayidx2427.case.11:0 %store_ln68 = store i32 %bitcast_ln68, i10 %p_ZZ5mmultE6localB_11_addr

]]></Node>
<StgValue><ssdm name="store_ln68"/></StgValue>
</operation>

<operation id="102" st_id="11" stage="1" lat="1">
<core>NULL</core>
<MemPortIdVec></MemPortIdVec>
<condition id="-1">
<or_exp><and_exp><literal name="trunc_ln68_1" val="-5"/>
</and_exp></or_exp>
</condition>

<Node id="101" bw="0" op_0_bw="0">
<![CDATA[
arrayidx2427.case.11:1 %br_ln68 = br void %arrayidx2427.exit

]]></Node>
<StgValue><ssdm name="br_ln68"/></StgValue>
</operation>

<operation id="103" st_id="11" stage="1" lat="1">
<core>RAM_2P_BRAM</core>
<MemPortIdVec>1 </MemPortIdVec>
<condition id="-1">
<or_exp><and_exp><literal name="trunc_ln68_1" val="-6"/>
</and_exp></or_exp>
</condition>

<Node id="103" bw="0" op_0_bw="32" op_1_bw="10">
<![CDATA[
arrayidx2427.case.10:0 %store_ln68 = store i32 %bitcast_ln68, i10 %p_ZZ5mmultE6localB_10_addr

]]></Node>
<StgValue><ssdm name="store_ln68"/></StgValue>
</operation>

<operation id="104" st_id="11" stage="1" lat="1">
<core>NULL</core>
<MemPortIdVec></MemPortIdVec>
<condition id="-1">
<or_exp><and_exp><literal name="trunc_ln68_1" val="-6"/>
</and_exp></or_exp>
</condition>

<Node id="104" bw="0" op_0_bw="0">
<![CDATA[
arrayidx2427.case.10:1 %br_ln68 = br void %arrayidx2427.exit

]]></Node>
<StgValue><ssdm name="br_ln68"/></StgValue>
</operation>

<operation id="105" st_id="11" stage="1" lat="1">
<core>RAM_2P_BRAM</core>
<MemPortIdVec>1 </MemPortIdVec>
<condition id="-1">
<or_exp><and_exp><literal name="trunc_ln68_1" val="-7"/>
</and_exp></or_exp>
</condition>

<Node id="106" bw="0" op_0_bw="32" op_1_bw="10">
<![CDATA[
arrayidx2427.case.9:0 %store_ln68 = store i32 %bitcast_ln68, i10 %localB_18_addr

]]></Node>
<StgValue><ssdm name="store_ln68"/></StgValue>
</operation>

<operation id="106" st_id="11" stage="1" lat="1">
<core>NULL</core>
<MemPortIdVec></MemPortIdVec>
<condition id="-1">
<or_exp><and_exp><literal name="trunc_ln68_1" val="-7"/>
</and_exp></or_exp>
</condition>

<Node id="107" bw="0" op_0_bw="0">
<![CDATA[
arrayidx2427.case.9:1 %br_ln68 = br void %arrayidx2427.exit

]]></Node>
<StgValue><ssdm name="br_ln68"/></StgValue>
</operation>

<operation id="107" st_id="11" stage="1" lat="1">
<core>RAM_2P_BRAM</core>
<MemPortIdVec>1 </MemPortIdVec>
<condition id="-1">
<or_exp><and_exp><literal name="trunc_ln68_1" val="-8"/>
</and_exp></or_exp>
</condition>

<Node id="109" bw="0" op_0_bw="32" op_1_bw="10">
<![CDATA[
arrayidx2427.case.8:0 %store_ln68 = store i32 %bitcast_ln68, i10 %localB_17_addr

]]></Node>
<StgValue><ssdm name="store_ln68"/></StgValue>
</operation>

<operation id="108" st_id="11" stage="1" lat="1">
<core>NULL</core>
<MemPortIdVec></MemPortIdVec>
<condition id="-1">
<or_exp><and_exp><literal name="trunc_ln68_1" val="-8"/>
</and_exp></or_exp>
</condition>

<Node id="110" bw="0" op_0_bw="0">
<![CDATA[
arrayidx2427.case.8:1 %br_ln68 = br void %arrayidx2427.exit

]]></Node>
<StgValue><ssdm name="br_ln68"/></StgValue>
</operation>

<operation id="109" st_id="11" stage="1" lat="1">
<core>RAM_2P_BRAM</core>
<MemPortIdVec>1 </MemPortIdVec>
<condition id="-1">
<or_exp><and_exp><literal name="trunc_ln68_1" val="7"/>
</and_exp></or_exp>
</condition>

<Node id="112" bw="0" op_0_bw="32" op_1_bw="10">
<![CDATA[
arrayidx2427.case.7:0 %store_ln68 = store i32 %bitcast_ln68, i10 %localB_16_addr

]]></Node>
<StgValue><ssdm name="store_ln68"/></StgValue>
</operation>

<operation id="110" st_id="11" stage="1" lat="1">
<core>NULL</core>
<MemPortIdVec></MemPortIdVec>
<condition id="-1">
<or_exp><and_exp><literal name="trunc_ln68_1" val="7"/>
</and_exp></or_exp>
</condition>

<Node id="113" bw="0" op_0_bw="0">
<![CDATA[
arrayidx2427.case.7:1 %br_ln68 = br void %arrayidx2427.exit

]]></Node>
<StgValue><ssdm name="br_ln68"/></StgValue>
</operation>

<operation id="111" st_id="11" stage="1" lat="1">
<core>RAM_2P_BRAM</core>
<MemPortIdVec>1 </MemPortIdVec>
<condition id="-1">
<or_exp><and_exp><literal name="trunc_ln68_1" val="6"/>
</and_exp></or_exp>
</condition>

<Node id="115" bw="0" op_0_bw="32" op_1_bw="10">
<![CDATA[
arrayidx2427.case.6:0 %store_ln68 = store i32 %bitcast_ln68, i10 %localB_15_addr

]]></Node>
<StgValue><ssdm name="store_ln68"/></StgValue>
</operation>

<operation id="112" st_id="11" stage="1" lat="1">
<core>NULL</core>
<MemPortIdVec></MemPortIdVec>
<condition id="-1">
<or_exp><and_exp><literal name="trunc_ln68_1" val="6"/>
</and_exp></or_exp>
</condition>

<Node id="116" bw="0" op_0_bw="0">
<![CDATA[
arrayidx2427.case.6:1 %br_ln68 = br void %arrayidx2427.exit

]]></Node>
<StgValue><ssdm name="br_ln68"/></StgValue>
</operation>

<operation id="113" st_id="11" stage="1" lat="1">
<core>RAM_2P_BRAM</core>
<MemPortIdVec>1 </MemPortIdVec>
<condition id="-1">
<or_exp><and_exp><literal name="trunc_ln68_1" val="5"/>
</and_exp></or_exp>
</condition>

<Node id="118" bw="0" op_0_bw="32" op_1_bw="10">
<![CDATA[
arrayidx2427.case.5:0 %store_ln68 = store i32 %bitcast_ln68, i10 %localB_14_addr

]]></Node>
<StgValue><ssdm name="store_ln68"/></StgValue>
</operation>

<operation id="114" st_id="11" stage="1" lat="1">
<core>NULL</core>
<MemPortIdVec></MemPortIdVec>
<condition id="-1">
<or_exp><and_exp><literal name="trunc_ln68_1" val="5"/>
</and_exp></or_exp>
</condition>

<Node id="119" bw="0" op_0_bw="0">
<![CDATA[
arrayidx2427.case.5:1 %br_ln68 = br void %arrayidx2427.exit

]]></Node>
<StgValue><ssdm name="br_ln68"/></StgValue>
</operation>

<operation id="115" st_id="11" stage="1" lat="1">
<core>RAM_2P_BRAM</core>
<MemPortIdVec>1 </MemPortIdVec>
<condition id="-1">
<or_exp><and_exp><literal name="trunc_ln68_1" val="4"/>
</and_exp></or_exp>
</condition>

<Node id="121" bw="0" op_0_bw="32" op_1_bw="10">
<![CDATA[
arrayidx2427.case.4:0 %store_ln68 = store i32 %bitcast_ln68, i10 %localB_13_addr

]]></Node>
<StgValue><ssdm name="store_ln68"/></StgValue>
</operation>

<operation id="116" st_id="11" stage="1" lat="1">
<core>NULL</core>
<MemPortIdVec></MemPortIdVec>
<condition id="-1">
<or_exp><and_exp><literal name="trunc_ln68_1" val="4"/>
</and_exp></or_exp>
</condition>

<Node id="122" bw="0" op_0_bw="0">
<![CDATA[
arrayidx2427.case.4:1 %br_ln68 = br void %arrayidx2427.exit

]]></Node>
<StgValue><ssdm name="br_ln68"/></StgValue>
</operation>

<operation id="117" st_id="11" stage="1" lat="1">
<core>RAM_2P_BRAM</core>
<MemPortIdVec>1 </MemPortIdVec>
<condition id="-1">
<or_exp><and_exp><literal name="trunc_ln68_1" val="3"/>
</and_exp></or_exp>
</condition>

<Node id="124" bw="0" op_0_bw="32" op_1_bw="10">
<![CDATA[
arrayidx2427.case.3:0 %store_ln68 = store i32 %bitcast_ln68, i10 %localB_12_addr

]]></Node>
<StgValue><ssdm name="store_ln68"/></StgValue>
</operation>

<operation id="118" st_id="11" stage="1" lat="1">
<core>NULL</core>
<MemPortIdVec></MemPortIdVec>
<condition id="-1">
<or_exp><and_exp><literal name="trunc_ln68_1" val="3"/>
</and_exp></or_exp>
</condition>

<Node id="125" bw="0" op_0_bw="0">
<![CDATA[
arrayidx2427.case.3:1 %br_ln68 = br void %arrayidx2427.exit

]]></Node>
<StgValue><ssdm name="br_ln68"/></StgValue>
</operation>

<operation id="119" st_id="11" stage="1" lat="1">
<core>RAM_2P_BRAM</core>
<MemPortIdVec>1 </MemPortIdVec>
<condition id="-1">
<or_exp><and_exp><literal name="trunc_ln68_1" val="2"/>
</and_exp></or_exp>
</condition>

<Node id="127" bw="0" op_0_bw="32" op_1_bw="10">
<![CDATA[
arrayidx2427.case.2:0 %store_ln68 = store i32 %bitcast_ln68, i10 %localB_11_addr

]]></Node>
<StgValue><ssdm name="store_ln68"/></StgValue>
</operation>

<operation id="120" st_id="11" stage="1" lat="1">
<core>NULL</core>
<MemPortIdVec></MemPortIdVec>
<condition id="-1">
<or_exp><and_exp><literal name="trunc_ln68_1" val="2"/>
</and_exp></or_exp>
</condition>

<Node id="128" bw="0" op_0_bw="0">
<![CDATA[
arrayidx2427.case.2:1 %br_ln68 = br void %arrayidx2427.exit

]]></Node>
<StgValue><ssdm name="br_ln68"/></StgValue>
</operation>

<operation id="121" st_id="11" stage="1" lat="1">
<core>RAM_2P_BRAM</core>
<MemPortIdVec>1 </MemPortIdVec>
<condition id="-1">
<or_exp><and_exp><literal name="trunc_ln68_1" val="1"/>
</and_exp></or_exp>
</condition>

<Node id="130" bw="0" op_0_bw="32" op_1_bw="10">
<![CDATA[
arrayidx2427.case.1:0 %store_ln68 = store i32 %bitcast_ln68, i10 %localB_10_addr

]]></Node>
<StgValue><ssdm name="store_ln68"/></StgValue>
</operation>

<operation id="122" st_id="11" stage="1" lat="1">
<core>NULL</core>
<MemPortIdVec></MemPortIdVec>
<condition id="-1">
<or_exp><and_exp><literal name="trunc_ln68_1" val="1"/>
</and_exp></or_exp>
</condition>

<Node id="131" bw="0" op_0_bw="0">
<![CDATA[
arrayidx2427.case.1:1 %br_ln68 = br void %arrayidx2427.exit

]]></Node>
<StgValue><ssdm name="br_ln68"/></StgValue>
</operation>

<operation id="123" st_id="11" stage="1" lat="1">
<core>RAM_2P_BRAM</core>
<MemPortIdVec>1 </MemPortIdVec>
<condition id="-1">
<or_exp><and_exp><literal name="trunc_ln68_1" val="0"/>
</and_exp></or_exp>
</condition>

<Node id="133" bw="0" op_0_bw="32" op_1_bw="10">
<![CDATA[
arrayidx2427.case.0:0 %store_ln68 = store i32 %bitcast_ln68, i10 %localB_addr

]]></Node>
<StgValue><ssdm name="store_ln68"/></StgValue>
</operation>

<operation id="124" st_id="11" stage="1" lat="1">
<core>NULL</core>
<MemPortIdVec></MemPortIdVec>
<condition id="-1">
<or_exp><and_exp><literal name="trunc_ln68_1" val="0"/>
</and_exp></or_exp>
</condition>

<Node id="134" bw="0" op_0_bw="0">
<![CDATA[
arrayidx2427.case.0:1 %br_ln68 = br void %arrayidx2427.exit

]]></Node>
<StgValue><ssdm name="br_ln68"/></StgValue>
</operation>

<operation id="125" st_id="11" stage="1" lat="1">
<core>RAM_2P_BRAM</core>
<MemPortIdVec>1 </MemPortIdVec>
<condition id="-1">
<or_exp><and_exp><literal name="trunc_ln68_1" val="-1"/>
</and_exp></or_exp>
</condition>

<Node id="136" bw="0" op_0_bw="32" op_1_bw="10">
<![CDATA[
arrayidx2427.case.15:0 %store_ln68 = store i32 %bitcast_ln68, i10 %mmult_localB

]]></Node>
<StgValue><ssdm name="store_ln68"/></StgValue>
</operation>

<operation id="126" st_id="11" stage="1" lat="1">
<core>NULL</core>
<MemPortIdVec></MemPortIdVec>
<condition id="-1">
<or_exp><and_exp><literal name="trunc_ln68_1" val="-1"/>
</and_exp></or_exp>
</condition>

<Node id="137" bw="0" op_0_bw="0">
<![CDATA[
arrayidx2427.case.15:1 %br_ln68 = br void %arrayidx2427.exit

]]></Node>
<StgValue><ssdm name="br_ln68"/></StgValue>
</operation>
</state>

<state id="12" st_id="12">

<operation id="127" st_id="12" stage="1" lat="1">
<core>NULL</core>
<MemPortIdVec></MemPortIdVec>
<condition id="-1">
<or_exp><and_exp></and_exp></or_exp>
</condition>

<Node id="145" bw="0">
<![CDATA[
for.inc43.preheader.exitStub:0 %ret_ln0 = ret

]]></Node>
<StgValue><ssdm name="ret_ln0"/></StgValue>
</operation>
</state>
</state_list>


<ports>
<port id="147" name="gmem1" dir="0" iftype="4">
<core>NULL</core><StgValue><ssdm name="gmem1"/></StgValue>
</port>
<port id="148" name="sext_ln68" dir="0" iftype="0">
<core>NULL</core><StgValue><ssdm name="sext_ln68"/></StgValue>
</port>
<port id="149" name="b" dir="0" iftype="0">
<core>NULL</core><StgValue><ssdm name="b"/></StgValue>
</port>
<port id="150" name="localB" dir="1" iftype="1">
<core>RAM_2P_BRAM</core><StgValue><ssdm name="localB"/><MemPortTyVec>3 0 </MemPortTyVec>
</StgValue>
</port>
<port id="151" name="localB_10" dir="1" iftype="1">
<core>RAM_2P_BRAM</core><StgValue><ssdm name="localB_10"/><MemPortTyVec>3 0 </MemPortTyVec>
</StgValue>
</port>
<port id="152" name="localB_11" dir="1" iftype="1">
<core>RAM_2P_BRAM</core><StgValue><ssdm name="localB_11"/><MemPortTyVec>3 0 </MemPortTyVec>
</StgValue>
</port>
<port id="153" name="localB_12" dir="1" iftype="1">
<core>RAM_2P_BRAM</core><StgValue><ssdm name="localB_12"/><MemPortTyVec>3 0 </MemPortTyVec>
</StgValue>
</port>
<port id="154" name="localB_13" dir="1" iftype="1">
<core>RAM_2P_BRAM</core><StgValue><ssdm name="localB_13"/><MemPortTyVec>3 0 </MemPortTyVec>
</StgValue>
</port>
<port id="155" name="localB_14" dir="1" iftype="1">
<core>RAM_2P_BRAM</core><StgValue><ssdm name="localB_14"/><MemPortTyVec>3 0 </MemPortTyVec>
</StgValue>
</port>
<port id="156" name="localB_15" dir="1" iftype="1">
<core>RAM_2P_BRAM</core><StgValue><ssdm name="localB_15"/><MemPortTyVec>3 0 </MemPortTyVec>
</StgValue>
</port>
<port id="157" name="localB_16" dir="1" iftype="1">
<core>RAM_2P_BRAM</core><StgValue><ssdm name="localB_16"/><MemPortTyVec>3 0 </MemPortTyVec>
</StgValue>
</port>
<port id="158" name="localB_17" dir="1" iftype="1">
<core>RAM_2P_BRAM</core><StgValue><ssdm name="localB_17"/><MemPortTyVec>3 0 </MemPortTyVec>
</StgValue>
</port>
<port id="159" name="localB_18" dir="1" iftype="1">
<core>RAM_2P_BRAM</core><StgValue><ssdm name="localB_18"/><MemPortTyVec>3 0 </MemPortTyVec>
</StgValue>
</port>
<port id="160" name="p_ZZ5mmultE6localB_10" dir="1" iftype="1">
<core>RAM_2P_BRAM</core><StgValue><ssdm name="p_ZZ5mmultE6localB_10"/><MemPortTyVec>3 0 </MemPortTyVec>
</StgValue>
</port>
<port id="161" name="p_ZZ5mmultE6localB_11" dir="1" iftype="1">
<core>RAM_2P_BRAM</core><StgValue><ssdm name="p_ZZ5mmultE6localB_11"/><MemPortTyVec>3 0 </MemPortTyVec>
</StgValue>
</port>
<port id="162" name="p_ZZ5mmultE6localB_12" dir="1" iftype="1">
<core>RAM_2P_BRAM</core><StgValue><ssdm name="p_ZZ5mmultE6localB_12"/><MemPortTyVec>3 0 </MemPortTyVec>
</StgValue>
</port>
<port id="163" name="p_ZZ5mmultE6localB_13" dir="1" iftype="1">
<core>RAM_2P_BRAM</core><StgValue><ssdm name="p_ZZ5mmultE6localB_13"/><MemPortTyVec>3 0 </MemPortTyVec>
</StgValue>
</port>
<port id="164" name="p_ZZ5mmultE6localB_14" dir="1" iftype="1">
<core>RAM_2P_BRAM</core><StgValue><ssdm name="p_ZZ5mmultE6localB_14"/><MemPortTyVec>3 0 </MemPortTyVec>
</StgValue>
</port>
<port id="165" name="p_ZZ5mmultE6localB_15" dir="1" iftype="1">
<core>RAM_2P_BRAM</core><StgValue><ssdm name="p_ZZ5mmultE6localB_15"/><MemPortTyVec>3 0 </MemPortTyVec>
</StgValue>
</port>
</ports>


<dataflows>
<dataflow id="167" from="StgValue_166" to="j_2" fromId="166" toId="13">
</dataflow>
<dataflow id="168" from="StgValue_166" to="i_1" fromId="166" toId="14">
</dataflow>
<dataflow id="169" from="StgValue_166" to="loc_1" fromId="166" toId="15">
</dataflow>
<dataflow id="171" from="_ssdm_op_Read.ap_auto.i62" to="sext_ln68_read" fromId="170" toId="16">
</dataflow>
<dataflow id="172" from="sext_ln68" to="sext_ln68_read" fromId="148" toId="16">
</dataflow>
<dataflow id="173" from="sext_ln68_read" to="sext_ln68_cast" fromId="16" toId="17">
</dataflow>
<dataflow id="174" from="gmem1" to="gmem1_addr" fromId="147" toId="18">
</dataflow>
<dataflow id="175" from="sext_ln68_cast" to="gmem1_addr" fromId="17" toId="18">
</dataflow>
<dataflow id="177" from="_ssdm_op_ReadReq.m_axi.i32P1A" to="p_rd_req" fromId="176" toId="19">
</dataflow>
<dataflow id="178" from="gmem1_addr" to="p_rd_req" fromId="18" toId="19">
</dataflow>
<dataflow id="180" from="StgValue_179" to="p_rd_req" fromId="179" toId="19">
</dataflow>
<dataflow id="182" from="StgValue_181" to="store_ln0" fromId="181" toId="20">
</dataflow>
<dataflow id="183" from="loc_1" to="store_ln0" fromId="15" toId="20">
</dataflow>
<dataflow id="185" from="StgValue_184" to="store_ln0" fromId="184" toId="21">
</dataflow>
<dataflow id="186" from="i_1" to="store_ln0" fromId="14" toId="21">
</dataflow>
<dataflow id="187" from="StgValue_184" to="store_ln0" fromId="184" toId="22">
</dataflow>
<dataflow id="188" from="j_2" to="store_ln0" fromId="13" toId="22">
</dataflow>
<dataflow id="189" from="_ssdm_op_ReadReq.m_axi.i32P1A" to="p_rd_req" fromId="176" toId="23">
</dataflow>
<dataflow id="190" from="gmem1_addr" to="p_rd_req" fromId="18" toId="23">
</dataflow>
<dataflow id="191" from="StgValue_179" to="p_rd_req" fromId="179" toId="23">
</dataflow>
<dataflow id="192" from="_ssdm_op_ReadReq.m_axi.i32P1A" to="p_rd_req" fromId="176" toId="24">
</dataflow>
<dataflow id="193" from="gmem1_addr" to="p_rd_req" fromId="18" toId="24">
</dataflow>
<dataflow id="194" from="StgValue_179" to="p_rd_req" fromId="179" toId="24">
</dataflow>
<dataflow id="195" from="_ssdm_op_ReadReq.m_axi.i32P1A" to="p_rd_req" fromId="176" toId="25">
</dataflow>
<dataflow id="196" from="gmem1_addr" to="p_rd_req" fromId="18" toId="25">
</dataflow>
<dataflow id="197" from="StgValue_179" to="p_rd_req" fromId="179" toId="25">
</dataflow>
<dataflow id="198" from="_ssdm_op_ReadReq.m_axi.i32P1A" to="p_rd_req" fromId="176" toId="26">
</dataflow>
<dataflow id="199" from="gmem1_addr" to="p_rd_req" fromId="18" toId="26">
</dataflow>
<dataflow id="200" from="StgValue_179" to="p_rd_req" fromId="179" toId="26">
</dataflow>
<dataflow id="201" from="_ssdm_op_ReadReq.m_axi.i32P1A" to="p_rd_req" fromId="176" toId="27">
</dataflow>
<dataflow id="202" from="gmem1_addr" to="p_rd_req" fromId="18" toId="27">
</dataflow>
<dataflow id="203" from="StgValue_179" to="p_rd_req" fromId="179" toId="27">
</dataflow>
<dataflow id="205" from="_ssdm_op_Read.ap_auto.i64" to="b6" fromId="204" toId="28">
</dataflow>
<dataflow id="206" from="b" to="b6" fromId="149" toId="28">
</dataflow>
<dataflow id="208" from="_ssdm_op_SpecMemCore" to="specmemcore_ln0" fromId="207" toId="29">
</dataflow>
<dataflow id="209" from="localB" to="specmemcore_ln0" fromId="150" toId="29">
</dataflow>
<dataflow id="211" from="StgValue_210" to="specmemcore_ln0" fromId="210" toId="29">
</dataflow>
<dataflow id="213" from="StgValue_212" to="specmemcore_ln0" fromId="212" toId="29">
</dataflow>
<dataflow id="215" from="StgValue_214" to="specmemcore_ln0" fromId="214" toId="29">
</dataflow>
<dataflow id="216" from="_ssdm_op_SpecMemCore" to="specmemcore_ln0" fromId="207" toId="30">
</dataflow>
<dataflow id="217" from="localB_10" to="specmemcore_ln0" fromId="151" toId="30">
</dataflow>
<dataflow id="218" from="StgValue_210" to="specmemcore_ln0" fromId="210" toId="30">
</dataflow>
<dataflow id="219" from="StgValue_212" to="specmemcore_ln0" fromId="212" toId="30">
</dataflow>
<dataflow id="220" from="StgValue_214" to="specmemcore_ln0" fromId="214" toId="30">
</dataflow>
<dataflow id="221" from="_ssdm_op_SpecMemCore" to="specmemcore_ln0" fromId="207" toId="31">
</dataflow>
<dataflow id="222" from="localB_11" to="specmemcore_ln0" fromId="152" toId="31">
</dataflow>
<dataflow id="223" from="StgValue_210" to="specmemcore_ln0" fromId="210" toId="31">
</dataflow>
<dataflow id="224" from="StgValue_212" to="specmemcore_ln0" fromId="212" toId="31">
</dataflow>
<dataflow id="225" from="StgValue_214" to="specmemcore_ln0" fromId="214" toId="31">
</dataflow>
<dataflow id="226" from="_ssdm_op_SpecMemCore" to="specmemcore_ln0" fromId="207" toId="32">
</dataflow>
<dataflow id="227" from="localB_12" to="specmemcore_ln0" fromId="153" toId="32">
</dataflow>
<dataflow id="228" from="StgValue_210" to="specmemcore_ln0" fromId="210" toId="32">
</dataflow>
<dataflow id="229" from="StgValue_212" to="specmemcore_ln0" fromId="212" toId="32">
</dataflow>
<dataflow id="230" from="StgValue_214" to="specmemcore_ln0" fromId="214" toId="32">
</dataflow>
<dataflow id="231" from="_ssdm_op_SpecMemCore" to="specmemcore_ln0" fromId="207" toId="33">
</dataflow>
<dataflow id="232" from="localB_13" to="specmemcore_ln0" fromId="154" toId="33">
</dataflow>
<dataflow id="233" from="StgValue_210" to="specmemcore_ln0" fromId="210" toId="33">
</dataflow>
<dataflow id="234" from="StgValue_212" to="specmemcore_ln0" fromId="212" toId="33">
</dataflow>
<dataflow id="235" from="StgValue_214" to="specmemcore_ln0" fromId="214" toId="33">
</dataflow>
<dataflow id="236" from="_ssdm_op_SpecMemCore" to="specmemcore_ln0" fromId="207" toId="34">
</dataflow>
<dataflow id="237" from="localB_14" to="specmemcore_ln0" fromId="155" toId="34">
</dataflow>
<dataflow id="238" from="StgValue_210" to="specmemcore_ln0" fromId="210" toId="34">
</dataflow>
<dataflow id="239" from="StgValue_212" to="specmemcore_ln0" fromId="212" toId="34">
</dataflow>
<dataflow id="240" from="StgValue_214" to="specmemcore_ln0" fromId="214" toId="34">
</dataflow>
<dataflow id="241" from="_ssdm_op_SpecMemCore" to="specmemcore_ln0" fromId="207" toId="35">
</dataflow>
<dataflow id="242" from="localB_15" to="specmemcore_ln0" fromId="156" toId="35">
</dataflow>
<dataflow id="243" from="StgValue_210" to="specmemcore_ln0" fromId="210" toId="35">
</dataflow>
<dataflow id="244" from="StgValue_212" to="specmemcore_ln0" fromId="212" toId="35">
</dataflow>
<dataflow id="245" from="StgValue_214" to="specmemcore_ln0" fromId="214" toId="35">
</dataflow>
<dataflow id="246" from="_ssdm_op_SpecMemCore" to="specmemcore_ln0" fromId="207" toId="36">
</dataflow>
<dataflow id="247" from="localB_16" to="specmemcore_ln0" fromId="157" toId="36">
</dataflow>
<dataflow id="248" from="StgValue_210" to="specmemcore_ln0" fromId="210" toId="36">
</dataflow>
<dataflow id="249" from="StgValue_212" to="specmemcore_ln0" fromId="212" toId="36">
</dataflow>
<dataflow id="250" from="StgValue_214" to="specmemcore_ln0" fromId="214" toId="36">
</dataflow>
<dataflow id="251" from="_ssdm_op_SpecMemCore" to="specmemcore_ln0" fromId="207" toId="37">
</dataflow>
<dataflow id="252" from="localB_17" to="specmemcore_ln0" fromId="158" toId="37">
</dataflow>
<dataflow id="253" from="StgValue_210" to="specmemcore_ln0" fromId="210" toId="37">
</dataflow>
<dataflow id="254" from="StgValue_212" to="specmemcore_ln0" fromId="212" toId="37">
</dataflow>
<dataflow id="255" from="StgValue_214" to="specmemcore_ln0" fromId="214" toId="37">
</dataflow>
<dataflow id="256" from="_ssdm_op_SpecMemCore" to="specmemcore_ln0" fromId="207" toId="38">
</dataflow>
<dataflow id="257" from="localB_18" to="specmemcore_ln0" fromId="159" toId="38">
</dataflow>
<dataflow id="258" from="StgValue_210" to="specmemcore_ln0" fromId="210" toId="38">
</dataflow>
<dataflow id="259" from="StgValue_212" to="specmemcore_ln0" fromId="212" toId="38">
</dataflow>
<dataflow id="260" from="StgValue_214" to="specmemcore_ln0" fromId="214" toId="38">
</dataflow>
<dataflow id="261" from="_ssdm_op_SpecMemCore" to="specmemcore_ln0" fromId="207" toId="39">
</dataflow>
<dataflow id="262" from="p_ZZ5mmultE6localB_10" to="specmemcore_ln0" fromId="160" toId="39">
</dataflow>
<dataflow id="263" from="StgValue_210" to="specmemcore_ln0" fromId="210" toId="39">
</dataflow>
<dataflow id="264" from="StgValue_212" to="specmemcore_ln0" fromId="212" toId="39">
</dataflow>
<dataflow id="265" from="StgValue_214" to="specmemcore_ln0" fromId="214" toId="39">
</dataflow>
<dataflow id="266" from="_ssdm_op_SpecMemCore" to="specmemcore_ln0" fromId="207" toId="40">
</dataflow>
<dataflow id="267" from="p_ZZ5mmultE6localB_11" to="specmemcore_ln0" fromId="161" toId="40">
</dataflow>
<dataflow id="268" from="StgValue_210" to="specmemcore_ln0" fromId="210" toId="40">
</dataflow>
<dataflow id="269" from="StgValue_212" to="specmemcore_ln0" fromId="212" toId="40">
</dataflow>
<dataflow id="270" from="StgValue_214" to="specmemcore_ln0" fromId="214" toId="40">
</dataflow>
<dataflow id="271" from="_ssdm_op_SpecMemCore" to="specmemcore_ln0" fromId="207" toId="41">
</dataflow>
<dataflow id="272" from="p_ZZ5mmultE6localB_12" to="specmemcore_ln0" fromId="162" toId="41">
</dataflow>
<dataflow id="273" from="StgValue_210" to="specmemcore_ln0" fromId="210" toId="41">
</dataflow>
<dataflow id="274" from="StgValue_212" to="specmemcore_ln0" fromId="212" toId="41">
</dataflow>
<dataflow id="275" from="StgValue_214" to="specmemcore_ln0" fromId="214" toId="41">
</dataflow>
<dataflow id="276" from="_ssdm_op_SpecMemCore" to="specmemcore_ln0" fromId="207" toId="42">
</dataflow>
<dataflow id="277" from="p_ZZ5mmultE6localB_13" to="specmemcore_ln0" fromId="163" toId="42">
</dataflow>
<dataflow id="278" from="StgValue_210" to="specmemcore_ln0" fromId="210" toId="42">
</dataflow>
<dataflow id="279" from="StgValue_212" to="specmemcore_ln0" fromId="212" toId="42">
</dataflow>
<dataflow id="280" from="StgValue_214" to="specmemcore_ln0" fromId="214" toId="42">
</dataflow>
<dataflow id="281" from="_ssdm_op_SpecMemCore" to="specmemcore_ln0" fromId="207" toId="43">
</dataflow>
<dataflow id="282" from="p_ZZ5mmultE6localB_14" to="specmemcore_ln0" fromId="164" toId="43">
</dataflow>
<dataflow id="283" from="StgValue_210" to="specmemcore_ln0" fromId="210" toId="43">
</dataflow>
<dataflow id="284" from="StgValue_212" to="specmemcore_ln0" fromId="212" toId="43">
</dataflow>
<dataflow id="285" from="StgValue_214" to="specmemcore_ln0" fromId="214" toId="43">
</dataflow>
<dataflow id="286" from="_ssdm_op_SpecMemCore" to="specmemcore_ln0" fromId="207" toId="44">
</dataflow>
<dataflow id="287" from="p_ZZ5mmultE6localB_15" to="specmemcore_ln0" fromId="165" toId="44">
</dataflow>
<dataflow id="288" from="StgValue_210" to="specmemcore_ln0" fromId="210" toId="44">
</dataflow>
<dataflow id="289" from="StgValue_212" to="specmemcore_ln0" fromId="212" toId="44">
</dataflow>
<dataflow id="290" from="StgValue_214" to="specmemcore_ln0" fromId="214" toId="44">
</dataflow>
<dataflow id="292" from="_ssdm_op_SpecInterface" to="specinterface_ln0" fromId="291" toId="45">
</dataflow>
<dataflow id="293" from="gmem1" to="specinterface_ln0" fromId="147" toId="45">
</dataflow>
<dataflow id="295" from="empty_15" to="specinterface_ln0" fromId="294" toId="45">
</dataflow>
<dataflow id="296" from="StgValue_184" to="specinterface_ln0" fromId="184" toId="45">
</dataflow>
<dataflow id="297" from="StgValue_184" to="specinterface_ln0" fromId="184" toId="45">
</dataflow>
<dataflow id="299" from="empty_16" to="specinterface_ln0" fromId="298" toId="45">
</dataflow>
<dataflow id="300" from="StgValue_184" to="specinterface_ln0" fromId="184" toId="45">
</dataflow>
<dataflow id="301" from="StgValue_179" to="specinterface_ln0" fromId="179" toId="45">
</dataflow>
<dataflow id="303" from="empty_18" to="specinterface_ln0" fromId="302" toId="45">
</dataflow>
<dataflow id="305" from="empty_9" to="specinterface_ln0" fromId="304" toId="45">
</dataflow>
<dataflow id="306" from="empty_16" to="specinterface_ln0" fromId="298" toId="45">
</dataflow>
<dataflow id="308" from="StgValue_307" to="specinterface_ln0" fromId="307" toId="45">
</dataflow>
<dataflow id="309" from="StgValue_307" to="specinterface_ln0" fromId="307" toId="45">
</dataflow>
<dataflow id="310" from="StgValue_307" to="specinterface_ln0" fromId="307" toId="45">
</dataflow>
<dataflow id="311" from="StgValue_307" to="specinterface_ln0" fromId="307" toId="45">
</dataflow>
<dataflow id="312" from="empty_16" to="specinterface_ln0" fromId="298" toId="45">
</dataflow>
<dataflow id="313" from="empty_16" to="specinterface_ln0" fromId="298" toId="45">
</dataflow>
<dataflow id="315" from="StgValue_314" to="specinterface_ln0" fromId="314" toId="45">
</dataflow>
<dataflow id="316" from="StgValue_184" to="specinterface_ln0" fromId="184" toId="45">
</dataflow>
<dataflow id="317" from="_ssdm_op_ReadReq.m_axi.i32P1A" to="p_rd_req" fromId="176" toId="46">
</dataflow>
<dataflow id="318" from="gmem1_addr" to="p_rd_req" fromId="18" toId="46">
</dataflow>
<dataflow id="319" from="StgValue_179" to="p_rd_req" fromId="179" toId="46">
</dataflow>
<dataflow id="320" from="loc_1" to="loc" fromId="15" toId="48">
</dataflow>
<dataflow id="322" from="_ssdm_op_SpecBitsMap" to="specbitsmap_ln0" fromId="321" toId="49">
</dataflow>
<dataflow id="323" from="gmem1" to="specbitsmap_ln0" fromId="147" toId="49">
</dataflow>
<dataflow id="324" from="loc" to="icmp_ln62" fromId="48" toId="50">
</dataflow>
<dataflow id="326" from="StgValue_325" to="icmp_ln62" fromId="325" toId="50">
</dataflow>
<dataflow id="328" from="_ssdm_op_SpecLoopTripCount" to="empty" fromId="327" toId="51">
</dataflow>
<dataflow id="330" from="StgValue_329" to="empty" fromId="329" toId="51">
</dataflow>
<dataflow id="331" from="StgValue_329" to="empty" fromId="329" toId="51">
</dataflow>
<dataflow id="332" from="StgValue_329" to="empty" fromId="329" toId="51">
</dataflow>
<dataflow id="333" from="loc" to="add_ln62" fromId="48" toId="52">
</dataflow>
<dataflow id="335" from="StgValue_334" to="add_ln62" fromId="334" toId="52">
</dataflow>
<dataflow id="336" from="icmp_ln62" to="br_ln62" fromId="50" toId="53">
</dataflow>
<dataflow id="337" from="j_2" to="j_2_load" fromId="13" toId="54">
</dataflow>
<dataflow id="338" from="i_1" to="i_1_load" fromId="14" toId="55">
</dataflow>
<dataflow id="339" from="j_2_load" to="icmp_ln64" fromId="54" toId="56">
</dataflow>
<dataflow id="341" from="StgValue_340" to="icmp_ln64" fromId="340" toId="56">
</dataflow>
<dataflow id="342" from="i_1_load" to="add_ln65" fromId="55" toId="57">
</dataflow>
<dataflow id="343" from="StgValue_166" to="add_ln65" fromId="166" toId="57">
</dataflow>
<dataflow id="344" from="icmp_ln64" to="j" fromId="56" toId="58">
</dataflow>
<dataflow id="345" from="StgValue_184" to="j" fromId="184" toId="58">
</dataflow>
<dataflow id="346" from="j_2_load" to="j" fromId="54" toId="58">
</dataflow>
<dataflow id="347" from="icmp_ln64" to="i" fromId="56" toId="59">
</dataflow>
<dataflow id="348" from="add_ln65" to="i" fromId="57" toId="59">
</dataflow>
<dataflow id="349" from="i_1_load" to="i" fromId="55" toId="59">
</dataflow>
<dataflow id="350" from="i" to="trunc_ln68" fromId="59" toId="60">
</dataflow>
<dataflow id="351" from="trunc_ln68" to="mul_ln68" fromId="60" toId="61">
</dataflow>
<dataflow id="353" from="StgValue_352" to="mul_ln68" fromId="352" toId="61">
</dataflow>
<dataflow id="355" from="_ssdm_op_PartSelect.i10.i32.i32.i32" to="lshr_ln" fromId="354" toId="62">
</dataflow>
<dataflow id="356" from="j" to="lshr_ln" fromId="58" toId="62">
</dataflow>
<dataflow id="358" from="StgValue_357" to="lshr_ln" fromId="357" toId="62">
</dataflow>
<dataflow id="360" from="StgValue_359" to="lshr_ln" fromId="359" toId="62">
</dataflow>
<dataflow id="361" from="j" to="trunc_ln68_1" fromId="58" toId="63">
</dataflow>
<dataflow id="362" from="trunc_ln68_1" to="switch_ln68" fromId="63" toId="64">
</dataflow>
<dataflow id="364" from="StgValue_363" to="switch_ln68" fromId="363" toId="64">
</dataflow>
<dataflow id="366" from="StgValue_365" to="switch_ln68" fromId="365" toId="64">
</dataflow>
<dataflow id="368" from="StgValue_367" to="switch_ln68" fromId="367" toId="64">
</dataflow>
<dataflow id="370" from="StgValue_369" to="switch_ln68" fromId="369" toId="64">
</dataflow>
<dataflow id="372" from="StgValue_371" to="switch_ln68" fromId="371" toId="64">
</dataflow>
<dataflow id="374" from="StgValue_373" to="switch_ln68" fromId="373" toId="64">
</dataflow>
<dataflow id="376" from="StgValue_375" to="switch_ln68" fromId="375" toId="64">
</dataflow>
<dataflow id="378" from="StgValue_377" to="switch_ln68" fromId="377" toId="64">
</dataflow>
<dataflow id="380" from="StgValue_379" to="switch_ln68" fromId="379" toId="64">
</dataflow>
<dataflow id="382" from="StgValue_381" to="switch_ln68" fromId="381" toId="64">
</dataflow>
<dataflow id="384" from="StgValue_383" to="switch_ln68" fromId="383" toId="64">
</dataflow>
<dataflow id="386" from="StgValue_385" to="switch_ln68" fromId="385" toId="64">
</dataflow>
<dataflow id="388" from="StgValue_387" to="switch_ln68" fromId="387" toId="64">
</dataflow>
<dataflow id="390" from="StgValue_389" to="switch_ln68" fromId="389" toId="64">
</dataflow>
<dataflow id="392" from="StgValue_391" to="switch_ln68" fromId="391" toId="64">
</dataflow>
<dataflow id="393" from="j" to="j_3" fromId="58" toId="65">
</dataflow>
<dataflow id="394" from="StgValue_166" to="j_3" fromId="166" toId="65">
</dataflow>
<dataflow id="395" from="add_ln62" to="store_ln62" fromId="52" toId="66">
</dataflow>
<dataflow id="396" from="loc_1" to="store_ln62" fromId="15" toId="66">
</dataflow>
<dataflow id="397" from="i" to="store_ln62" fromId="59" toId="67">
</dataflow>
<dataflow id="398" from="i_1" to="store_ln62" fromId="14" toId="67">
</dataflow>
<dataflow id="399" from="j_3" to="store_ln62" fromId="65" toId="68">
</dataflow>
<dataflow id="400" from="j_2" to="store_ln62" fromId="13" toId="68">
</dataflow>
<dataflow id="401" from="trunc_ln68" to="mul_ln68" fromId="60" toId="70">
</dataflow>
<dataflow id="402" from="StgValue_352" to="mul_ln68" fromId="352" toId="70">
</dataflow>
<dataflow id="404" from="_ssdm_op_Read.m_axi.i32P1A" to="gmem1_addr_read" fromId="403" toId="71">
</dataflow>
<dataflow id="405" from="gmem1_addr" to="gmem1_addr_read" fromId="18" toId="71">
</dataflow>
<dataflow id="406" from="gmem1_addr_read" to="bitcast_ln68" fromId="71" toId="72">
</dataflow>
<dataflow id="407" from="trunc_ln68" to="mul_ln68" fromId="60" toId="73">
</dataflow>
<dataflow id="408" from="StgValue_352" to="mul_ln68" fromId="352" toId="73">
</dataflow>
<dataflow id="409" from="mul_ln68" to="add_ln68" fromId="73" toId="74">
</dataflow>
<dataflow id="410" from="lshr_ln" to="add_ln68" fromId="62" toId="74">
</dataflow>
<dataflow id="412" from="_ssdm_op_SpecPipeline" to="specpipeline_ln63" fromId="411" toId="75">
</dataflow>
<dataflow id="413" from="StgValue_166" to="specpipeline_ln63" fromId="166" toId="75">
</dataflow>
<dataflow id="414" from="StgValue_184" to="specpipeline_ln63" fromId="184" toId="75">
</dataflow>
<dataflow id="415" from="StgValue_184" to="specpipeline_ln63" fromId="184" toId="75">
</dataflow>
<dataflow id="416" from="StgValue_184" to="specpipeline_ln63" fromId="184" toId="75">
</dataflow>
<dataflow id="417" from="empty_16" to="specpipeline_ln63" fromId="298" toId="75">
</dataflow>
<dataflow id="419" from="_ssdm_op_SpecLoopName" to="specloopname_ln62" fromId="418" toId="76">
</dataflow>
<dataflow id="421" from="empty_14" to="specloopname_ln62" fromId="420" toId="76">
</dataflow>
<dataflow id="422" from="mul_ln68" to="add_ln68" fromId="73" toId="77">
</dataflow>
<dataflow id="423" from="lshr_ln" to="add_ln68" fromId="62" toId="77">
</dataflow>
<dataflow id="424" from="add_ln68" to="zext_ln68" fromId="77" toId="78">
</dataflow>
<dataflow id="425" from="p_ZZ5mmultE6localB_10" to="p_ZZ5mmultE6localB_10_addr" fromId="160" toId="79">
</dataflow>
<dataflow id="427" from="StgValue_426" to="p_ZZ5mmultE6localB_10_addr" fromId="426" toId="79">
</dataflow>
<dataflow id="428" from="zext_ln68" to="p_ZZ5mmultE6localB_10_addr" fromId="78" toId="79">
</dataflow>
<dataflow id="429" from="p_ZZ5mmultE6localB_11" to="p_ZZ5mmultE6localB_11_addr" fromId="161" toId="80">
</dataflow>
<dataflow id="430" from="StgValue_426" to="p_ZZ5mmultE6localB_11_addr" fromId="426" toId="80">
</dataflow>
<dataflow id="431" from="zext_ln68" to="p_ZZ5mmultE6localB_11_addr" fromId="78" toId="80">
</dataflow>
<dataflow id="432" from="p_ZZ5mmultE6localB_12" to="p_ZZ5mmultE6localB_12_addr" fromId="162" toId="81">
</dataflow>
<dataflow id="433" from="StgValue_426" to="p_ZZ5mmultE6localB_12_addr" fromId="426" toId="81">
</dataflow>
<dataflow id="434" from="zext_ln68" to="p_ZZ5mmultE6localB_12_addr" fromId="78" toId="81">
</dataflow>
<dataflow id="435" from="p_ZZ5mmultE6localB_13" to="p_ZZ5mmultE6localB_13_addr" fromId="163" toId="82">
</dataflow>
<dataflow id="436" from="StgValue_426" to="p_ZZ5mmultE6localB_13_addr" fromId="426" toId="82">
</dataflow>
<dataflow id="437" from="zext_ln68" to="p_ZZ5mmultE6localB_13_addr" fromId="78" toId="82">
</dataflow>
<dataflow id="438" from="p_ZZ5mmultE6localB_14" to="p_ZZ5mmultE6localB_14_addr" fromId="164" toId="83">
</dataflow>
<dataflow id="439" from="StgValue_426" to="p_ZZ5mmultE6localB_14_addr" fromId="426" toId="83">
</dataflow>
<dataflow id="440" from="zext_ln68" to="p_ZZ5mmultE6localB_14_addr" fromId="78" toId="83">
</dataflow>
<dataflow id="441" from="p_ZZ5mmultE6localB_15" to="mmult_localB" fromId="165" toId="84">
</dataflow>
<dataflow id="442" from="StgValue_426" to="mmult_localB" fromId="426" toId="84">
</dataflow>
<dataflow id="443" from="zext_ln68" to="mmult_localB" fromId="78" toId="84">
</dataflow>
<dataflow id="444" from="localB" to="localB_addr" fromId="150" toId="85">
</dataflow>
<dataflow id="445" from="StgValue_426" to="localB_addr" fromId="426" toId="85">
</dataflow>
<dataflow id="446" from="zext_ln68" to="localB_addr" fromId="78" toId="85">
</dataflow>
<dataflow id="447" from="localB_10" to="localB_10_addr" fromId="151" toId="86">
</dataflow>
<dataflow id="448" from="StgValue_426" to="localB_10_addr" fromId="426" toId="86">
</dataflow>
<dataflow id="449" from="zext_ln68" to="localB_10_addr" fromId="78" toId="86">
</dataflow>
<dataflow id="450" from="localB_11" to="localB_11_addr" fromId="152" toId="87">
</dataflow>
<dataflow id="451" from="StgValue_426" to="localB_11_addr" fromId="426" toId="87">
</dataflow>
<dataflow id="452" from="zext_ln68" to="localB_11_addr" fromId="78" toId="87">
</dataflow>
<dataflow id="453" from="localB_12" to="localB_12_addr" fromId="153" toId="88">
</dataflow>
<dataflow id="454" from="StgValue_426" to="localB_12_addr" fromId="426" toId="88">
</dataflow>
<dataflow id="455" from="zext_ln68" to="localB_12_addr" fromId="78" toId="88">
</dataflow>
<dataflow id="456" from="localB_13" to="localB_13_addr" fromId="154" toId="89">
</dataflow>
<dataflow id="457" from="StgValue_426" to="localB_13_addr" fromId="426" toId="89">
</dataflow>
<dataflow id="458" from="zext_ln68" to="localB_13_addr" fromId="78" toId="89">
</dataflow>
<dataflow id="459" from="localB_14" to="localB_14_addr" fromId="155" toId="90">
</dataflow>
<dataflow id="460" from="StgValue_426" to="localB_14_addr" fromId="426" toId="90">
</dataflow>
<dataflow id="461" from="zext_ln68" to="localB_14_addr" fromId="78" toId="90">
</dataflow>
<dataflow id="462" from="localB_15" to="localB_15_addr" fromId="156" toId="91">
</dataflow>
<dataflow id="463" from="StgValue_426" to="localB_15_addr" fromId="426" toId="91">
</dataflow>
<dataflow id="464" from="zext_ln68" to="localB_15_addr" fromId="78" toId="91">
</dataflow>
<dataflow id="465" from="localB_16" to="localB_16_addr" fromId="157" toId="92">
</dataflow>
<dataflow id="466" from="StgValue_426" to="localB_16_addr" fromId="426" toId="92">
</dataflow>
<dataflow id="467" from="zext_ln68" to="localB_16_addr" fromId="78" toId="92">
</dataflow>
<dataflow id="468" from="localB_17" to="localB_17_addr" fromId="158" toId="93">
</dataflow>
<dataflow id="469" from="StgValue_426" to="localB_17_addr" fromId="426" toId="93">
</dataflow>
<dataflow id="470" from="zext_ln68" to="localB_17_addr" fromId="78" toId="93">
</dataflow>
<dataflow id="471" from="localB_18" to="localB_18_addr" fromId="159" toId="94">
</dataflow>
<dataflow id="472" from="StgValue_426" to="localB_18_addr" fromId="426" toId="94">
</dataflow>
<dataflow id="473" from="zext_ln68" to="localB_18_addr" fromId="78" toId="94">
</dataflow>
<dataflow id="474" from="bitcast_ln68" to="store_ln68" fromId="72" toId="95">
</dataflow>
<dataflow id="475" from="p_ZZ5mmultE6localB_14_addr" to="store_ln68" fromId="83" toId="95">
</dataflow>
<dataflow id="476" from="bitcast_ln68" to="store_ln68" fromId="72" toId="97">
</dataflow>
<dataflow id="477" from="p_ZZ5mmultE6localB_13_addr" to="store_ln68" fromId="82" toId="97">
</dataflow>
<dataflow id="478" from="bitcast_ln68" to="store_ln68" fromId="72" toId="99">
</dataflow>
<dataflow id="479" from="p_ZZ5mmultE6localB_12_addr" to="store_ln68" fromId="81" toId="99">
</dataflow>
<dataflow id="480" from="bitcast_ln68" to="store_ln68" fromId="72" toId="101">
</dataflow>
<dataflow id="481" from="p_ZZ5mmultE6localB_11_addr" to="store_ln68" fromId="80" toId="101">
</dataflow>
<dataflow id="482" from="bitcast_ln68" to="store_ln68" fromId="72" toId="103">
</dataflow>
<dataflow id="483" from="p_ZZ5mmultE6localB_10_addr" to="store_ln68" fromId="79" toId="103">
</dataflow>
<dataflow id="484" from="bitcast_ln68" to="store_ln68" fromId="72" toId="105">
</dataflow>
<dataflow id="485" from="localB_18_addr" to="store_ln68" fromId="94" toId="105">
</dataflow>
<dataflow id="486" from="bitcast_ln68" to="store_ln68" fromId="72" toId="107">
</dataflow>
<dataflow id="487" from="localB_17_addr" to="store_ln68" fromId="93" toId="107">
</dataflow>
<dataflow id="488" from="bitcast_ln68" to="store_ln68" fromId="72" toId="109">
</dataflow>
<dataflow id="489" from="localB_16_addr" to="store_ln68" fromId="92" toId="109">
</dataflow>
<dataflow id="490" from="bitcast_ln68" to="store_ln68" fromId="72" toId="111">
</dataflow>
<dataflow id="491" from="localB_15_addr" to="store_ln68" fromId="91" toId="111">
</dataflow>
<dataflow id="492" from="bitcast_ln68" to="store_ln68" fromId="72" toId="113">
</dataflow>
<dataflow id="493" from="localB_14_addr" to="store_ln68" fromId="90" toId="113">
</dataflow>
<dataflow id="494" from="bitcast_ln68" to="store_ln68" fromId="72" toId="115">
</dataflow>
<dataflow id="495" from="localB_13_addr" to="store_ln68" fromId="89" toId="115">
</dataflow>
<dataflow id="496" from="bitcast_ln68" to="store_ln68" fromId="72" toId="117">
</dataflow>
<dataflow id="497" from="localB_12_addr" to="store_ln68" fromId="88" toId="117">
</dataflow>
<dataflow id="498" from="bitcast_ln68" to="store_ln68" fromId="72" toId="119">
</dataflow>
<dataflow id="499" from="localB_11_addr" to="store_ln68" fromId="87" toId="119">
</dataflow>
<dataflow id="500" from="bitcast_ln68" to="store_ln68" fromId="72" toId="121">
</dataflow>
<dataflow id="501" from="localB_10_addr" to="store_ln68" fromId="86" toId="121">
</dataflow>
<dataflow id="502" from="bitcast_ln68" to="store_ln68" fromId="72" toId="123">
</dataflow>
<dataflow id="503" from="localB_addr" to="store_ln68" fromId="85" toId="123">
</dataflow>
<dataflow id="504" from="bitcast_ln68" to="store_ln68" fromId="72" toId="125">
</dataflow>
<dataflow id="505" from="mmult_localB" to="store_ln68" fromId="84" toId="125">
</dataflow>
<dataflow id="506" from="icmp_ln62" to="StgValue_8" fromId="50" toId="8">
</dataflow>
<dataflow id="507" from="trunc_ln68_1" to="StgValue_11" fromId="63" toId="11">
</dataflow>
</dataflows>


</stg>
