<stg><name>mmult_Pipeline_initC_VITIS_LOOP_77_1</name>


<trans_list>

<trans id="121" from="1" to="2">
<condition id="-1">
<or_exp><and_exp></and_exp></or_exp>
</condition>
</trans>

<trans id="117" from="2" to="3">
<condition id="-1">
<or_exp><and_exp></and_exp></or_exp>
</condition>
</trans>

<trans id="118" from="3" to="4">
<condition id="-1">
<or_exp><and_exp></and_exp></or_exp>
</condition>
</trans>
</trans_list>



<state_list>

<state id="1" st_id="2">

<operation id="7" st_id="1" stage="1" lat="1">
<core>NULL</core>
<MemPortIdVec></MemPortIdVec>
<condition id="-1">
<or_exp><and_exp></and_exp></or_exp>
</condition>

<Node id="17" bw="8" op_0_bw="32">
<![CDATA[
newFuncRoot:0 %j_6 = alloca i32 1

]]></Node>
<StgValue><ssdm name="j_6"/></StgValue>
</operation>

<operation id="8" st_id="1" stage="1" lat="1">
<core>NULL</core>
<MemPortIdVec></MemPortIdVec>
<condition id="-1">
<or_exp><and_exp></and_exp></or_exp>
</condition>

<Node id="18" bw="8" op_0_bw="32">
<![CDATA[
newFuncRoot:1 %i_2 = alloca i32 1

]]></Node>
<StgValue><ssdm name="i_2"/></StgValue>
</operation>

<operation id="9" st_id="1" stage="1" lat="1">
<core>NULL</core>
<MemPortIdVec></MemPortIdVec>
<condition id="-1">
<or_exp><and_exp></and_exp></or_exp>
</condition>

<Node id="19" bw="16" op_0_bw="32">
<![CDATA[
newFuncRoot:2 %indvar_flatten = alloca i32 1

]]></Node>
<StgValue><ssdm name="indvar_flatten"/></StgValue>
</operation>

<operation id="10" st_id="1" stage="1" lat="1">
<core>NULL</core>
<MemPortIdVec></MemPortIdVec>
<condition id="-1">
<or_exp><and_exp></and_exp></or_exp>
</condition>

<Node id="20" bw="0" op_0_bw="0" op_1_bw="32" op_2_bw="64" op_3_bw="64" op_4_bw="64">
<![CDATA[
newFuncRoot:3 %specmemcore_ln0 = specmemcore void @_ssdm_op_SpecMemCore, i32 %localC, i64 666, i64 22, i64 2

]]></Node>
<StgValue><ssdm name="specmemcore_ln0"/></StgValue>
</operation>

<operation id="11" st_id="1" stage="1" lat="1">
<core>NULL</core>
<MemPortIdVec></MemPortIdVec>
<condition id="-1">
<or_exp><and_exp></and_exp></or_exp>
</condition>

<Node id="21" bw="0" op_0_bw="0" op_1_bw="32" op_2_bw="64" op_3_bw="64" op_4_bw="64">
<![CDATA[
newFuncRoot:4 %specmemcore_ln0 = specmemcore void @_ssdm_op_SpecMemCore, i32 %localC_19, i64 666, i64 22, i64 2

]]></Node>
<StgValue><ssdm name="specmemcore_ln0"/></StgValue>
</operation>

<operation id="12" st_id="1" stage="1" lat="1">
<core>NULL</core>
<MemPortIdVec></MemPortIdVec>
<condition id="-1">
<or_exp><and_exp></and_exp></or_exp>
</condition>

<Node id="22" bw="0" op_0_bw="0" op_1_bw="32" op_2_bw="64" op_3_bw="64" op_4_bw="64">
<![CDATA[
newFuncRoot:5 %specmemcore_ln0 = specmemcore void @_ssdm_op_SpecMemCore, i32 %localC_20, i64 666, i64 22, i64 2

]]></Node>
<StgValue><ssdm name="specmemcore_ln0"/></StgValue>
</operation>

<operation id="13" st_id="1" stage="1" lat="1">
<core>NULL</core>
<MemPortIdVec></MemPortIdVec>
<condition id="-1">
<or_exp><and_exp></and_exp></or_exp>
</condition>

<Node id="23" bw="0" op_0_bw="0" op_1_bw="32" op_2_bw="64" op_3_bw="64" op_4_bw="64">
<![CDATA[
newFuncRoot:6 %specmemcore_ln0 = specmemcore void @_ssdm_op_SpecMemCore, i32 %localC_21, i64 666, i64 22, i64 2

]]></Node>
<StgValue><ssdm name="specmemcore_ln0"/></StgValue>
</operation>

<operation id="14" st_id="1" stage="1" lat="1">
<core>NULL</core>
<MemPortIdVec></MemPortIdVec>
<condition id="-1">
<or_exp><and_exp></and_exp></or_exp>
</condition>

<Node id="24" bw="0" op_0_bw="0" op_1_bw="32" op_2_bw="64" op_3_bw="64" op_4_bw="64">
<![CDATA[
newFuncRoot:7 %specmemcore_ln0 = specmemcore void @_ssdm_op_SpecMemCore, i32 %localC_22, i64 666, i64 22, i64 2

]]></Node>
<StgValue><ssdm name="specmemcore_ln0"/></StgValue>
</operation>

<operation id="15" st_id="1" stage="1" lat="1">
<core>NULL</core>
<MemPortIdVec></MemPortIdVec>
<condition id="-1">
<or_exp><and_exp></and_exp></or_exp>
</condition>

<Node id="25" bw="0" op_0_bw="0" op_1_bw="32" op_2_bw="64" op_3_bw="64" op_4_bw="64">
<![CDATA[
newFuncRoot:8 %specmemcore_ln0 = specmemcore void @_ssdm_op_SpecMemCore, i32 %localC_23, i64 666, i64 22, i64 2

]]></Node>
<StgValue><ssdm name="specmemcore_ln0"/></StgValue>
</operation>

<operation id="16" st_id="1" stage="1" lat="1">
<core>NULL</core>
<MemPortIdVec></MemPortIdVec>
<condition id="-1">
<or_exp><and_exp></and_exp></or_exp>
</condition>

<Node id="26" bw="0" op_0_bw="0" op_1_bw="32" op_2_bw="64" op_3_bw="64" op_4_bw="64">
<![CDATA[
newFuncRoot:9 %specmemcore_ln0 = specmemcore void @_ssdm_op_SpecMemCore, i32 %localC_24, i64 666, i64 22, i64 2

]]></Node>
<StgValue><ssdm name="specmemcore_ln0"/></StgValue>
</operation>

<operation id="17" st_id="1" stage="1" lat="1">
<core>NULL</core>
<MemPortIdVec></MemPortIdVec>
<condition id="-1">
<or_exp><and_exp></and_exp></or_exp>
</condition>

<Node id="27" bw="0" op_0_bw="0" op_1_bw="32" op_2_bw="64" op_3_bw="64" op_4_bw="64">
<![CDATA[
newFuncRoot:10 %specmemcore_ln0 = specmemcore void @_ssdm_op_SpecMemCore, i32 %localC_25, i64 666, i64 22, i64 2

]]></Node>
<StgValue><ssdm name="specmemcore_ln0"/></StgValue>
</operation>

<operation id="18" st_id="1" stage="1" lat="1">
<core>NULL</core>
<MemPortIdVec></MemPortIdVec>
<condition id="-1">
<or_exp><and_exp></and_exp></or_exp>
</condition>

<Node id="28" bw="0" op_0_bw="0" op_1_bw="32" op_2_bw="64" op_3_bw="64" op_4_bw="64">
<![CDATA[
newFuncRoot:11 %specmemcore_ln0 = specmemcore void @_ssdm_op_SpecMemCore, i32 %localC_26, i64 666, i64 22, i64 2

]]></Node>
<StgValue><ssdm name="specmemcore_ln0"/></StgValue>
</operation>

<operation id="19" st_id="1" stage="1" lat="1">
<core>NULL</core>
<MemPortIdVec></MemPortIdVec>
<condition id="-1">
<or_exp><and_exp></and_exp></or_exp>
</condition>

<Node id="29" bw="0" op_0_bw="0" op_1_bw="32" op_2_bw="64" op_3_bw="64" op_4_bw="64">
<![CDATA[
newFuncRoot:12 %specmemcore_ln0 = specmemcore void @_ssdm_op_SpecMemCore, i32 %localC_27, i64 666, i64 22, i64 2

]]></Node>
<StgValue><ssdm name="specmemcore_ln0"/></StgValue>
</operation>

<operation id="20" st_id="1" stage="1" lat="1">
<core>NULL</core>
<MemPortIdVec></MemPortIdVec>
<condition id="-1">
<or_exp><and_exp></and_exp></or_exp>
</condition>

<Node id="30" bw="0" op_0_bw="0" op_1_bw="32" op_2_bw="64" op_3_bw="64" op_4_bw="64">
<![CDATA[
newFuncRoot:13 %specmemcore_ln0 = specmemcore void @_ssdm_op_SpecMemCore, i32 %p_ZZ5mmultE6localC_10, i64 666, i64 22, i64 2

]]></Node>
<StgValue><ssdm name="specmemcore_ln0"/></StgValue>
</operation>

<operation id="21" st_id="1" stage="1" lat="1">
<core>NULL</core>
<MemPortIdVec></MemPortIdVec>
<condition id="-1">
<or_exp><and_exp></and_exp></or_exp>
</condition>

<Node id="31" bw="0" op_0_bw="0" op_1_bw="32" op_2_bw="64" op_3_bw="64" op_4_bw="64">
<![CDATA[
newFuncRoot:14 %specmemcore_ln0 = specmemcore void @_ssdm_op_SpecMemCore, i32 %p_ZZ5mmultE6localC_11, i64 666, i64 22, i64 2

]]></Node>
<StgValue><ssdm name="specmemcore_ln0"/></StgValue>
</operation>

<operation id="22" st_id="1" stage="1" lat="1">
<core>NULL</core>
<MemPortIdVec></MemPortIdVec>
<condition id="-1">
<or_exp><and_exp></and_exp></or_exp>
</condition>

<Node id="32" bw="0" op_0_bw="0" op_1_bw="32" op_2_bw="64" op_3_bw="64" op_4_bw="64">
<![CDATA[
newFuncRoot:15 %specmemcore_ln0 = specmemcore void @_ssdm_op_SpecMemCore, i32 %p_ZZ5mmultE6localC_12, i64 666, i64 22, i64 2

]]></Node>
<StgValue><ssdm name="specmemcore_ln0"/></StgValue>
</operation>

<operation id="23" st_id="1" stage="1" lat="1">
<core>NULL</core>
<MemPortIdVec></MemPortIdVec>
<condition id="-1">
<or_exp><and_exp></and_exp></or_exp>
</condition>

<Node id="33" bw="0" op_0_bw="0" op_1_bw="32" op_2_bw="64" op_3_bw="64" op_4_bw="64">
<![CDATA[
newFuncRoot:16 %specmemcore_ln0 = specmemcore void @_ssdm_op_SpecMemCore, i32 %p_ZZ5mmultE6localC_13, i64 666, i64 22, i64 2

]]></Node>
<StgValue><ssdm name="specmemcore_ln0"/></StgValue>
</operation>

<operation id="24" st_id="1" stage="1" lat="1">
<core>NULL</core>
<MemPortIdVec></MemPortIdVec>
<condition id="-1">
<or_exp><and_exp></and_exp></or_exp>
</condition>

<Node id="34" bw="0" op_0_bw="0" op_1_bw="32" op_2_bw="64" op_3_bw="64" op_4_bw="64">
<![CDATA[
newFuncRoot:17 %specmemcore_ln0 = specmemcore void @_ssdm_op_SpecMemCore, i32 %p_ZZ5mmultE6localC_14, i64 666, i64 22, i64 2

]]></Node>
<StgValue><ssdm name="specmemcore_ln0"/></StgValue>
</operation>

<operation id="25" st_id="1" stage="1" lat="1">
<core>NULL</core>
<MemPortIdVec></MemPortIdVec>
<condition id="-1">
<or_exp><and_exp></and_exp></or_exp>
</condition>

<Node id="35" bw="0" op_0_bw="0" op_1_bw="32" op_2_bw="64" op_3_bw="64" op_4_bw="64">
<![CDATA[
newFuncRoot:18 %specmemcore_ln0 = specmemcore void @_ssdm_op_SpecMemCore, i32 %p_ZZ5mmultE6localC_15, i64 666, i64 22, i64 2

]]></Node>
<StgValue><ssdm name="specmemcore_ln0"/></StgValue>
</operation>

<operation id="26" st_id="1" stage="1" lat="1">
<core>NULL</core>
<MemPortIdVec></MemPortIdVec>
<condition id="-1">
<or_exp><and_exp></and_exp></or_exp>
</condition>

<Node id="36" bw="0" op_0_bw="16" op_1_bw="16">
<![CDATA[
newFuncRoot:19 %store_ln0 = store i16 0, i16 %indvar_flatten

]]></Node>
<StgValue><ssdm name="store_ln0"/></StgValue>
</operation>

<operation id="27" st_id="1" stage="1" lat="1">
<core>NULL</core>
<MemPortIdVec></MemPortIdVec>
<condition id="-1">
<or_exp><and_exp></and_exp></or_exp>
</condition>

<Node id="37" bw="0" op_0_bw="8" op_1_bw="8">
<![CDATA[
newFuncRoot:20 %store_ln0 = store i8 0, i8 %i_2

]]></Node>
<StgValue><ssdm name="store_ln0"/></StgValue>
</operation>

<operation id="28" st_id="1" stage="1" lat="1">
<core>NULL</core>
<MemPortIdVec></MemPortIdVec>
<condition id="-1">
<or_exp><and_exp></and_exp></or_exp>
</condition>

<Node id="38" bw="0" op_0_bw="8" op_1_bw="8">
<![CDATA[
newFuncRoot:21 %store_ln0 = store i8 0, i8 %j_6

]]></Node>
<StgValue><ssdm name="store_ln0"/></StgValue>
</operation>

<operation id="29" st_id="1" stage="1" lat="1">
<core>NULL</core>
<MemPortIdVec></MemPortIdVec>
<condition id="-1">
<or_exp><and_exp></and_exp></or_exp>
</condition>

<Node id="39" bw="0" op_0_bw="0">
<![CDATA[
newFuncRoot:22 %br_ln0 = br void %for.inc43

]]></Node>
<StgValue><ssdm name="br_ln0"/></StgValue>
</operation>

<operation id="30" st_id="1" stage="1" lat="1">
<core>NULL</core>
<MemPortIdVec></MemPortIdVec>
<condition id="-1">
<or_exp><and_exp></and_exp></or_exp>
</condition>

<Node id="41" bw="16" op_0_bw="16" op_1_bw="0">
<![CDATA[
for.inc43:0 %indvar_flatten_load = load i16 %indvar_flatten

]]></Node>
<StgValue><ssdm name="indvar_flatten_load"/></StgValue>
</operation>

<operation id="31" st_id="1" stage="1" lat="1">
<core>Cmp</core>
<MemPortIdVec></MemPortIdVec>
<condition id="-1">
<or_exp><and_exp></and_exp></or_exp>
</condition>

<Node id="42" bw="1" op_0_bw="16" op_1_bw="16">
<![CDATA[
for.inc43:1 %icmp_ln76 = icmp_eq  i16 %indvar_flatten_load, i16 38809

]]></Node>
<StgValue><ssdm name="icmp_ln76"/></StgValue>
</operation>

<operation id="32" st_id="1" stage="1" lat="1">
<core>Adder</core>
<MemPortIdVec></MemPortIdVec>
<condition id="-1">
<or_exp><and_exp></and_exp></or_exp>
</condition>

<Node id="43" bw="16" op_0_bw="16" op_1_bw="16">
<![CDATA[
for.inc43:2 %add_ln76_1 = add i16 %indvar_flatten_load, i16 1

]]></Node>
<StgValue><ssdm name="add_ln76_1"/></StgValue>
</operation>

<operation id="33" st_id="1" stage="1" lat="1">
<core>NULL</core>
<MemPortIdVec></MemPortIdVec>
<condition id="-1">
<or_exp><and_exp></and_exp></or_exp>
</condition>

<Node id="44" bw="0" op_0_bw="1" op_1_bw="0" op_2_bw="0">
<![CDATA[
for.inc43:3 %br_ln76 = br i1 %icmp_ln76, void %for.inc46, void %for.end48.exitStub

]]></Node>
<StgValue><ssdm name="br_ln76"/></StgValue>
</operation>

<operation id="34" st_id="1" stage="1" lat="1">
<core>NULL</core>
<MemPortIdVec></MemPortIdVec>
<condition id="-1">
<or_exp><and_exp><literal name="icmp_ln76" val="0"/>
</and_exp></or_exp>
</condition>

<Node id="46" bw="8" op_0_bw="8" op_1_bw="0">
<![CDATA[
for.inc46:0 %j_6_load = load i8 %j_6

]]></Node>
<StgValue><ssdm name="j_6_load"/></StgValue>
</operation>

<operation id="35" st_id="1" stage="1" lat="1">
<core>NULL</core>
<MemPortIdVec></MemPortIdVec>
<condition id="-1">
<or_exp><and_exp><literal name="icmp_ln76" val="0"/>
</and_exp></or_exp>
</condition>

<Node id="47" bw="8" op_0_bw="8" op_1_bw="0">
<![CDATA[
for.inc46:1 %i_2_load = load i8 %i_2

]]></Node>
<StgValue><ssdm name="i_2_load"/></StgValue>
</operation>

<operation id="36" st_id="1" stage="1" lat="1">
<core>Adder</core>
<MemPortIdVec></MemPortIdVec>
<condition id="-1">
<or_exp><and_exp><literal name="icmp_ln76" val="0"/>
</and_exp></or_exp>
</condition>

<Node id="48" bw="8" op_0_bw="8" op_1_bw="8">
<![CDATA[
for.inc46:2 %add_ln76 = add i8 %i_2_load, i8 1

]]></Node>
<StgValue><ssdm name="add_ln76"/></StgValue>
</operation>

<operation id="37" st_id="1" stage="1" lat="1">
<core>Cmp</core>
<MemPortIdVec></MemPortIdVec>
<condition id="-1">
<or_exp><and_exp><literal name="icmp_ln76" val="0"/>
</and_exp></or_exp>
</condition>

<Node id="51" bw="1" op_0_bw="8" op_1_bw="8">
<![CDATA[
for.inc46:5 %icmp_ln77 = icmp_eq  i8 %j_6_load, i8 197

]]></Node>
<StgValue><ssdm name="icmp_ln77"/></StgValue>
</operation>

<operation id="38" st_id="1" stage="1" lat="1">
<core>Sel</core>
<MemPortIdVec></MemPortIdVec>
<condition id="-1">
<or_exp><and_exp><literal name="icmp_ln76" val="0"/>
</and_exp></or_exp>
</condition>

<Node id="52" bw="8" op_0_bw="1" op_1_bw="8" op_2_bw="8">
<![CDATA[
for.inc46:6 %select_ln76 = select i1 %icmp_ln77, i8 0, i8 %j_6_load

]]></Node>
<StgValue><ssdm name="select_ln76"/></StgValue>
</operation>

<operation id="39" st_id="1" stage="1" lat="1">
<core>Sel</core>
<MemPortIdVec></MemPortIdVec>
<condition id="-1">
<or_exp><and_exp><literal name="icmp_ln76" val="0"/>
</and_exp></or_exp>
</condition>

<Node id="53" bw="8" op_0_bw="1" op_1_bw="8" op_2_bw="8">
<![CDATA[
for.inc46:7 %select_ln76_1 = select i1 %icmp_ln77, i8 %add_ln76, i8 %i_2_load

]]></Node>
<StgValue><ssdm name="select_ln76_1"/></StgValue>
</operation>

<operation id="40" st_id="1" stage="1" lat="1">
<core>NULL</core>
<MemPortIdVec></MemPortIdVec>
<condition id="-1">
<or_exp><and_exp><literal name="icmp_ln76" val="0"/>
</and_exp></or_exp>
</condition>

<Node id="54" bw="12" op_0_bw="8">
<![CDATA[
for.inc46:8 %zext_ln79 = zext i8 %select_ln76_1

]]></Node>
<StgValue><ssdm name="zext_ln79"/></StgValue>
</operation>

<operation id="41" st_id="1" stage="3" lat="3">
<core>DSP48</core>
<MemPortIdVec></MemPortIdVec>
<condition id="-1">
<or_exp><and_exp><literal name="icmp_ln76" val="0"/>
</and_exp></or_exp>
</condition>

<Node id="55" bw="12" op_0_bw="12" op_1_bw="12">
<![CDATA[
for.inc46:9 %mul_ln79 = mul i12 %zext_ln79, i12 13

]]></Node>
<StgValue><ssdm name="mul_ln79"/></StgValue>
</operation>

<operation id="42" st_id="1" stage="1" lat="1">
<core>NULL</core>
<MemPortIdVec></MemPortIdVec>
<condition id="-1">
<or_exp><and_exp><literal name="icmp_ln76" val="0"/>
</and_exp></or_exp>
</condition>

<Node id="58" bw="4" op_0_bw="4" op_1_bw="8" op_2_bw="32" op_3_bw="32">
<![CDATA[
for.inc46:12 %lshr_ln1 = partselect i4 @_ssdm_op_PartSelect.i4.i8.i32.i32, i8 %select_ln76, i32 4, i32 7

]]></Node>
<StgValue><ssdm name="lshr_ln1"/></StgValue>
</operation>

<operation id="43" st_id="1" stage="1" lat="1">
<core>NULL</core>
<MemPortIdVec></MemPortIdVec>
<condition id="-1">
<or_exp><and_exp><literal name="icmp_ln76" val="0"/>
</and_exp></or_exp>
</condition>

<Node id="78" bw="4" op_0_bw="8">
<![CDATA[
for.inc46:32 %trunc_ln79 = trunc i8 %select_ln76

]]></Node>
<StgValue><ssdm name="trunc_ln79"/></StgValue>
</operation>

<operation id="44" st_id="1" stage="1" lat="1">
<core>NULL</core>
<MemPortIdVec></MemPortIdVec>
<condition id="-1">
<or_exp><and_exp><literal name="icmp_ln76" val="0"/>
</and_exp></or_exp>
</condition>

<Node id="79" bw="0" op_0_bw="4" op_1_bw="0" op_2_bw="4" op_3_bw="0" op_4_bw="4" op_5_bw="0" op_6_bw="4" op_7_bw="0" op_8_bw="4" op_9_bw="0" op_10_bw="4" op_11_bw="0" op_12_bw="4" op_13_bw="0" op_14_bw="4" op_15_bw="0" op_16_bw="4" op_17_bw="0" op_18_bw="4" op_19_bw="0" op_20_bw="4" op_21_bw="0" op_22_bw="4" op_23_bw="0" op_24_bw="4" op_25_bw="0" op_26_bw="4" op_27_bw="0" op_28_bw="4" op_29_bw="0" op_30_bw="4" op_31_bw="0">
<![CDATA[
for.inc46:33 %switch_ln79 = switch i4 %trunc_ln79, void %arrayidx4226.case.15, i4 0, void %arrayidx4226.case.0, i4 1, void %arrayidx4226.case.1, i4 2, void %arrayidx4226.case.2, i4 3, void %arrayidx4226.case.3, i4 4, void %arrayidx4226.case.4, i4 5, void %arrayidx4226.case.5, i4 6, void %arrayidx4226.case.6, i4 7, void %arrayidx4226.case.7, i4 8, void %arrayidx4226.case.8, i4 9, void %arrayidx4226.case.9, i4 10, void %arrayidx4226.case.10, i4 11, void %arrayidx4226.case.11, i4 12, void %arrayidx4226.case.12, i4 13, void %arrayidx4226.case.13, i4 14, void %arrayidx4226.case.14

]]></Node>
<StgValue><ssdm name="switch_ln79"/></StgValue>
</operation>

<operation id="45" st_id="1" stage="1" lat="1">
<core>Adder</core>
<MemPortIdVec></MemPortIdVec>
<condition id="-1">
<or_exp><and_exp><literal name="icmp_ln76" val="0"/>
</and_exp></or_exp>
</condition>

<Node id="129" bw="8" op_0_bw="8" op_1_bw="8">
<![CDATA[
arrayidx4226.exit:0 %add_ln77 = add i8 %select_ln76, i8 1

]]></Node>
<StgValue><ssdm name="add_ln77"/></StgValue>
</operation>

<operation id="46" st_id="1" stage="1" lat="1">
<core>NULL</core>
<MemPortIdVec></MemPortIdVec>
<condition id="-1">
<or_exp><and_exp><literal name="icmp_ln76" val="0"/>
</and_exp></or_exp>
</condition>

<Node id="130" bw="0" op_0_bw="16" op_1_bw="16" op_2_bw="0" op_3_bw="0">
<![CDATA[
arrayidx4226.exit:1 %store_ln77 = store i16 %add_ln76_1, i16 %indvar_flatten

]]></Node>
<StgValue><ssdm name="store_ln77"/></StgValue>
</operation>

<operation id="47" st_id="1" stage="1" lat="1">
<core>NULL</core>
<MemPortIdVec></MemPortIdVec>
<condition id="-1">
<or_exp><and_exp><literal name="icmp_ln76" val="0"/>
</and_exp></or_exp>
</condition>

<Node id="131" bw="0" op_0_bw="8" op_1_bw="8" op_2_bw="0" op_3_bw="0">
<![CDATA[
arrayidx4226.exit:2 %store_ln77 = store i8 %select_ln76_1, i8 %i_2

]]></Node>
<StgValue><ssdm name="store_ln77"/></StgValue>
</operation>

<operation id="48" st_id="1" stage="1" lat="1">
<core>NULL</core>
<MemPortIdVec></MemPortIdVec>
<condition id="-1">
<or_exp><and_exp><literal name="icmp_ln76" val="0"/>
</and_exp></or_exp>
</condition>

<Node id="132" bw="0" op_0_bw="8" op_1_bw="8" op_2_bw="0" op_3_bw="0">
<![CDATA[
arrayidx4226.exit:3 %store_ln77 = store i8 %add_ln77, i8 %j_6

]]></Node>
<StgValue><ssdm name="store_ln77"/></StgValue>
</operation>

<operation id="49" st_id="1" stage="1" lat="1">
<core>NULL</core>
<MemPortIdVec></MemPortIdVec>
<condition id="-1">
<or_exp><and_exp><literal name="icmp_ln76" val="0"/>
</and_exp></or_exp>
</condition>

<Node id="133" bw="0" op_0_bw="0">
<![CDATA[
arrayidx4226.exit:4 %br_ln77 = br void %for.inc43

]]></Node>
<StgValue><ssdm name="br_ln77"/></StgValue>
</operation>
</state>

<state id="2" st_id="3">

<operation id="50" st_id="2" stage="2" lat="3">
<core>DSP48</core>
<MemPortIdVec></MemPortIdVec>
<condition id="-1">
<or_exp><and_exp></and_exp></or_exp>
</condition>

<Node id="55" bw="12" op_0_bw="12" op_1_bw="12">
<![CDATA[
for.inc46:9 %mul_ln79 = mul i12 %zext_ln79, i12 13

]]></Node>
<StgValue><ssdm name="mul_ln79"/></StgValue>
</operation>
</state>

<state id="3" st_id="4">

<operation id="51" st_id="3" stage="1" lat="3">
<core>DSP48</core>
<MemPortIdVec></MemPortIdVec>
<condition id="-1">
<or_exp><and_exp></and_exp></or_exp>
</condition>

<Node id="55" bw="12" op_0_bw="12" op_1_bw="12">
<![CDATA[
for.inc46:9 %mul_ln79 = mul i12 %zext_ln79, i12 13

]]></Node>
<StgValue><ssdm name="mul_ln79"/></StgValue>
</operation>

<operation id="52" st_id="3" stage="1" lat="1">
<core>NULL</core>
<MemPortIdVec></MemPortIdVec>
<condition id="-1">
<or_exp><and_exp></and_exp></or_exp>
</condition>

<Node id="59" bw="12" op_0_bw="4">
<![CDATA[
for.inc46:13 %zext_ln79_1 = zext i4 %lshr_ln1

]]></Node>
<StgValue><ssdm name="zext_ln79_1"/></StgValue>
</operation>

<operation id="53" st_id="3" stage="2" lat="2">
<core>DSP48</core>
<MemPortIdVec></MemPortIdVec>
<condition id="-1">
<or_exp><and_exp></and_exp></or_exp>
</condition>

<Node id="60" bw="12" op_0_bw="12" op_1_bw="12">
<![CDATA[
for.inc46:14 %add_ln79 = add i12 %mul_ln79, i12 %zext_ln79_1

]]></Node>
<StgValue><ssdm name="add_ln79"/></StgValue>
</operation>

<operation id="108" st_id="3" stage="1" lat="1">
<core>NULL</core>
<MemPortIdVec></MemPortIdVec>
<condition id="-1">
<or_exp><and_exp><literal name="icmp_ln76" val="1"/>
</and_exp></or_exp>
</condition>

<Node id="135" bw="0">
<![CDATA[
for.end48.exitStub:0 %ret_ln0 = ret

]]></Node>
<StgValue><ssdm name="ret_ln0"/></StgValue>
</operation>
</state>

<state id="4" st_id="5">

<operation id="54" st_id="4" stage="1" lat="1">
<core>NULL</core>
<MemPortIdVec></MemPortIdVec>
<condition id="-1">
<or_exp><and_exp></and_exp></or_exp>
</condition>

<Node id="49" bw="0" op_0_bw="0" op_1_bw="0">
<![CDATA[
for.inc46:3 %specloopname_ln0 = specloopname void @_ssdm_op_SpecLoopName, void @initC_VITIS_LOOP_77_1_str

]]></Node>
<StgValue><ssdm name="specloopname_ln0"/></StgValue>
</operation>

<operation id="55" st_id="4" stage="1" lat="1">
<core>NULL</core>
<MemPortIdVec></MemPortIdVec>
<condition id="-1">
<or_exp><and_exp></and_exp></or_exp>
</condition>

<Node id="50" bw="32" op_0_bw="32" op_1_bw="64" op_2_bw="64" op_3_bw="64">
<![CDATA[
for.inc46:4 %empty = speclooptripcount i32 @_ssdm_op_SpecLoopTripCount, i64 38809, i64 38809, i64 38809

]]></Node>
<StgValue><ssdm name="empty"/></StgValue>
</operation>

<operation id="56" st_id="4" stage="1" lat="1">
<core>NULL</core>
<MemPortIdVec></MemPortIdVec>
<condition id="-1">
<or_exp><and_exp></and_exp></or_exp>
</condition>

<Node id="56" bw="0" op_0_bw="0" op_1_bw="32" op_2_bw="32" op_3_bw="32" op_4_bw="32" op_5_bw="0">
<![CDATA[
for.inc46:10 %specpipeline_ln78 = specpipeline void @_ssdm_op_SpecPipeline, i32 1, i32 0, i32 0, i32 0, void @empty_16

]]></Node>
<StgValue><ssdm name="specpipeline_ln78"/></StgValue>
</operation>

<operation id="57" st_id="4" stage="1" lat="1">
<core>NULL</core>
<MemPortIdVec></MemPortIdVec>
<condition id="-1">
<or_exp><and_exp></and_exp></or_exp>
</condition>

<Node id="57" bw="0" op_0_bw="0" op_1_bw="0">
<![CDATA[
for.inc46:11 %specloopname_ln77 = specloopname void @_ssdm_op_SpecLoopName, void @empty_13

]]></Node>
<StgValue><ssdm name="specloopname_ln77"/></StgValue>
</operation>

<operation id="58" st_id="4" stage="1" lat="2">
<core>DSP48</core>
<MemPortIdVec></MemPortIdVec>
<condition id="-1">
<or_exp><and_exp></and_exp></or_exp>
</condition>

<Node id="60" bw="12" op_0_bw="12" op_1_bw="12">
<![CDATA[
for.inc46:14 %add_ln79 = add i12 %mul_ln79, i12 %zext_ln79_1

]]></Node>
<StgValue><ssdm name="add_ln79"/></StgValue>
</operation>

<operation id="59" st_id="4" stage="1" lat="1">
<core>NULL</core>
<MemPortIdVec></MemPortIdVec>
<condition id="-1">
<or_exp><and_exp></and_exp></or_exp>
</condition>

<Node id="61" bw="64" op_0_bw="12">
<![CDATA[
for.inc46:15 %zext_ln79_2 = zext i12 %add_ln79

]]></Node>
<StgValue><ssdm name="zext_ln79_2"/></StgValue>
</operation>

<operation id="60" st_id="4" stage="1" lat="1">
<core>NULL</core>
<MemPortIdVec></MemPortIdVec>
<condition id="-1">
<or_exp><and_exp></and_exp></or_exp>
</condition>

<Node id="62" bw="12" op_0_bw="32" op_1_bw="64" op_2_bw="64">
<![CDATA[
for.inc46:16 %p_ZZ5mmultE6localC_10_addr = getelementptr i32 %p_ZZ5mmultE6localC_10, i64 0, i64 %zext_ln79_2

]]></Node>
<StgValue><ssdm name="p_ZZ5mmultE6localC_10_addr"/></StgValue>
</operation>

<operation id="61" st_id="4" stage="1" lat="1">
<core>NULL</core>
<MemPortIdVec></MemPortIdVec>
<condition id="-1">
<or_exp><and_exp></and_exp></or_exp>
</condition>

<Node id="63" bw="12" op_0_bw="32" op_1_bw="64" op_2_bw="64">
<![CDATA[
for.inc46:17 %p_ZZ5mmultE6localC_11_addr = getelementptr i32 %p_ZZ5mmultE6localC_11, i64 0, i64 %zext_ln79_2

]]></Node>
<StgValue><ssdm name="p_ZZ5mmultE6localC_11_addr"/></StgValue>
</operation>

<operation id="62" st_id="4" stage="1" lat="1">
<core>NULL</core>
<MemPortIdVec></MemPortIdVec>
<condition id="-1">
<or_exp><and_exp></and_exp></or_exp>
</condition>

<Node id="64" bw="12" op_0_bw="32" op_1_bw="64" op_2_bw="64">
<![CDATA[
for.inc46:18 %p_ZZ5mmultE6localC_12_addr = getelementptr i32 %p_ZZ5mmultE6localC_12, i64 0, i64 %zext_ln79_2

]]></Node>
<StgValue><ssdm name="p_ZZ5mmultE6localC_12_addr"/></StgValue>
</operation>

<operation id="63" st_id="4" stage="1" lat="1">
<core>NULL</core>
<MemPortIdVec></MemPortIdVec>
<condition id="-1">
<or_exp><and_exp></and_exp></or_exp>
</condition>

<Node id="65" bw="12" op_0_bw="32" op_1_bw="64" op_2_bw="64">
<![CDATA[
for.inc46:19 %p_ZZ5mmultE6localC_13_addr = getelementptr i32 %p_ZZ5mmultE6localC_13, i64 0, i64 %zext_ln79_2

]]></Node>
<StgValue><ssdm name="p_ZZ5mmultE6localC_13_addr"/></StgValue>
</operation>

<operation id="64" st_id="4" stage="1" lat="1">
<core>NULL</core>
<MemPortIdVec></MemPortIdVec>
<condition id="-1">
<or_exp><and_exp></and_exp></or_exp>
</condition>

<Node id="66" bw="12" op_0_bw="32" op_1_bw="64" op_2_bw="64">
<![CDATA[
for.inc46:20 %p_ZZ5mmultE6localC_14_addr = getelementptr i32 %p_ZZ5mmultE6localC_14, i64 0, i64 %zext_ln79_2

]]></Node>
<StgValue><ssdm name="p_ZZ5mmultE6localC_14_addr"/></StgValue>
</operation>

<operation id="65" st_id="4" stage="1" lat="1">
<core>NULL</core>
<MemPortIdVec></MemPortIdVec>
<condition id="-1">
<or_exp><and_exp></and_exp></or_exp>
</condition>

<Node id="67" bw="12" op_0_bw="32" op_1_bw="64" op_2_bw="64">
<![CDATA[
for.inc46:21 %mmult_localC = getelementptr i32 %p_ZZ5mmultE6localC_15, i64 0, i64 %zext_ln79_2

]]></Node>
<StgValue><ssdm name="mmult_localC"/></StgValue>
</operation>

<operation id="66" st_id="4" stage="1" lat="1">
<core>NULL</core>
<MemPortIdVec></MemPortIdVec>
<condition id="-1">
<or_exp><and_exp></and_exp></or_exp>
</condition>

<Node id="68" bw="12" op_0_bw="32" op_1_bw="64" op_2_bw="64">
<![CDATA[
for.inc46:22 %localC_addr = getelementptr i32 %localC, i64 0, i64 %zext_ln79_2

]]></Node>
<StgValue><ssdm name="localC_addr"/></StgValue>
</operation>

<operation id="67" st_id="4" stage="1" lat="1">
<core>NULL</core>
<MemPortIdVec></MemPortIdVec>
<condition id="-1">
<or_exp><and_exp></and_exp></or_exp>
</condition>

<Node id="69" bw="12" op_0_bw="32" op_1_bw="64" op_2_bw="64">
<![CDATA[
for.inc46:23 %localC_19_addr = getelementptr i32 %localC_19, i64 0, i64 %zext_ln79_2

]]></Node>
<StgValue><ssdm name="localC_19_addr"/></StgValue>
</operation>

<operation id="68" st_id="4" stage="1" lat="1">
<core>NULL</core>
<MemPortIdVec></MemPortIdVec>
<condition id="-1">
<or_exp><and_exp></and_exp></or_exp>
</condition>

<Node id="70" bw="12" op_0_bw="32" op_1_bw="64" op_2_bw="64">
<![CDATA[
for.inc46:24 %localC_20_addr = getelementptr i32 %localC_20, i64 0, i64 %zext_ln79_2

]]></Node>
<StgValue><ssdm name="localC_20_addr"/></StgValue>
</operation>

<operation id="69" st_id="4" stage="1" lat="1">
<core>NULL</core>
<MemPortIdVec></MemPortIdVec>
<condition id="-1">
<or_exp><and_exp></and_exp></or_exp>
</condition>

<Node id="71" bw="12" op_0_bw="32" op_1_bw="64" op_2_bw="64">
<![CDATA[
for.inc46:25 %localC_21_addr = getelementptr i32 %localC_21, i64 0, i64 %zext_ln79_2

]]></Node>
<StgValue><ssdm name="localC_21_addr"/></StgValue>
</operation>

<operation id="70" st_id="4" stage="1" lat="1">
<core>NULL</core>
<MemPortIdVec></MemPortIdVec>
<condition id="-1">
<or_exp><and_exp></and_exp></or_exp>
</condition>

<Node id="72" bw="12" op_0_bw="32" op_1_bw="64" op_2_bw="64">
<![CDATA[
for.inc46:26 %localC_22_addr = getelementptr i32 %localC_22, i64 0, i64 %zext_ln79_2

]]></Node>
<StgValue><ssdm name="localC_22_addr"/></StgValue>
</operation>

<operation id="71" st_id="4" stage="1" lat="1">
<core>NULL</core>
<MemPortIdVec></MemPortIdVec>
<condition id="-1">
<or_exp><and_exp></and_exp></or_exp>
</condition>

<Node id="73" bw="12" op_0_bw="32" op_1_bw="64" op_2_bw="64">
<![CDATA[
for.inc46:27 %localC_23_addr = getelementptr i32 %localC_23, i64 0, i64 %zext_ln79_2

]]></Node>
<StgValue><ssdm name="localC_23_addr"/></StgValue>
</operation>

<operation id="72" st_id="4" stage="1" lat="1">
<core>NULL</core>
<MemPortIdVec></MemPortIdVec>
<condition id="-1">
<or_exp><and_exp></and_exp></or_exp>
</condition>

<Node id="74" bw="12" op_0_bw="32" op_1_bw="64" op_2_bw="64">
<![CDATA[
for.inc46:28 %localC_24_addr = getelementptr i32 %localC_24, i64 0, i64 %zext_ln79_2

]]></Node>
<StgValue><ssdm name="localC_24_addr"/></StgValue>
</operation>

<operation id="73" st_id="4" stage="1" lat="1">
<core>NULL</core>
<MemPortIdVec></MemPortIdVec>
<condition id="-1">
<or_exp><and_exp></and_exp></or_exp>
</condition>

<Node id="75" bw="12" op_0_bw="32" op_1_bw="64" op_2_bw="64">
<![CDATA[
for.inc46:29 %localC_25_addr = getelementptr i32 %localC_25, i64 0, i64 %zext_ln79_2

]]></Node>
<StgValue><ssdm name="localC_25_addr"/></StgValue>
</operation>

<operation id="74" st_id="4" stage="1" lat="1">
<core>NULL</core>
<MemPortIdVec></MemPortIdVec>
<condition id="-1">
<or_exp><and_exp></and_exp></or_exp>
</condition>

<Node id="76" bw="12" op_0_bw="32" op_1_bw="64" op_2_bw="64">
<![CDATA[
for.inc46:30 %localC_26_addr = getelementptr i32 %localC_26, i64 0, i64 %zext_ln79_2

]]></Node>
<StgValue><ssdm name="localC_26_addr"/></StgValue>
</operation>

<operation id="75" st_id="4" stage="1" lat="1">
<core>NULL</core>
<MemPortIdVec></MemPortIdVec>
<condition id="-1">
<or_exp><and_exp></and_exp></or_exp>
</condition>

<Node id="77" bw="12" op_0_bw="32" op_1_bw="64" op_2_bw="64">
<![CDATA[
for.inc46:31 %localC_27_addr = getelementptr i32 %localC_27, i64 0, i64 %zext_ln79_2

]]></Node>
<StgValue><ssdm name="localC_27_addr"/></StgValue>
</operation>

<operation id="76" st_id="4" stage="1" lat="1">
<core>RAM_2P_BRAM</core>
<MemPortIdVec>1 </MemPortIdVec>
<condition id="-1">
<or_exp><and_exp><literal name="trunc_ln79" val="-2"/>
</and_exp></or_exp>
</condition>

<Node id="81" bw="0" op_0_bw="32" op_1_bw="12">
<![CDATA[
arrayidx4226.case.14:0 %store_ln79 = store i32 0, i12 %p_ZZ5mmultE6localC_14_addr

]]></Node>
<StgValue><ssdm name="store_ln79"/></StgValue>
</operation>

<operation id="77" st_id="4" stage="1" lat="1">
<core>NULL</core>
<MemPortIdVec></MemPortIdVec>
<condition id="-1">
<or_exp><and_exp><literal name="trunc_ln79" val="-2"/>
</and_exp></or_exp>
</condition>

<Node id="82" bw="0" op_0_bw="0">
<![CDATA[
arrayidx4226.case.14:1 %br_ln79 = br void %arrayidx4226.exit

]]></Node>
<StgValue><ssdm name="br_ln79"/></StgValue>
</operation>

<operation id="78" st_id="4" stage="1" lat="1">
<core>RAM_2P_BRAM</core>
<MemPortIdVec>1 </MemPortIdVec>
<condition id="-1">
<or_exp><and_exp><literal name="trunc_ln79" val="-3"/>
</and_exp></or_exp>
</condition>

<Node id="84" bw="0" op_0_bw="32" op_1_bw="12">
<![CDATA[
arrayidx4226.case.13:0 %store_ln79 = store i32 0, i12 %p_ZZ5mmultE6localC_13_addr

]]></Node>
<StgValue><ssdm name="store_ln79"/></StgValue>
</operation>

<operation id="79" st_id="4" stage="1" lat="1">
<core>NULL</core>
<MemPortIdVec></MemPortIdVec>
<condition id="-1">
<or_exp><and_exp><literal name="trunc_ln79" val="-3"/>
</and_exp></or_exp>
</condition>

<Node id="85" bw="0" op_0_bw="0">
<![CDATA[
arrayidx4226.case.13:1 %br_ln79 = br void %arrayidx4226.exit

]]></Node>
<StgValue><ssdm name="br_ln79"/></StgValue>
</operation>

<operation id="80" st_id="4" stage="1" lat="1">
<core>RAM_2P_BRAM</core>
<MemPortIdVec>1 </MemPortIdVec>
<condition id="-1">
<or_exp><and_exp><literal name="trunc_ln79" val="-4"/>
</and_exp></or_exp>
</condition>

<Node id="87" bw="0" op_0_bw="32" op_1_bw="12">
<![CDATA[
arrayidx4226.case.12:0 %store_ln79 = store i32 0, i12 %p_ZZ5mmultE6localC_12_addr

]]></Node>
<StgValue><ssdm name="store_ln79"/></StgValue>
</operation>

<operation id="81" st_id="4" stage="1" lat="1">
<core>NULL</core>
<MemPortIdVec></MemPortIdVec>
<condition id="-1">
<or_exp><and_exp><literal name="trunc_ln79" val="-4"/>
</and_exp></or_exp>
</condition>

<Node id="88" bw="0" op_0_bw="0">
<![CDATA[
arrayidx4226.case.12:1 %br_ln79 = br void %arrayidx4226.exit

]]></Node>
<StgValue><ssdm name="br_ln79"/></StgValue>
</operation>

<operation id="82" st_id="4" stage="1" lat="1">
<core>RAM_2P_BRAM</core>
<MemPortIdVec>1 </MemPortIdVec>
<condition id="-1">
<or_exp><and_exp><literal name="trunc_ln79" val="-5"/>
</and_exp></or_exp>
</condition>

<Node id="90" bw="0" op_0_bw="32" op_1_bw="12">
<![CDATA[
arrayidx4226.case.11:0 %store_ln79 = store i32 0, i12 %p_ZZ5mmultE6localC_11_addr

]]></Node>
<StgValue><ssdm name="store_ln79"/></StgValue>
</operation>

<operation id="83" st_id="4" stage="1" lat="1">
<core>NULL</core>
<MemPortIdVec></MemPortIdVec>
<condition id="-1">
<or_exp><and_exp><literal name="trunc_ln79" val="-5"/>
</and_exp></or_exp>
</condition>

<Node id="91" bw="0" op_0_bw="0">
<![CDATA[
arrayidx4226.case.11:1 %br_ln79 = br void %arrayidx4226.exit

]]></Node>
<StgValue><ssdm name="br_ln79"/></StgValue>
</operation>

<operation id="84" st_id="4" stage="1" lat="1">
<core>RAM_2P_BRAM</core>
<MemPortIdVec>1 </MemPortIdVec>
<condition id="-1">
<or_exp><and_exp><literal name="trunc_ln79" val="-6"/>
</and_exp></or_exp>
</condition>

<Node id="93" bw="0" op_0_bw="32" op_1_bw="12">
<![CDATA[
arrayidx4226.case.10:0 %store_ln79 = store i32 0, i12 %p_ZZ5mmultE6localC_10_addr

]]></Node>
<StgValue><ssdm name="store_ln79"/></StgValue>
</operation>

<operation id="85" st_id="4" stage="1" lat="1">
<core>NULL</core>
<MemPortIdVec></MemPortIdVec>
<condition id="-1">
<or_exp><and_exp><literal name="trunc_ln79" val="-6"/>
</and_exp></or_exp>
</condition>

<Node id="94" bw="0" op_0_bw="0">
<![CDATA[
arrayidx4226.case.10:1 %br_ln79 = br void %arrayidx4226.exit

]]></Node>
<StgValue><ssdm name="br_ln79"/></StgValue>
</operation>

<operation id="86" st_id="4" stage="1" lat="1">
<core>RAM_2P_BRAM</core>
<MemPortIdVec>1 </MemPortIdVec>
<condition id="-1">
<or_exp><and_exp><literal name="trunc_ln79" val="-7"/>
</and_exp></or_exp>
</condition>

<Node id="96" bw="0" op_0_bw="32" op_1_bw="12">
<![CDATA[
arrayidx4226.case.9:0 %store_ln79 = store i32 0, i12 %localC_27_addr

]]></Node>
<StgValue><ssdm name="store_ln79"/></StgValue>
</operation>

<operation id="87" st_id="4" stage="1" lat="1">
<core>NULL</core>
<MemPortIdVec></MemPortIdVec>
<condition id="-1">
<or_exp><and_exp><literal name="trunc_ln79" val="-7"/>
</and_exp></or_exp>
</condition>

<Node id="97" bw="0" op_0_bw="0">
<![CDATA[
arrayidx4226.case.9:1 %br_ln79 = br void %arrayidx4226.exit

]]></Node>
<StgValue><ssdm name="br_ln79"/></StgValue>
</operation>

<operation id="88" st_id="4" stage="1" lat="1">
<core>RAM_2P_BRAM</core>
<MemPortIdVec>1 </MemPortIdVec>
<condition id="-1">
<or_exp><and_exp><literal name="trunc_ln79" val="-8"/>
</and_exp></or_exp>
</condition>

<Node id="99" bw="0" op_0_bw="32" op_1_bw="12">
<![CDATA[
arrayidx4226.case.8:0 %store_ln79 = store i32 0, i12 %localC_26_addr

]]></Node>
<StgValue><ssdm name="store_ln79"/></StgValue>
</operation>

<operation id="89" st_id="4" stage="1" lat="1">
<core>NULL</core>
<MemPortIdVec></MemPortIdVec>
<condition id="-1">
<or_exp><and_exp><literal name="trunc_ln79" val="-8"/>
</and_exp></or_exp>
</condition>

<Node id="100" bw="0" op_0_bw="0">
<![CDATA[
arrayidx4226.case.8:1 %br_ln79 = br void %arrayidx4226.exit

]]></Node>
<StgValue><ssdm name="br_ln79"/></StgValue>
</operation>

<operation id="90" st_id="4" stage="1" lat="1">
<core>RAM_2P_BRAM</core>
<MemPortIdVec>1 </MemPortIdVec>
<condition id="-1">
<or_exp><and_exp><literal name="trunc_ln79" val="7"/>
</and_exp></or_exp>
</condition>

<Node id="102" bw="0" op_0_bw="32" op_1_bw="12">
<![CDATA[
arrayidx4226.case.7:0 %store_ln79 = store i32 0, i12 %localC_25_addr

]]></Node>
<StgValue><ssdm name="store_ln79"/></StgValue>
</operation>

<operation id="91" st_id="4" stage="1" lat="1">
<core>NULL</core>
<MemPortIdVec></MemPortIdVec>
<condition id="-1">
<or_exp><and_exp><literal name="trunc_ln79" val="7"/>
</and_exp></or_exp>
</condition>

<Node id="103" bw="0" op_0_bw="0">
<![CDATA[
arrayidx4226.case.7:1 %br_ln79 = br void %arrayidx4226.exit

]]></Node>
<StgValue><ssdm name="br_ln79"/></StgValue>
</operation>

<operation id="92" st_id="4" stage="1" lat="1">
<core>RAM_2P_BRAM</core>
<MemPortIdVec>1 </MemPortIdVec>
<condition id="-1">
<or_exp><and_exp><literal name="trunc_ln79" val="6"/>
</and_exp></or_exp>
</condition>

<Node id="105" bw="0" op_0_bw="32" op_1_bw="12">
<![CDATA[
arrayidx4226.case.6:0 %store_ln79 = store i32 0, i12 %localC_24_addr

]]></Node>
<StgValue><ssdm name="store_ln79"/></StgValue>
</operation>

<operation id="93" st_id="4" stage="1" lat="1">
<core>NULL</core>
<MemPortIdVec></MemPortIdVec>
<condition id="-1">
<or_exp><and_exp><literal name="trunc_ln79" val="6"/>
</and_exp></or_exp>
</condition>

<Node id="106" bw="0" op_0_bw="0">
<![CDATA[
arrayidx4226.case.6:1 %br_ln79 = br void %arrayidx4226.exit

]]></Node>
<StgValue><ssdm name="br_ln79"/></StgValue>
</operation>

<operation id="94" st_id="4" stage="1" lat="1">
<core>RAM_2P_BRAM</core>
<MemPortIdVec>1 </MemPortIdVec>
<condition id="-1">
<or_exp><and_exp><literal name="trunc_ln79" val="5"/>
</and_exp></or_exp>
</condition>

<Node id="108" bw="0" op_0_bw="32" op_1_bw="12">
<![CDATA[
arrayidx4226.case.5:0 %store_ln79 = store i32 0, i12 %localC_23_addr

]]></Node>
<StgValue><ssdm name="store_ln79"/></StgValue>
</operation>

<operation id="95" st_id="4" stage="1" lat="1">
<core>NULL</core>
<MemPortIdVec></MemPortIdVec>
<condition id="-1">
<or_exp><and_exp><literal name="trunc_ln79" val="5"/>
</and_exp></or_exp>
</condition>

<Node id="109" bw="0" op_0_bw="0">
<![CDATA[
arrayidx4226.case.5:1 %br_ln79 = br void %arrayidx4226.exit

]]></Node>
<StgValue><ssdm name="br_ln79"/></StgValue>
</operation>

<operation id="96" st_id="4" stage="1" lat="1">
<core>RAM_2P_BRAM</core>
<MemPortIdVec>1 </MemPortIdVec>
<condition id="-1">
<or_exp><and_exp><literal name="trunc_ln79" val="4"/>
</and_exp></or_exp>
</condition>

<Node id="111" bw="0" op_0_bw="32" op_1_bw="12">
<![CDATA[
arrayidx4226.case.4:0 %store_ln79 = store i32 0, i12 %localC_22_addr

]]></Node>
<StgValue><ssdm name="store_ln79"/></StgValue>
</operation>

<operation id="97" st_id="4" stage="1" lat="1">
<core>NULL</core>
<MemPortIdVec></MemPortIdVec>
<condition id="-1">
<or_exp><and_exp><literal name="trunc_ln79" val="4"/>
</and_exp></or_exp>
</condition>

<Node id="112" bw="0" op_0_bw="0">
<![CDATA[
arrayidx4226.case.4:1 %br_ln79 = br void %arrayidx4226.exit

]]></Node>
<StgValue><ssdm name="br_ln79"/></StgValue>
</operation>

<operation id="98" st_id="4" stage="1" lat="1">
<core>RAM_2P_BRAM</core>
<MemPortIdVec>1 </MemPortIdVec>
<condition id="-1">
<or_exp><and_exp><literal name="trunc_ln79" val="3"/>
</and_exp></or_exp>
</condition>

<Node id="114" bw="0" op_0_bw="32" op_1_bw="12">
<![CDATA[
arrayidx4226.case.3:0 %store_ln79 = store i32 0, i12 %localC_21_addr

]]></Node>
<StgValue><ssdm name="store_ln79"/></StgValue>
</operation>

<operation id="99" st_id="4" stage="1" lat="1">
<core>NULL</core>
<MemPortIdVec></MemPortIdVec>
<condition id="-1">
<or_exp><and_exp><literal name="trunc_ln79" val="3"/>
</and_exp></or_exp>
</condition>

<Node id="115" bw="0" op_0_bw="0">
<![CDATA[
arrayidx4226.case.3:1 %br_ln79 = br void %arrayidx4226.exit

]]></Node>
<StgValue><ssdm name="br_ln79"/></StgValue>
</operation>

<operation id="100" st_id="4" stage="1" lat="1">
<core>RAM_2P_BRAM</core>
<MemPortIdVec>1 </MemPortIdVec>
<condition id="-1">
<or_exp><and_exp><literal name="trunc_ln79" val="2"/>
</and_exp></or_exp>
</condition>

<Node id="117" bw="0" op_0_bw="32" op_1_bw="12">
<![CDATA[
arrayidx4226.case.2:0 %store_ln79 = store i32 0, i12 %localC_20_addr

]]></Node>
<StgValue><ssdm name="store_ln79"/></StgValue>
</operation>

<operation id="101" st_id="4" stage="1" lat="1">
<core>NULL</core>
<MemPortIdVec></MemPortIdVec>
<condition id="-1">
<or_exp><and_exp><literal name="trunc_ln79" val="2"/>
</and_exp></or_exp>
</condition>

<Node id="118" bw="0" op_0_bw="0">
<![CDATA[
arrayidx4226.case.2:1 %br_ln79 = br void %arrayidx4226.exit

]]></Node>
<StgValue><ssdm name="br_ln79"/></StgValue>
</operation>

<operation id="102" st_id="4" stage="1" lat="1">
<core>RAM_2P_BRAM</core>
<MemPortIdVec>1 </MemPortIdVec>
<condition id="-1">
<or_exp><and_exp><literal name="trunc_ln79" val="1"/>
</and_exp></or_exp>
</condition>

<Node id="120" bw="0" op_0_bw="32" op_1_bw="12">
<![CDATA[
arrayidx4226.case.1:0 %store_ln79 = store i32 0, i12 %localC_19_addr

]]></Node>
<StgValue><ssdm name="store_ln79"/></StgValue>
</operation>

<operation id="103" st_id="4" stage="1" lat="1">
<core>NULL</core>
<MemPortIdVec></MemPortIdVec>
<condition id="-1">
<or_exp><and_exp><literal name="trunc_ln79" val="1"/>
</and_exp></or_exp>
</condition>

<Node id="121" bw="0" op_0_bw="0">
<![CDATA[
arrayidx4226.case.1:1 %br_ln79 = br void %arrayidx4226.exit

]]></Node>
<StgValue><ssdm name="br_ln79"/></StgValue>
</operation>

<operation id="104" st_id="4" stage="1" lat="1">
<core>RAM_2P_BRAM</core>
<MemPortIdVec>1 </MemPortIdVec>
<condition id="-1">
<or_exp><and_exp><literal name="trunc_ln79" val="0"/>
</and_exp></or_exp>
</condition>

<Node id="123" bw="0" op_0_bw="32" op_1_bw="12">
<![CDATA[
arrayidx4226.case.0:0 %store_ln79 = store i32 0, i12 %localC_addr

]]></Node>
<StgValue><ssdm name="store_ln79"/></StgValue>
</operation>

<operation id="105" st_id="4" stage="1" lat="1">
<core>NULL</core>
<MemPortIdVec></MemPortIdVec>
<condition id="-1">
<or_exp><and_exp><literal name="trunc_ln79" val="0"/>
</and_exp></or_exp>
</condition>

<Node id="124" bw="0" op_0_bw="0">
<![CDATA[
arrayidx4226.case.0:1 %br_ln79 = br void %arrayidx4226.exit

]]></Node>
<StgValue><ssdm name="br_ln79"/></StgValue>
</operation>

<operation id="106" st_id="4" stage="1" lat="1">
<core>RAM_2P_BRAM</core>
<MemPortIdVec>1 </MemPortIdVec>
<condition id="-1">
<or_exp><and_exp><literal name="trunc_ln79" val="-1"/>
</and_exp></or_exp>
</condition>

<Node id="126" bw="0" op_0_bw="32" op_1_bw="12">
<![CDATA[
arrayidx4226.case.15:0 %store_ln79 = store i32 0, i12 %mmult_localC

]]></Node>
<StgValue><ssdm name="store_ln79"/></StgValue>
</operation>

<operation id="107" st_id="4" stage="1" lat="1">
<core>NULL</core>
<MemPortIdVec></MemPortIdVec>
<condition id="-1">
<or_exp><and_exp><literal name="trunc_ln79" val="-1"/>
</and_exp></or_exp>
</condition>

<Node id="127" bw="0" op_0_bw="0">
<![CDATA[
arrayidx4226.case.15:1 %br_ln79 = br void %arrayidx4226.exit

]]></Node>
<StgValue><ssdm name="br_ln79"/></StgValue>
</operation>
</state>
</state_list>


<ports>
<port id="122" name="localC" dir="1" iftype="1">
<core>RAM_2P_BRAM</core><StgValue><ssdm name="localC"/><MemPortTyVec>3 0 </MemPortTyVec>
</StgValue>
</port>
<port id="123" name="localC_19" dir="1" iftype="1">
<core>RAM_2P_BRAM</core><StgValue><ssdm name="localC_19"/><MemPortTyVec>3 0 </MemPortTyVec>
</StgValue>
</port>
<port id="124" name="localC_20" dir="1" iftype="1">
<core>RAM_2P_BRAM</core><StgValue><ssdm name="localC_20"/><MemPortTyVec>3 0 </MemPortTyVec>
</StgValue>
</port>
<port id="125" name="localC_21" dir="1" iftype="1">
<core>RAM_2P_BRAM</core><StgValue><ssdm name="localC_21"/><MemPortTyVec>3 0 </MemPortTyVec>
</StgValue>
</port>
<port id="126" name="localC_22" dir="1" iftype="1">
<core>RAM_2P_BRAM</core><StgValue><ssdm name="localC_22"/><MemPortTyVec>3 0 </MemPortTyVec>
</StgValue>
</port>
<port id="127" name="localC_23" dir="1" iftype="1">
<core>RAM_2P_BRAM</core><StgValue><ssdm name="localC_23"/><MemPortTyVec>3 0 </MemPortTyVec>
</StgValue>
</port>
<port id="128" name="localC_24" dir="1" iftype="1">
<core>RAM_2P_BRAM</core><StgValue><ssdm name="localC_24"/><MemPortTyVec>3 0 </MemPortTyVec>
</StgValue>
</port>
<port id="129" name="localC_25" dir="1" iftype="1">
<core>RAM_2P_BRAM</core><StgValue><ssdm name="localC_25"/><MemPortTyVec>3 0 </MemPortTyVec>
</StgValue>
</port>
<port id="130" name="localC_26" dir="1" iftype="1">
<core>RAM_2P_BRAM</core><StgValue><ssdm name="localC_26"/><MemPortTyVec>3 0 </MemPortTyVec>
</StgValue>
</port>
<port id="131" name="localC_27" dir="1" iftype="1">
<core>RAM_2P_BRAM</core><StgValue><ssdm name="localC_27"/><MemPortTyVec>3 0 </MemPortTyVec>
</StgValue>
</port>
<port id="132" name="p_ZZ5mmultE6localC_10" dir="1" iftype="1">
<core>RAM_2P_BRAM</core><StgValue><ssdm name="p_ZZ5mmultE6localC_10"/><MemPortTyVec>3 0 </MemPortTyVec>
</StgValue>
</port>
<port id="133" name="p_ZZ5mmultE6localC_11" dir="1" iftype="1">
<core>RAM_2P_BRAM</core><StgValue><ssdm name="p_ZZ5mmultE6localC_11"/><MemPortTyVec>3 0 </MemPortTyVec>
</StgValue>
</port>
<port id="134" name="p_ZZ5mmultE6localC_12" dir="1" iftype="1">
<core>RAM_2P_BRAM</core><StgValue><ssdm name="p_ZZ5mmultE6localC_12"/><MemPortTyVec>3 0 </MemPortTyVec>
</StgValue>
</port>
<port id="135" name="p_ZZ5mmultE6localC_13" dir="1" iftype="1">
<core>RAM_2P_BRAM</core><StgValue><ssdm name="p_ZZ5mmultE6localC_13"/><MemPortTyVec>3 0 </MemPortTyVec>
</StgValue>
</port>
<port id="136" name="p_ZZ5mmultE6localC_14" dir="1" iftype="1">
<core>RAM_2P_BRAM</core><StgValue><ssdm name="p_ZZ5mmultE6localC_14"/><MemPortTyVec>3 0 </MemPortTyVec>
</StgValue>
</port>
<port id="137" name="p_ZZ5mmultE6localC_15" dir="1" iftype="1">
<core>RAM_2P_BRAM</core><StgValue><ssdm name="p_ZZ5mmultE6localC_15"/><MemPortTyVec>3 0 </MemPortTyVec>
</StgValue>
</port>
</ports>


<dataflows>
<dataflow id="139" from="StgValue_138" to="j_6" fromId="138" toId="7">
</dataflow>
<dataflow id="140" from="StgValue_138" to="i_2" fromId="138" toId="8">
</dataflow>
<dataflow id="141" from="StgValue_138" to="indvar_flatten" fromId="138" toId="9">
</dataflow>
<dataflow id="143" from="_ssdm_op_SpecMemCore" to="specmemcore_ln0" fromId="142" toId="10">
</dataflow>
<dataflow id="144" from="localC" to="specmemcore_ln0" fromId="122" toId="10">
</dataflow>
<dataflow id="146" from="StgValue_145" to="specmemcore_ln0" fromId="145" toId="10">
</dataflow>
<dataflow id="148" from="StgValue_147" to="specmemcore_ln0" fromId="147" toId="10">
</dataflow>
<dataflow id="150" from="StgValue_149" to="specmemcore_ln0" fromId="149" toId="10">
</dataflow>
<dataflow id="151" from="_ssdm_op_SpecMemCore" to="specmemcore_ln0" fromId="142" toId="11">
</dataflow>
<dataflow id="152" from="localC_19" to="specmemcore_ln0" fromId="123" toId="11">
</dataflow>
<dataflow id="153" from="StgValue_145" to="specmemcore_ln0" fromId="145" toId="11">
</dataflow>
<dataflow id="154" from="StgValue_147" to="specmemcore_ln0" fromId="147" toId="11">
</dataflow>
<dataflow id="155" from="StgValue_149" to="specmemcore_ln0" fromId="149" toId="11">
</dataflow>
<dataflow id="156" from="_ssdm_op_SpecMemCore" to="specmemcore_ln0" fromId="142" toId="12">
</dataflow>
<dataflow id="157" from="localC_20" to="specmemcore_ln0" fromId="124" toId="12">
</dataflow>
<dataflow id="158" from="StgValue_145" to="specmemcore_ln0" fromId="145" toId="12">
</dataflow>
<dataflow id="159" from="StgValue_147" to="specmemcore_ln0" fromId="147" toId="12">
</dataflow>
<dataflow id="160" from="StgValue_149" to="specmemcore_ln0" fromId="149" toId="12">
</dataflow>
<dataflow id="161" from="_ssdm_op_SpecMemCore" to="specmemcore_ln0" fromId="142" toId="13">
</dataflow>
<dataflow id="162" from="localC_21" to="specmemcore_ln0" fromId="125" toId="13">
</dataflow>
<dataflow id="163" from="StgValue_145" to="specmemcore_ln0" fromId="145" toId="13">
</dataflow>
<dataflow id="164" from="StgValue_147" to="specmemcore_ln0" fromId="147" toId="13">
</dataflow>
<dataflow id="165" from="StgValue_149" to="specmemcore_ln0" fromId="149" toId="13">
</dataflow>
<dataflow id="166" from="_ssdm_op_SpecMemCore" to="specmemcore_ln0" fromId="142" toId="14">
</dataflow>
<dataflow id="167" from="localC_22" to="specmemcore_ln0" fromId="126" toId="14">
</dataflow>
<dataflow id="168" from="StgValue_145" to="specmemcore_ln0" fromId="145" toId="14">
</dataflow>
<dataflow id="169" from="StgValue_147" to="specmemcore_ln0" fromId="147" toId="14">
</dataflow>
<dataflow id="170" from="StgValue_149" to="specmemcore_ln0" fromId="149" toId="14">
</dataflow>
<dataflow id="171" from="_ssdm_op_SpecMemCore" to="specmemcore_ln0" fromId="142" toId="15">
</dataflow>
<dataflow id="172" from="localC_23" to="specmemcore_ln0" fromId="127" toId="15">
</dataflow>
<dataflow id="173" from="StgValue_145" to="specmemcore_ln0" fromId="145" toId="15">
</dataflow>
<dataflow id="174" from="StgValue_147" to="specmemcore_ln0" fromId="147" toId="15">
</dataflow>
<dataflow id="175" from="StgValue_149" to="specmemcore_ln0" fromId="149" toId="15">
</dataflow>
<dataflow id="176" from="_ssdm_op_SpecMemCore" to="specmemcore_ln0" fromId="142" toId="16">
</dataflow>
<dataflow id="177" from="localC_24" to="specmemcore_ln0" fromId="128" toId="16">
</dataflow>
<dataflow id="178" from="StgValue_145" to="specmemcore_ln0" fromId="145" toId="16">
</dataflow>
<dataflow id="179" from="StgValue_147" to="specmemcore_ln0" fromId="147" toId="16">
</dataflow>
<dataflow id="180" from="StgValue_149" to="specmemcore_ln0" fromId="149" toId="16">
</dataflow>
<dataflow id="181" from="_ssdm_op_SpecMemCore" to="specmemcore_ln0" fromId="142" toId="17">
</dataflow>
<dataflow id="182" from="localC_25" to="specmemcore_ln0" fromId="129" toId="17">
</dataflow>
<dataflow id="183" from="StgValue_145" to="specmemcore_ln0" fromId="145" toId="17">
</dataflow>
<dataflow id="184" from="StgValue_147" to="specmemcore_ln0" fromId="147" toId="17">
</dataflow>
<dataflow id="185" from="StgValue_149" to="specmemcore_ln0" fromId="149" toId="17">
</dataflow>
<dataflow id="186" from="_ssdm_op_SpecMemCore" to="specmemcore_ln0" fromId="142" toId="18">
</dataflow>
<dataflow id="187" from="localC_26" to="specmemcore_ln0" fromId="130" toId="18">
</dataflow>
<dataflow id="188" from="StgValue_145" to="specmemcore_ln0" fromId="145" toId="18">
</dataflow>
<dataflow id="189" from="StgValue_147" to="specmemcore_ln0" fromId="147" toId="18">
</dataflow>
<dataflow id="190" from="StgValue_149" to="specmemcore_ln0" fromId="149" toId="18">
</dataflow>
<dataflow id="191" from="_ssdm_op_SpecMemCore" to="specmemcore_ln0" fromId="142" toId="19">
</dataflow>
<dataflow id="192" from="localC_27" to="specmemcore_ln0" fromId="131" toId="19">
</dataflow>
<dataflow id="193" from="StgValue_145" to="specmemcore_ln0" fromId="145" toId="19">
</dataflow>
<dataflow id="194" from="StgValue_147" to="specmemcore_ln0" fromId="147" toId="19">
</dataflow>
<dataflow id="195" from="StgValue_149" to="specmemcore_ln0" fromId="149" toId="19">
</dataflow>
<dataflow id="196" from="_ssdm_op_SpecMemCore" to="specmemcore_ln0" fromId="142" toId="20">
</dataflow>
<dataflow id="197" from="p_ZZ5mmultE6localC_10" to="specmemcore_ln0" fromId="132" toId="20">
</dataflow>
<dataflow id="198" from="StgValue_145" to="specmemcore_ln0" fromId="145" toId="20">
</dataflow>
<dataflow id="199" from="StgValue_147" to="specmemcore_ln0" fromId="147" toId="20">
</dataflow>
<dataflow id="200" from="StgValue_149" to="specmemcore_ln0" fromId="149" toId="20">
</dataflow>
<dataflow id="201" from="_ssdm_op_SpecMemCore" to="specmemcore_ln0" fromId="142" toId="21">
</dataflow>
<dataflow id="202" from="p_ZZ5mmultE6localC_11" to="specmemcore_ln0" fromId="133" toId="21">
</dataflow>
<dataflow id="203" from="StgValue_145" to="specmemcore_ln0" fromId="145" toId="21">
</dataflow>
<dataflow id="204" from="StgValue_147" to="specmemcore_ln0" fromId="147" toId="21">
</dataflow>
<dataflow id="205" from="StgValue_149" to="specmemcore_ln0" fromId="149" toId="21">
</dataflow>
<dataflow id="206" from="_ssdm_op_SpecMemCore" to="specmemcore_ln0" fromId="142" toId="22">
</dataflow>
<dataflow id="207" from="p_ZZ5mmultE6localC_12" to="specmemcore_ln0" fromId="134" toId="22">
</dataflow>
<dataflow id="208" from="StgValue_145" to="specmemcore_ln0" fromId="145" toId="22">
</dataflow>
<dataflow id="209" from="StgValue_147" to="specmemcore_ln0" fromId="147" toId="22">
</dataflow>
<dataflow id="210" from="StgValue_149" to="specmemcore_ln0" fromId="149" toId="22">
</dataflow>
<dataflow id="211" from="_ssdm_op_SpecMemCore" to="specmemcore_ln0" fromId="142" toId="23">
</dataflow>
<dataflow id="212" from="p_ZZ5mmultE6localC_13" to="specmemcore_ln0" fromId="135" toId="23">
</dataflow>
<dataflow id="213" from="StgValue_145" to="specmemcore_ln0" fromId="145" toId="23">
</dataflow>
<dataflow id="214" from="StgValue_147" to="specmemcore_ln0" fromId="147" toId="23">
</dataflow>
<dataflow id="215" from="StgValue_149" to="specmemcore_ln0" fromId="149" toId="23">
</dataflow>
<dataflow id="216" from="_ssdm_op_SpecMemCore" to="specmemcore_ln0" fromId="142" toId="24">
</dataflow>
<dataflow id="217" from="p_ZZ5mmultE6localC_14" to="specmemcore_ln0" fromId="136" toId="24">
</dataflow>
<dataflow id="218" from="StgValue_145" to="specmemcore_ln0" fromId="145" toId="24">
</dataflow>
<dataflow id="219" from="StgValue_147" to="specmemcore_ln0" fromId="147" toId="24">
</dataflow>
<dataflow id="220" from="StgValue_149" to="specmemcore_ln0" fromId="149" toId="24">
</dataflow>
<dataflow id="221" from="_ssdm_op_SpecMemCore" to="specmemcore_ln0" fromId="142" toId="25">
</dataflow>
<dataflow id="222" from="p_ZZ5mmultE6localC_15" to="specmemcore_ln0" fromId="137" toId="25">
</dataflow>
<dataflow id="223" from="StgValue_145" to="specmemcore_ln0" fromId="145" toId="25">
</dataflow>
<dataflow id="224" from="StgValue_147" to="specmemcore_ln0" fromId="147" toId="25">
</dataflow>
<dataflow id="225" from="StgValue_149" to="specmemcore_ln0" fromId="149" toId="25">
</dataflow>
<dataflow id="227" from="StgValue_226" to="store_ln0" fromId="226" toId="26">
</dataflow>
<dataflow id="228" from="indvar_flatten" to="store_ln0" fromId="9" toId="26">
</dataflow>
<dataflow id="230" from="StgValue_229" to="store_ln0" fromId="229" toId="27">
</dataflow>
<dataflow id="231" from="i_2" to="store_ln0" fromId="8" toId="27">
</dataflow>
<dataflow id="232" from="StgValue_229" to="store_ln0" fromId="229" toId="28">
</dataflow>
<dataflow id="233" from="j_6" to="store_ln0" fromId="7" toId="28">
</dataflow>
<dataflow id="234" from="indvar_flatten" to="indvar_flatten_load" fromId="9" toId="30">
</dataflow>
<dataflow id="235" from="indvar_flatten_load" to="icmp_ln76" fromId="30" toId="31">
</dataflow>
<dataflow id="237" from="StgValue_236" to="icmp_ln76" fromId="236" toId="31">
</dataflow>
<dataflow id="238" from="indvar_flatten_load" to="add_ln76_1" fromId="30" toId="32">
</dataflow>
<dataflow id="240" from="StgValue_239" to="add_ln76_1" fromId="239" toId="32">
</dataflow>
<dataflow id="241" from="icmp_ln76" to="br_ln76" fromId="31" toId="33">
</dataflow>
<dataflow id="242" from="j_6" to="j_6_load" fromId="7" toId="34">
</dataflow>
<dataflow id="243" from="i_2" to="i_2_load" fromId="8" toId="35">
</dataflow>
<dataflow id="244" from="i_2_load" to="add_ln76" fromId="35" toId="36">
</dataflow>
<dataflow id="246" from="StgValue_245" to="add_ln76" fromId="245" toId="36">
</dataflow>
<dataflow id="247" from="j_6_load" to="icmp_ln77" fromId="34" toId="37">
</dataflow>
<dataflow id="249" from="StgValue_248" to="icmp_ln77" fromId="248" toId="37">
</dataflow>
<dataflow id="250" from="icmp_ln77" to="select_ln76" fromId="37" toId="38">
</dataflow>
<dataflow id="251" from="StgValue_229" to="select_ln76" fromId="229" toId="38">
</dataflow>
<dataflow id="252" from="j_6_load" to="select_ln76" fromId="34" toId="38">
</dataflow>
<dataflow id="253" from="icmp_ln77" to="select_ln76_1" fromId="37" toId="39">
</dataflow>
<dataflow id="254" from="add_ln76" to="select_ln76_1" fromId="36" toId="39">
</dataflow>
<dataflow id="255" from="i_2_load" to="select_ln76_1" fromId="35" toId="39">
</dataflow>
<dataflow id="256" from="select_ln76_1" to="zext_ln79" fromId="39" toId="40">
</dataflow>
<dataflow id="257" from="zext_ln79" to="mul_ln79" fromId="40" toId="41">
</dataflow>
<dataflow id="259" from="StgValue_258" to="mul_ln79" fromId="258" toId="41">
</dataflow>
<dataflow id="261" from="_ssdm_op_PartSelect.i4.i8.i32.i32" to="lshr_ln1" fromId="260" toId="42">
</dataflow>
<dataflow id="262" from="select_ln76" to="lshr_ln1" fromId="38" toId="42">
</dataflow>
<dataflow id="264" from="StgValue_263" to="lshr_ln1" fromId="263" toId="42">
</dataflow>
<dataflow id="266" from="StgValue_265" to="lshr_ln1" fromId="265" toId="42">
</dataflow>
<dataflow id="267" from="select_ln76" to="trunc_ln79" fromId="38" toId="43">
</dataflow>
<dataflow id="268" from="trunc_ln79" to="switch_ln79" fromId="43" toId="44">
</dataflow>
<dataflow id="270" from="StgValue_269" to="switch_ln79" fromId="269" toId="44">
</dataflow>
<dataflow id="272" from="StgValue_271" to="switch_ln79" fromId="271" toId="44">
</dataflow>
<dataflow id="274" from="StgValue_273" to="switch_ln79" fromId="273" toId="44">
</dataflow>
<dataflow id="276" from="StgValue_275" to="switch_ln79" fromId="275" toId="44">
</dataflow>
<dataflow id="278" from="StgValue_277" to="switch_ln79" fromId="277" toId="44">
</dataflow>
<dataflow id="280" from="StgValue_279" to="switch_ln79" fromId="279" toId="44">
</dataflow>
<dataflow id="282" from="StgValue_281" to="switch_ln79" fromId="281" toId="44">
</dataflow>
<dataflow id="284" from="StgValue_283" to="switch_ln79" fromId="283" toId="44">
</dataflow>
<dataflow id="286" from="StgValue_285" to="switch_ln79" fromId="285" toId="44">
</dataflow>
<dataflow id="288" from="StgValue_287" to="switch_ln79" fromId="287" toId="44">
</dataflow>
<dataflow id="290" from="StgValue_289" to="switch_ln79" fromId="289" toId="44">
</dataflow>
<dataflow id="292" from="StgValue_291" to="switch_ln79" fromId="291" toId="44">
</dataflow>
<dataflow id="294" from="StgValue_293" to="switch_ln79" fromId="293" toId="44">
</dataflow>
<dataflow id="296" from="StgValue_295" to="switch_ln79" fromId="295" toId="44">
</dataflow>
<dataflow id="298" from="StgValue_297" to="switch_ln79" fromId="297" toId="44">
</dataflow>
<dataflow id="299" from="select_ln76" to="add_ln77" fromId="38" toId="45">
</dataflow>
<dataflow id="300" from="StgValue_245" to="add_ln77" fromId="245" toId="45">
</dataflow>
<dataflow id="301" from="add_ln76_1" to="store_ln77" fromId="32" toId="46">
</dataflow>
<dataflow id="302" from="indvar_flatten" to="store_ln77" fromId="9" toId="46">
</dataflow>
<dataflow id="303" from="select_ln76_1" to="store_ln77" fromId="39" toId="47">
</dataflow>
<dataflow id="304" from="i_2" to="store_ln77" fromId="8" toId="47">
</dataflow>
<dataflow id="305" from="add_ln77" to="store_ln77" fromId="45" toId="48">
</dataflow>
<dataflow id="306" from="j_6" to="store_ln77" fromId="7" toId="48">
</dataflow>
<dataflow id="307" from="zext_ln79" to="mul_ln79" fromId="40" toId="50">
</dataflow>
<dataflow id="308" from="StgValue_258" to="mul_ln79" fromId="258" toId="50">
</dataflow>
<dataflow id="309" from="zext_ln79" to="mul_ln79" fromId="40" toId="51">
</dataflow>
<dataflow id="310" from="StgValue_258" to="mul_ln79" fromId="258" toId="51">
</dataflow>
<dataflow id="311" from="lshr_ln1" to="zext_ln79_1" fromId="42" toId="52">
</dataflow>
<dataflow id="312" from="mul_ln79" to="add_ln79" fromId="51" toId="53">
</dataflow>
<dataflow id="313" from="zext_ln79_1" to="add_ln79" fromId="52" toId="53">
</dataflow>
<dataflow id="315" from="_ssdm_op_SpecLoopName" to="specloopname_ln0" fromId="314" toId="54">
</dataflow>
<dataflow id="317" from="initC_VITIS_LOOP_77_1_str" to="specloopname_ln0" fromId="316" toId="54">
</dataflow>
<dataflow id="319" from="_ssdm_op_SpecLoopTripCount" to="empty" fromId="318" toId="55">
</dataflow>
<dataflow id="321" from="StgValue_320" to="empty" fromId="320" toId="55">
</dataflow>
<dataflow id="322" from="StgValue_320" to="empty" fromId="320" toId="55">
</dataflow>
<dataflow id="323" from="StgValue_320" to="empty" fromId="320" toId="55">
</dataflow>
<dataflow id="325" from="_ssdm_op_SpecPipeline" to="specpipeline_ln78" fromId="324" toId="56">
</dataflow>
<dataflow id="326" from="StgValue_138" to="specpipeline_ln78" fromId="138" toId="56">
</dataflow>
<dataflow id="328" from="StgValue_327" to="specpipeline_ln78" fromId="327" toId="56">
</dataflow>
<dataflow id="329" from="StgValue_327" to="specpipeline_ln78" fromId="327" toId="56">
</dataflow>
<dataflow id="330" from="StgValue_327" to="specpipeline_ln78" fromId="327" toId="56">
</dataflow>
<dataflow id="332" from="empty_16" to="specpipeline_ln78" fromId="331" toId="56">
</dataflow>
<dataflow id="333" from="_ssdm_op_SpecLoopName" to="specloopname_ln77" fromId="314" toId="57">
</dataflow>
<dataflow id="335" from="empty_13" to="specloopname_ln77" fromId="334" toId="57">
</dataflow>
<dataflow id="336" from="mul_ln79" to="add_ln79" fromId="51" toId="58">
</dataflow>
<dataflow id="337" from="zext_ln79_1" to="add_ln79" fromId="52" toId="58">
</dataflow>
<dataflow id="338" from="add_ln79" to="zext_ln79_2" fromId="58" toId="59">
</dataflow>
<dataflow id="339" from="p_ZZ5mmultE6localC_10" to="p_ZZ5mmultE6localC_10_addr" fromId="132" toId="60">
</dataflow>
<dataflow id="341" from="StgValue_340" to="p_ZZ5mmultE6localC_10_addr" fromId="340" toId="60">
</dataflow>
<dataflow id="342" from="zext_ln79_2" to="p_ZZ5mmultE6localC_10_addr" fromId="59" toId="60">
</dataflow>
<dataflow id="343" from="p_ZZ5mmultE6localC_11" to="p_ZZ5mmultE6localC_11_addr" fromId="133" toId="61">
</dataflow>
<dataflow id="344" from="StgValue_340" to="p_ZZ5mmultE6localC_11_addr" fromId="340" toId="61">
</dataflow>
<dataflow id="345" from="zext_ln79_2" to="p_ZZ5mmultE6localC_11_addr" fromId="59" toId="61">
</dataflow>
<dataflow id="346" from="p_ZZ5mmultE6localC_12" to="p_ZZ5mmultE6localC_12_addr" fromId="134" toId="62">
</dataflow>
<dataflow id="347" from="StgValue_340" to="p_ZZ5mmultE6localC_12_addr" fromId="340" toId="62">
</dataflow>
<dataflow id="348" from="zext_ln79_2" to="p_ZZ5mmultE6localC_12_addr" fromId="59" toId="62">
</dataflow>
<dataflow id="349" from="p_ZZ5mmultE6localC_13" to="p_ZZ5mmultE6localC_13_addr" fromId="135" toId="63">
</dataflow>
<dataflow id="350" from="StgValue_340" to="p_ZZ5mmultE6localC_13_addr" fromId="340" toId="63">
</dataflow>
<dataflow id="351" from="zext_ln79_2" to="p_ZZ5mmultE6localC_13_addr" fromId="59" toId="63">
</dataflow>
<dataflow id="352" from="p_ZZ5mmultE6localC_14" to="p_ZZ5mmultE6localC_14_addr" fromId="136" toId="64">
</dataflow>
<dataflow id="353" from="StgValue_340" to="p_ZZ5mmultE6localC_14_addr" fromId="340" toId="64">
</dataflow>
<dataflow id="354" from="zext_ln79_2" to="p_ZZ5mmultE6localC_14_addr" fromId="59" toId="64">
</dataflow>
<dataflow id="355" from="p_ZZ5mmultE6localC_15" to="mmult_localC" fromId="137" toId="65">
</dataflow>
<dataflow id="356" from="StgValue_340" to="mmult_localC" fromId="340" toId="65">
</dataflow>
<dataflow id="357" from="zext_ln79_2" to="mmult_localC" fromId="59" toId="65">
</dataflow>
<dataflow id="358" from="localC" to="localC_addr" fromId="122" toId="66">
</dataflow>
<dataflow id="359" from="StgValue_340" to="localC_addr" fromId="340" toId="66">
</dataflow>
<dataflow id="360" from="zext_ln79_2" to="localC_addr" fromId="59" toId="66">
</dataflow>
<dataflow id="361" from="localC_19" to="localC_19_addr" fromId="123" toId="67">
</dataflow>
<dataflow id="362" from="StgValue_340" to="localC_19_addr" fromId="340" toId="67">
</dataflow>
<dataflow id="363" from="zext_ln79_2" to="localC_19_addr" fromId="59" toId="67">
</dataflow>
<dataflow id="364" from="localC_20" to="localC_20_addr" fromId="124" toId="68">
</dataflow>
<dataflow id="365" from="StgValue_340" to="localC_20_addr" fromId="340" toId="68">
</dataflow>
<dataflow id="366" from="zext_ln79_2" to="localC_20_addr" fromId="59" toId="68">
</dataflow>
<dataflow id="367" from="localC_21" to="localC_21_addr" fromId="125" toId="69">
</dataflow>
<dataflow id="368" from="StgValue_340" to="localC_21_addr" fromId="340" toId="69">
</dataflow>
<dataflow id="369" from="zext_ln79_2" to="localC_21_addr" fromId="59" toId="69">
</dataflow>
<dataflow id="370" from="localC_22" to="localC_22_addr" fromId="126" toId="70">
</dataflow>
<dataflow id="371" from="StgValue_340" to="localC_22_addr" fromId="340" toId="70">
</dataflow>
<dataflow id="372" from="zext_ln79_2" to="localC_22_addr" fromId="59" toId="70">
</dataflow>
<dataflow id="373" from="localC_23" to="localC_23_addr" fromId="127" toId="71">
</dataflow>
<dataflow id="374" from="StgValue_340" to="localC_23_addr" fromId="340" toId="71">
</dataflow>
<dataflow id="375" from="zext_ln79_2" to="localC_23_addr" fromId="59" toId="71">
</dataflow>
<dataflow id="376" from="localC_24" to="localC_24_addr" fromId="128" toId="72">
</dataflow>
<dataflow id="377" from="StgValue_340" to="localC_24_addr" fromId="340" toId="72">
</dataflow>
<dataflow id="378" from="zext_ln79_2" to="localC_24_addr" fromId="59" toId="72">
</dataflow>
<dataflow id="379" from="localC_25" to="localC_25_addr" fromId="129" toId="73">
</dataflow>
<dataflow id="380" from="StgValue_340" to="localC_25_addr" fromId="340" toId="73">
</dataflow>
<dataflow id="381" from="zext_ln79_2" to="localC_25_addr" fromId="59" toId="73">
</dataflow>
<dataflow id="382" from="localC_26" to="localC_26_addr" fromId="130" toId="74">
</dataflow>
<dataflow id="383" from="StgValue_340" to="localC_26_addr" fromId="340" toId="74">
</dataflow>
<dataflow id="384" from="zext_ln79_2" to="localC_26_addr" fromId="59" toId="74">
</dataflow>
<dataflow id="385" from="localC_27" to="localC_27_addr" fromId="131" toId="75">
</dataflow>
<dataflow id="386" from="StgValue_340" to="localC_27_addr" fromId="340" toId="75">
</dataflow>
<dataflow id="387" from="zext_ln79_2" to="localC_27_addr" fromId="59" toId="75">
</dataflow>
<dataflow id="389" from="StgValue_388" to="store_ln79" fromId="388" toId="76">
</dataflow>
<dataflow id="390" from="p_ZZ5mmultE6localC_14_addr" to="store_ln79" fromId="64" toId="76">
</dataflow>
<dataflow id="391" from="StgValue_388" to="store_ln79" fromId="388" toId="78">
</dataflow>
<dataflow id="392" from="p_ZZ5mmultE6localC_13_addr" to="store_ln79" fromId="63" toId="78">
</dataflow>
<dataflow id="393" from="StgValue_388" to="store_ln79" fromId="388" toId="80">
</dataflow>
<dataflow id="394" from="p_ZZ5mmultE6localC_12_addr" to="store_ln79" fromId="62" toId="80">
</dataflow>
<dataflow id="395" from="StgValue_388" to="store_ln79" fromId="388" toId="82">
</dataflow>
<dataflow id="396" from="p_ZZ5mmultE6localC_11_addr" to="store_ln79" fromId="61" toId="82">
</dataflow>
<dataflow id="397" from="StgValue_388" to="store_ln79" fromId="388" toId="84">
</dataflow>
<dataflow id="398" from="p_ZZ5mmultE6localC_10_addr" to="store_ln79" fromId="60" toId="84">
</dataflow>
<dataflow id="399" from="StgValue_388" to="store_ln79" fromId="388" toId="86">
</dataflow>
<dataflow id="400" from="localC_27_addr" to="store_ln79" fromId="75" toId="86">
</dataflow>
<dataflow id="401" from="StgValue_388" to="store_ln79" fromId="388" toId="88">
</dataflow>
<dataflow id="402" from="localC_26_addr" to="store_ln79" fromId="74" toId="88">
</dataflow>
<dataflow id="403" from="StgValue_388" to="store_ln79" fromId="388" toId="90">
</dataflow>
<dataflow id="404" from="localC_25_addr" to="store_ln79" fromId="73" toId="90">
</dataflow>
<dataflow id="405" from="StgValue_388" to="store_ln79" fromId="388" toId="92">
</dataflow>
<dataflow id="406" from="localC_24_addr" to="store_ln79" fromId="72" toId="92">
</dataflow>
<dataflow id="407" from="StgValue_388" to="store_ln79" fromId="388" toId="94">
</dataflow>
<dataflow id="408" from="localC_23_addr" to="store_ln79" fromId="71" toId="94">
</dataflow>
<dataflow id="409" from="StgValue_388" to="store_ln79" fromId="388" toId="96">
</dataflow>
<dataflow id="410" from="localC_22_addr" to="store_ln79" fromId="70" toId="96">
</dataflow>
<dataflow id="411" from="StgValue_388" to="store_ln79" fromId="388" toId="98">
</dataflow>
<dataflow id="412" from="localC_21_addr" to="store_ln79" fromId="69" toId="98">
</dataflow>
<dataflow id="413" from="StgValue_388" to="store_ln79" fromId="388" toId="100">
</dataflow>
<dataflow id="414" from="localC_20_addr" to="store_ln79" fromId="68" toId="100">
</dataflow>
<dataflow id="415" from="StgValue_388" to="store_ln79" fromId="388" toId="102">
</dataflow>
<dataflow id="416" from="localC_19_addr" to="store_ln79" fromId="67" toId="102">
</dataflow>
<dataflow id="417" from="StgValue_388" to="store_ln79" fromId="388" toId="104">
</dataflow>
<dataflow id="418" from="localC_addr" to="store_ln79" fromId="66" toId="104">
</dataflow>
<dataflow id="419" from="StgValue_388" to="store_ln79" fromId="388" toId="106">
</dataflow>
<dataflow id="420" from="mmult_localC" to="store_ln79" fromId="65" toId="106">
</dataflow>
<dataflow id="421" from="icmp_ln76" to="StgValue_2" fromId="31" toId="2">
</dataflow>
<dataflow id="422" from="trunc_ln79" to="StgValue_5" fromId="43" toId="5">
</dataflow>
<dataflow id="423" from="icmp_ln76" to="StgValue_4" fromId="31" toId="4">
</dataflow>
</dataflows>


</stg>
