<stg><name>mmult_Pipeline_initC_VITIS_LOOP_77_1</name>


<trans_list>

<trans id="121" from="1" to="2">
<condition id="-1">
<or_exp><and_exp></and_exp></or_exp>
</condition>
</trans>

<trans id="117" from="2" to="3">
<condition id="-1">
<or_exp><and_exp></and_exp></or_exp>
</condition>
</trans>

<trans id="118" from="3" to="4">
<condition id="-1">
<or_exp><and_exp></and_exp></or_exp>
</condition>
</trans>
</trans_list>



<state_list>

<state id="1" st_id="2">

<operation id="7" st_id="1" stage="1" lat="1">
<core>NULL</core>
<MemPortIdVec></MemPortIdVec>
<condition id="-1">
<or_exp><and_exp></and_exp></or_exp>
</condition>

<Node id="17" bw="8" op_0_bw="32">
<![CDATA[
newFuncRoot:0 %j_6 = alloca i32 1

]]></Node>
<StgValue><ssdm name="j_6"/></StgValue>
</operation>

<operation id="8" st_id="1" stage="1" lat="1">
<core>NULL</core>
<MemPortIdVec></MemPortIdVec>
<condition id="-1">
<or_exp><and_exp></and_exp></or_exp>
</condition>

<Node id="18" bw="8" op_0_bw="32">
<![CDATA[
newFuncRoot:1 %i_2 = alloca i32 1

]]></Node>
<StgValue><ssdm name="i_2"/></StgValue>
</operation>

<operation id="9" st_id="1" stage="1" lat="1">
<core>NULL</core>
<MemPortIdVec></MemPortIdVec>
<condition id="-1">
<or_exp><and_exp></and_exp></or_exp>
</condition>

<Node id="19" bw="16" op_0_bw="32">
<![CDATA[
newFuncRoot:2 %indvar_flatten = alloca i32 1

]]></Node>
<StgValue><ssdm name="indvar_flatten"/></StgValue>
</operation>

<operation id="10" st_id="1" stage="1" lat="1">
<core>NULL</core>
<MemPortIdVec></MemPortIdVec>
<condition id="-1">
<or_exp><and_exp></and_exp></or_exp>
</condition>

<Node id="20" bw="0" op_0_bw="0" op_1_bw="32" op_2_bw="64" op_3_bw="64" op_4_bw="64">
<![CDATA[
newFuncRoot:3 %specmemcore_ln0 = specmemcore void @_ssdm_op_SpecMemCore, i32 %localC, i64 666, i64 22, i64 2

]]></Node>
<StgValue><ssdm name="specmemcore_ln0"/></StgValue>
</operation>

<operation id="11" st_id="1" stage="1" lat="1">
<core>NULL</core>
<MemPortIdVec></MemPortIdVec>
<condition id="-1">
<or_exp><and_exp></and_exp></or_exp>
</condition>

<Node id="21" bw="0" op_0_bw="0" op_1_bw="32" op_2_bw="64" op_3_bw="64" op_4_bw="64">
<![CDATA[
newFuncRoot:4 %specmemcore_ln0 = specmemcore void @_ssdm_op_SpecMemCore, i32 %localC_19, i64 666, i64 22, i64 2

]]></Node>
<StgValue><ssdm name="specmemcore_ln0"/></StgValue>
</operation>

<operation id="12" st_id="1" stage="1" lat="1">
<core>NULL</core>
<MemPortIdVec></MemPortIdVec>
<condition id="-1">
<or_exp><and_exp></and_exp></or_exp>
</condition>

<Node id="22" bw="0" op_0_bw="0" op_1_bw="32" op_2_bw="64" op_3_bw="64" op_4_bw="64">
<![CDATA[
newFuncRoot:5 %specmemcore_ln0 = specmemcore void @_ssdm_op_SpecMemCore, i32 %localC_20, i64 666, i64 22, i64 2

]]></Node>
<StgValue><ssdm name="specmemcore_ln0"/></StgValue>
</operation>

<operation id="13" st_id="1" stage="1" lat="1">
<core>NULL</core>
<MemPortIdVec></MemPortIdVec>
<condition id="-1">
<or_exp><and_exp></and_exp></or_exp>
</condition>

<Node id="23" bw="0" op_0_bw="0" op_1_bw="32" op_2_bw="64" op_3_bw="64" op_4_bw="64">
<![CDATA[
newFuncRoot:6 %specmemcore_ln0 = specmemcore void @_ssdm_op_SpecMemCore, i32 %localC_21, i64 666, i64 22, i64 2

]]></Node>
<StgValue><ssdm name="specmemcore_ln0"/></StgValue>
</operation>

<operation id="14" st_id="1" stage="1" lat="1">
<core>NULL</core>
<MemPortIdVec></MemPortIdVec>
<condition id="-1">
<or_exp><and_exp></and_exp></or_exp>
</condition>

<Node id="24" bw="0" op_0_bw="0" op_1_bw="32" op_2_bw="64" op_3_bw="64" op_4_bw="64">
<![CDATA[
newFuncRoot:7 %specmemcore_ln0 = specmemcore void @_ssdm_op_SpecMemCore, i32 %localC_22, i64 666, i64 22, i64 2

]]></Node>
<StgValue><ssdm name="specmemcore_ln0"/></StgValue>
</operation>

<operation id="15" st_id="1" stage="1" lat="1">
<core>NULL</core>
<MemPortIdVec></MemPortIdVec>
<condition id="-1">
<or_exp><and_exp></and_exp></or_exp>
</condition>

<Node id="25" bw="0" op_0_bw="0" op_1_bw="32" op_2_bw="64" op_3_bw="64" op_4_bw="64">
<![CDATA[
newFuncRoot:8 %specmemcore_ln0 = specmemcore void @_ssdm_op_SpecMemCore, i32 %localC_23, i64 666, i64 22, i64 2

]]></Node>
<StgValue><ssdm name="specmemcore_ln0"/></StgValue>
</operation>

<operation id="16" st_id="1" stage="1" lat="1">
<core>NULL</core>
<MemPortIdVec></MemPortIdVec>
<condition id="-1">
<or_exp><and_exp></and_exp></or_exp>
</condition>

<Node id="26" bw="0" op_0_bw="0" op_1_bw="32" op_2_bw="64" op_3_bw="64" op_4_bw="64">
<![CDATA[
newFuncRoot:9 %specmemcore_ln0 = specmemcore void @_ssdm_op_SpecMemCore, i32 %localC_24, i64 666, i64 22, i64 2

]]></Node>
<StgValue><ssdm name="specmemcore_ln0"/></StgValue>
</operation>

<operation id="17" st_id="1" stage="1" lat="1">
<core>NULL</core>
<MemPortIdVec></MemPortIdVec>
<condition id="-1">
<or_exp><and_exp></and_exp></or_exp>
</condition>

<Node id="27" bw="0" op_0_bw="0" op_1_bw="32" op_2_bw="64" op_3_bw="64" op_4_bw="64">
<![CDATA[
newFuncRoot:10 %specmemcore_ln0 = specmemcore void @_ssdm_op_SpecMemCore, i32 %localC_25, i64 666, i64 22, i64 2

]]></Node>
<StgValue><ssdm name="specmemcore_ln0"/></StgValue>
</operation>

<operation id="18" st_id="1" stage="1" lat="1">
<core>NULL</core>
<MemPortIdVec></MemPortIdVec>
<condition id="-1">
<or_exp><and_exp></and_exp></or_exp>
</condition>

<Node id="28" bw="0" op_0_bw="0" op_1_bw="32" op_2_bw="64" op_3_bw="64" op_4_bw="64">
<![CDATA[
newFuncRoot:11 %specmemcore_ln0 = specmemcore void @_ssdm_op_SpecMemCore, i32 %localC_26, i64 666, i64 22, i64 2

]]></Node>
<StgValue><ssdm name="specmemcore_ln0"/></StgValue>
</operation>

<operation id="19" st_id="1" stage="1" lat="1">
<core>NULL</core>
<MemPortIdVec></MemPortIdVec>
<condition id="-1">
<or_exp><and_exp></and_exp></or_exp>
</condition>

<Node id="29" bw="0" op_0_bw="0" op_1_bw="32" op_2_bw="64" op_3_bw="64" op_4_bw="64">
<![CDATA[
newFuncRoot:12 %specmemcore_ln0 = specmemcore void @_ssdm_op_SpecMemCore, i32 %localC_27, i64 666, i64 22, i64 2

]]></Node>
<StgValue><ssdm name="specmemcore_ln0"/></StgValue>
</operation>

<operation id="20" st_id="1" stage="1" lat="1">
<core>NULL</core>
<MemPortIdVec></MemPortIdVec>
<condition id="-1">
<or_exp><and_exp></and_exp></or_exp>
</condition>

<Node id="30" bw="0" op_0_bw="0" op_1_bw="32" op_2_bw="64" op_3_bw="64" op_4_bw="64">
<![CDATA[
newFuncRoot:13 %specmemcore_ln0 = specmemcore void @_ssdm_op_SpecMemCore, i32 %p_ZZ5mmultE6localC_10, i64 666, i64 22, i64 2

]]></Node>
<StgValue><ssdm name="specmemcore_ln0"/></StgValue>
</operation>

<operation id="21" st_id="1" stage="1" lat="1">
<core>NULL</core>
<MemPortIdVec></MemPortIdVec>
<condition id="-1">
<or_exp><and_exp></and_exp></or_exp>
</condition>

<Node id="31" bw="0" op_0_bw="0" op_1_bw="32" op_2_bw="64" op_3_bw="64" op_4_bw="64">
<![CDATA[
newFuncRoot:14 %specmemcore_ln0 = specmemcore void @_ssdm_op_SpecMemCore, i32 %p_ZZ5mmultE6localC_11, i64 666, i64 22, i64 2

]]></Node>
<StgValue><ssdm name="specmemcore_ln0"/></StgValue>
</operation>

<operation id="22" st_id="1" stage="1" lat="1">
<core>NULL</core>
<MemPortIdVec></MemPortIdVec>
<condition id="-1">
<or_exp><and_exp></and_exp></or_exp>
</condition>

<Node id="32" bw="0" op_0_bw="0" op_1_bw="32" op_2_bw="64" op_3_bw="64" op_4_bw="64">
<![CDATA[
newFuncRoot:15 %specmemcore_ln0 = specmemcore void @_ssdm_op_SpecMemCore, i32 %p_ZZ5mmultE6localC_12, i64 666, i64 22, i64 2

]]></Node>
<StgValue><ssdm name="specmemcore_ln0"/></StgValue>
</operation>

<operation id="23" st_id="1" stage="1" lat="1">
<core>NULL</core>
<MemPortIdVec></MemPortIdVec>
<condition id="-1">
<or_exp><and_exp></and_exp></or_exp>
</condition>

<Node id="33" bw="0" op_0_bw="0" op_1_bw="32" op_2_bw="64" op_3_bw="64" op_4_bw="64">
<![CDATA[
newFuncRoot:16 %specmemcore_ln0 = specmemcore void @_ssdm_op_SpecMemCore, i32 %p_ZZ5mmultE6localC_13, i64 666, i64 22, i64 2

]]></Node>
<StgValue><ssdm name="specmemcore_ln0"/></StgValue>
</operation>

<operation id="24" st_id="1" stage="1" lat="1">
<core>NULL</core>
<MemPortIdVec></MemPortIdVec>
<condition id="-1">
<or_exp><and_exp></and_exp></or_exp>
</condition>

<Node id="34" bw="0" op_0_bw="0" op_1_bw="32" op_2_bw="64" op_3_bw="64" op_4_bw="64">
<![CDATA[
newFuncRoot:17 %specmemcore_ln0 = specmemcore void @_ssdm_op_SpecMemCore, i32 %p_ZZ5mmultE6localC_14, i64 666, i64 22, i64 2

]]></Node>
<StgValue><ssdm name="specmemcore_ln0"/></StgValue>
</operation>

<operation id="25" st_id="1" stage="1" lat="1">
<core>NULL</core>
<MemPortIdVec></MemPortIdVec>
<condition id="-1">
<or_exp><and_exp></and_exp></or_exp>
</condition>

<Node id="35" bw="0" op_0_bw="0" op_1_bw="32" op_2_bw="64" op_3_bw="64" op_4_bw="64">
<![CDATA[
newFuncRoot:18 %specmemcore_ln0 = specmemcore void @_ssdm_op_SpecMemCore, i32 %p_ZZ5mmultE6localC_15, i64 666, i64 22, i64 2

]]></Node>
<StgValue><ssdm name="specmemcore_ln0"/></StgValue>
</operation>

<operation id="26" st_id="1" stage="1" lat="1">
<core>NULL</core>
<MemPortIdVec></MemPortIdVec>
<condition id="-1">
<or_exp><and_exp></and_exp></or_exp>
</condition>

<Node id="36" bw="0" op_0_bw="16" op_1_bw="16">
<![CDATA[
newFuncRoot:19 %store_ln0 = store i16 0, i16 %indvar_flatten

]]></Node>
<StgValue><ssdm name="store_ln0"/></StgValue>
</operation>

<operation id="27" st_id="1" stage="1" lat="1">
<core>NULL</core>
<MemPortIdVec></MemPortIdVec>
<condition id="-1">
<or_exp><and_exp></and_exp></or_exp>
</condition>

<Node id="37" bw="0" op_0_bw="8" op_1_bw="8">
<![CDATA[
newFuncRoot:20 %store_ln0 = store i8 0, i8 %i_2

]]></Node>
<StgValue><ssdm name="store_ln0"/></StgValue>
</operation>

<operation id="28" st_id="1" stage="1" lat="1">
<core>NULL</core>
<MemPortIdVec></MemPortIdVec>
<condition id="-1">
<or_exp><and_exp></and_exp></or_exp>
</condition>

<Node id="38" bw="0" op_0_bw="8" op_1_bw="8">
<![CDATA[
newFuncRoot:21 %store_ln0 = store i8 0, i8 %j_6

]]></Node>
<StgValue><ssdm name="store_ln0"/></StgValue>
</operation>

<operation id="29" st_id="1" stage="1" lat="1">
<core>NULL</core>
<MemPortIdVec></MemPortIdVec>
<condition id="-1">
<or_exp><and_exp></and_exp></or_exp>
</condition>

<Node id="39" bw="0" op_0_bw="0">
<![CDATA[
newFuncRoot:22 %br_ln0 = br void %for.inc43

]]></Node>
<StgValue><ssdm name="br_ln0"/></StgValue>
</operation>

<operation id="30" st_id="1" stage="1" lat="1">
<core>NULL</core>
<MemPortIdVec></MemPortIdVec>
<condition id="-1">
<or_exp><and_exp></and_exp></or_exp>
</condition>

<Node id="41" bw="16" op_0_bw="16" op_1_bw="0">
<![CDATA[
for.inc43:0 %indvar_flatten_load = load i16 %indvar_flatten

]]></Node>
<StgValue><ssdm name="indvar_flatten_load"/></StgValue>
</operation>

<operation id="31" st_id="1" stage="1" lat="1">
<core>Cmp</core>
<MemPortIdVec></MemPortIdVec>
<condition id="-1">
<or_exp><and_exp></and_exp></or_exp>
</condition>

<Node id="42" bw="1" op_0_bw="16" op_1_bw="16">
<![CDATA[
for.inc43:1 %icmp_ln76 = icmp_eq  i16 %indvar_flatten_load, i16 38809

]]></Node>
<StgValue><ssdm name="icmp_ln76"/></StgValue>
</operation>

<operation id="32" st_id="1" stage="1" lat="1">
<core>Adder</core>
<MemPortIdVec></MemPortIdVec>
<condition id="-1">
<or_exp><and_exp></and_exp></or_exp>
</condition>

<Node id="43" bw="16" op_0_bw="16" op_1_bw="16">
<![CDATA[
for.inc43:2 %add_ln76_1 = add i16 %indvar_flatten_load, i16 1

]]></Node>
<StgValue><ssdm name="add_ln76_1"/></StgValue>
</operation>

<operation id="33" st_id="1" stage="1" lat="1">
<core>NULL</core>
<MemPortIdVec></MemPortIdVec>
<condition id="-1">
<or_exp><and_exp></and_exp></or_exp>
</condition>

<Node id="44" bw="0" op_0_bw="1" op_1_bw="0" op_2_bw="0">
<![CDATA[
for.inc43:3 %br_ln76 = br i1 %icmp_ln76, void %for.inc46, void %for.end48.exitStub

]]></Node>
<StgValue><ssdm name="br_ln76"/></StgValue>
</operation>

<operation id="34" st_id="1" stage="1" lat="1">
<core>NULL</core>
<MemPortIdVec></MemPortIdVec>
<condition id="-1">
<or_exp><and_exp><literal name="icmp_ln76" val="0"/>
</and_exp></or_exp>
</condition>

<Node id="46" bw="8" op_0_bw="8" op_1_bw="0">
<![CDATA[
for.inc46:0 %j_6_load = load i8 %j_6

]]></Node>
<StgValue><ssdm name="j_6_load"/></StgValue>
</operation>

<operation id="35" st_id="1" stage="1" lat="1">
<core>NULL</core>
<MemPortIdVec></MemPortIdVec>
<condition id="-1">
<or_exp><and_exp><literal name="icmp_ln76" val="0"/>
</and_exp></or_exp>
</condition>

<Node id="47" bw="8" op_0_bw="8" op_1_bw="0">
<![CDATA[
for.inc46:1 %i_2_load = load i8 %i_2

]]></Node>
<StgValue><ssdm name="i_2_load"/></StgValue>
</operation>

<operation id="36" st_id="1" stage="1" lat="1">
<core>Adder</core>
<MemPortIdVec></MemPortIdVec>
<condition id="-1">
<or_exp><and_exp><literal name="icmp_ln76" val="0"/>
</and_exp></or_exp>
</condition>

<Node id="48" bw="8" op_0_bw="8" op_1_bw="8">
<![CDATA[
for.inc46:2 %add_ln76 = add i8 %i_2_load, i8 1

]]></Node>
<StgValue><ssdm name="add_ln76"/></StgValue>
</operation>

<operation id="37" st_id="1" stage="1" lat="1">
<core>Cmp</core>
<MemPortIdVec></MemPortIdVec>
<condition id="-1">
<or_exp><and_exp><literal name="icmp_ln76" val="0"/>
</and_exp></or_exp>
</condition>

<Node id="51" bw="1" op_0_bw="8" op_1_bw="8">
<![CDATA[
for.inc46:5 %icmp_ln77 = icmp_eq  i8 %j_6_load, i8 197

]]></Node>
<StgValue><ssdm name="icmp_ln77"/></StgValue>
</operation>

<operation id="38" st_id="1" stage="1" lat="1">
<core>Sel</core>
<MemPortIdVec></MemPortIdVec>
<condition id="-1">
<or_exp><and_exp><literal name="icmp_ln76" val="0"/>
</and_exp></or_exp>
</condition>

<Node id="52" bw="8" op_0_bw="1" op_1_bw="8" op_2_bw="8">
<![CDATA[
for.inc46:6 %select_ln76 = select i1 %icmp_ln77, i8 0, i8 %j_6_load

]]></Node>
<StgValue><ssdm name="select_ln76"/></StgValue>
</operation>

<operation id="39" st_id="1" stage="1" lat="1">
<core>Sel</core>
<MemPortIdVec></MemPortIdVec>
<condition id="-1">
<or_exp><and_exp><literal name="icmp_ln76" val="0"/>
</and_exp></or_exp>
</condition>

<Node id="53" bw="8" op_0_bw="1" op_1_bw="8" op_2_bw="8">
<![CDATA[
for.inc46:7 %select_ln76_1 = select i1 %icmp_ln77, i8 %add_ln76, i8 %i_2_load

]]></Node>
<StgValue><ssdm name="select_ln76_1"/></StgValue>
</operation>

<operation id="40" st_id="1" stage="1" lat="1">
<core>NULL</core>
<MemPortIdVec></MemPortIdVec>
<condition id="-1">
<or_exp><and_exp><literal name="icmp_ln76" val="0"/>
</and_exp></or_exp>
</condition>

<Node id="54" bw="12" op_0_bw="8">
<![CDATA[
for.inc46:8 %zext_ln79 = zext i8 %select_ln76_1

]]></Node>
<StgValue><ssdm name="zext_ln79"/></StgValue>
</operation>

<operation id="41" st_id="1" stage="3" lat="3">
<core>DSP48</core>
<MemPortIdVec></MemPortIdVec>
<condition id="-1">
<or_exp><and_exp><literal name="icmp_ln76" val="0"/>
</and_exp></or_exp>
</condition>

<Node id="55" bw="12" op_0_bw="12" op_1_bw="12">
<![CDATA[
for.inc46:9 %mul_ln79 = mul i12 %zext_ln79, i12 13

]]></Node>
<StgValue><ssdm name="mul_ln79"/></StgValue>
</operation>

<operation id="42" st_id="1" stage="1" lat="1">
<core>NULL</core>
<MemPortIdVec></MemPortIdVec>
<condition id="-1">
<or_exp><and_exp><literal name="icmp_ln76" val="0"/>
</and_exp></or_exp>
</condition>

<Node id="58" bw="4" op_0_bw="4" op_1_bw="8" op_2_bw="32" op_3_bw="32">
<![CDATA[
for.inc46:12 %lshr_ln1 = partselect i4 @_ssdm_op_PartSelect.i4.i8.i32.i32, i8 %select_ln76, i32 4, i32 7

]]></Node>
<StgValue><ssdm name="lshr_ln1"/></StgValue>
</operation>

<operation id="43" st_id="1" stage="1" lat="1">
<core>NULL</core>
<MemPortIdVec></MemPortIdVec>
<condition id="-1">
<or_exp><and_exp><literal name="icmp_ln76" val="0"/>
</and_exp></or_exp>
</condition>

<Node id="78" bw="4" op_0_bw="8">
<![CDATA[
for.inc46:32 %trunc_ln79 = trunc i8 %select_ln76

]]></Node>
<StgValue><ssdm name="trunc_ln79"/></StgValue>
</operation>

<operation id="44" st_id="1" stage="1" lat="1">
<core>NULL</core>
<MemPortIdVec></MemPortIdVec>
<condition id="-1">
<or_exp><and_exp><literal name="icmp_ln76" val="0"/>
</and_exp></or_exp>
</condition>

<Node id="79" bw="0" op_0_bw="4" op_1_bw="0" op_2_bw="4" op_3_bw="0" op_4_bw="4" op_5_bw="0" op_6_bw="4" op_7_bw="0" op_8_bw="4" op_9_bw="0" op_10_bw="4" op_11_bw="0" op_12_bw="4" op_13_bw="0" op_14_bw="4" op_15_bw="0" op_16_bw="4" op_17_bw="0" op_18_bw="4" op_19_bw="0" op_20_bw="4" op_21_bw="0" op_22_bw="4" op_23_bw="0" op_24_bw="4" op_25_bw="0" op_26_bw="4" op_27_bw="0" op_28_bw="4" op_29_bw="0" op_30_bw="4" op_31_bw="0">
<![CDATA[
for.inc46:33 %switch_ln79 = switch i4 %trunc_ln79, void %arrayidx4226.case.15, i4 0, void %arrayidx4226.case.0, i4 1, void %arrayidx4226.case.1, i4 2, void %arrayidx4226.case.2, i4 3, void %arrayidx4226.case.3, i4 4, void %arrayidx4226.case.4, i4 5, void %arrayidx4226.case.5, i4 6, void %arrayidx4226.case.6, i4 7, void %arrayidx4226.case.7, i4 8, void %arrayidx4226.case.8, i4 9, void %arrayidx4226.case.9, i4 10, void %arrayidx4226.case.10, i4 11, void %arrayidx4226.case.11, i4 12, void %arrayidx4226.case.12, i4 13, void %arrayidx4226.case.13, i4 14, void %arrayidx4226.case.14

]]></Node>
<StgValue><ssdm name="switch_ln79"/></StgValue>
</operation>

<operation id="45" st_id="1" stage="1" lat="1">
<core>Adder</core>
<MemPortIdVec></MemPortIdVec>
<condition id="-1">
<or_exp><and_exp><literal name="icmp_ln76" val="0"/>
</and_exp></or_exp>
</condition>

<Node id="129" bw="8" op_0_bw="8" op_1_bw="8">
<![CDATA[
arrayidx4226.exit:0 %add_ln77 = add i8 %select_ln76, i8 1

]]></Node>
<StgValue><ssdm name="add_ln77"/></StgValue>
</operation>

<operation id="46" st_id="1" stage="1" lat="1">
<core>NULL</core>
<MemPortIdVec></MemPortIdVec>
<condition id="-1">
<or_exp><and_exp><literal name="icmp_ln76" val="0"/>
</and_exp></or_exp>
</condition>

<Node id="130" bw="0" op_0_bw="16" op_1_bw="16" op_2_bw="0" op_3_bw="0">
<![CDATA[
arrayidx4226.exit:1 %store_ln77 = store i16 %add_ln76_1, i16 %indvar_flatten

]]></Node>
<StgValue><ssdm name="store_ln77"/></StgValue>
</operation>

<operation id="47" st_id="1" stage="1" lat="1">
<core>NULL</core>
<MemPortIdVec></MemPortIdVec>
<condition id="-1">
<or_exp><and_exp><literal name="icmp_ln76" val="0"/>
</and_exp></or_exp>
</condition>

<Node id="131" bw="0" op_0_bw="8" op_1_bw="8" op_2_bw="0" op_3_bw="0">
<![CDATA[
arrayidx4226.exit:2 %store_ln77 = store i8 %select_ln76_1, i8 %i_2

]]></Node>
<StgValue><ssdm name="store_ln77"/></StgValue>
</operation>

<operation id="48" st_id="1" stage="1" lat="1">
<core>NULL</core>
<MemPortIdVec></MemPortIdVec>
<condition id="-1">
<or_exp><and_exp><literal name="icmp_ln76" val="0"/>
</and_exp></or_exp>
</condition>

<Node id="132" bw="0" op_0_bw="8" op_1_bw="8" op_2_bw="0" op_3_bw="0">
<![CDATA[
arrayidx4226.exit:3 %store_ln77 = store i8 %add_ln77, i8 %j_6

]]></Node>
<StgValue><ssdm name="store_ln77"/></StgValue>
</operation>

<operation id="49" st_id="1" stage="1" lat="1">
<core>NULL</core>
<MemPortIdVec></MemPortIdVec>
<condition id="-1">
<or_exp><and_exp><literal name="icmp_ln76" val="0"/>
</and_exp></or_exp>
</condition>

<Node id="133" bw="0" op_0_bw="0">
<![CDATA[
arrayidx4226.exit:4 %br_ln77 = br void %for.inc43

]]></Node>
<StgValue><ssdm name="br_ln77"/></StgValue>
</operation>
</state>

<state id="2" st_id="3">

<operation id="50" st_id="2" stage="2" lat="3">
<core>DSP48</core>
<MemPortIdVec></MemPortIdVec>
<condition id="-1">
<or_exp><and_exp></and_exp></or_exp>
</condition>

<Node id="55" bw="12" op_0_bw="12" op_1_bw="12">
<![CDATA[
for.inc46:9 %mul_ln79 = mul i12 %zext_ln79, i12 13

]]></Node>
<StgValue><ssdm name="mul_ln79"/></StgValue>
</operation>
</state>

<state id="3" st_id="4">

<operation id="51" st_id="3" stage="1" lat="3">
<core>DSP48</core>
<MemPortIdVec></MemPortIdVec>
<condition id="-1">
<or_exp><and_exp></and_exp></or_exp>
</condition>

<Node id="55" bw="12" op_0_bw="12" op_1_bw="12">
<![CDATA[
for.inc46:9 %mul_ln79 = mul i12 %zext_ln79, i12 13

]]></Node>
<StgValue><ssdm name="mul_ln79"/></StgValue>
</operation>

<operation id="52" st_id="3" stage="1" lat="1">
<core>NULL</core>
<MemPortIdVec></MemPortIdVec>
<condition id="-1">
<or_exp><and_exp></and_exp></or_exp>
</condition>

<Node id="59" bw="12" op_0_bw="4">
<![CDATA[
for.inc46:13 %zext_ln79_1 = zext i4 %lshr_ln1

]]></Node>
<StgValue><ssdm name="zext_ln79_1"/></StgValue>
</operation>

<operation id="53" st_id="3" stage="2" lat="2">
<core>DSP48</core>
<MemPortIdVec></MemPortIdVec>
<condition id="-1">
<or_exp><and_exp></and_exp></or_exp>
</condition>

<Node id="60" bw="12" op_0_bw="12" op_1_bw="12">
<![CDATA[
for.inc46:14 %add_ln79 = add i12 %mul_ln79, i12 %zext_ln79_1

]]></Node>
<StgValue><ssdm name="add_ln79"/></StgValue>
</operation>

<operation id="108" st_id="3" stage="1" lat="1">
<core>NULL</core>
<MemPortIdVec></MemPortIdVec>
<condition id="-1">
<or_exp><and_exp><literal name="icmp_ln76" val="1"/>
</and_exp></or_exp>
</condition>

<Node id="135" bw="0">
<![CDATA[
for.end48.exitStub:0 %ret_ln0 = ret

]]></Node>
<StgValue><ssdm name="ret_ln0"/></StgValue>
</operation>
</state>

<state id="4" st_id="5">

<operation id="54" st_id="4" stage="1" lat="1">
<core>NULL</core>
<MemPortIdVec></MemPortIdVec>
<condition id="-1">
<or_exp><and_exp></and_exp></or_exp>
</condition>

<Node id="49" bw="0" op_0_bw="0" op_1_bw="0">
<![CDATA[
for.inc46:3 %specloopname_ln0 = specloopname void @_ssdm_op_SpecLoopName, void @initC_VITIS_LOOP_77_1_str

]]></Node>
<StgValue><ssdm name="specloopname_ln0"/></StgValue>
</operation>

<operation id="55" st_id="4" stage="1" lat="1">
<core>NULL</core>
<MemPortIdVec></MemPortIdVec>
<condition id="-1">
<or_exp><and_exp></and_exp></or_exp>
</condition>

<Node id="50" bw="32" op_0_bw="32" op_1_bw="64" op_2_bw="64" op_3_bw="64">
<![CDATA[
for.inc46:4 %empty = speclooptripcount i32 @_ssdm_op_SpecLoopTripCount, i64 38809, i64 38809, i64 38809

]]></Node>
<StgValue><ssdm name="empty"/></StgValue>
</operation>

<operation id="56" st_id="4" stage="1" lat="1">
<core>NULL</core>
<MemPortIdVec></MemPortIdVec>
<condition id="-1">
<or_exp><and_exp></and_exp></or_exp>
</condition>

<Node id="56" bw="0" op_0_bw="0" op_1_bw="32" op_2_bw="32" op_3_bw="32" op_4_bw="32" op_5_bw="0">
<![CDATA[
for.inc46:10 %specpipeline_ln78 = specpipeline void @_ssdm_op_SpecPipeline, i32 1, i32 0, i32 0, i32 0, void @empty_16

]]></Node>
<StgValue><ssdm name="specpipeline_ln78"/></StgValue>
</operation>

<operation id="57" st_id="4" stage="1" lat="1">
<core>NULL</core>
<MemPortIdVec></MemPortIdVec>
<condition id="-1">
<or_exp><and_exp></and_exp></or_exp>
</condition>

<Node id="57" bw="0" op_0_bw="0" op_1_bw="0">
<![CDATA[
for.inc46:11 %specloopname_ln77 = specloopname void @_ssdm_op_SpecLoopName, void @empty_13

]]></Node>
<StgValue><ssdm name="specloopname_ln77"/></StgValue>
</operation>

<operation id="58" st_id="4" stage="1" lat="2">
<core>DSP48</core>
<MemPortIdVec></MemPortIdVec>
<condition id="-1">
<or_exp><and_exp></and_exp></or_exp>
</condition>

<Node id="60" bw="12" op_0_bw="12" op_1_bw="12">
<![CDATA[
for.inc46:14 %add_ln79 = add i12 %mul_ln79, i12 %zext_ln79_1

]]></Node>
<StgValue><ssdm name="add_ln79"/></StgValue>
</operation>

<operation id="59" st_id="4" stage="1" lat="1">
<core>NULL</core>
<MemPortIdVec></MemPortIdVec>
<condition id="-1">
<or_exp><and_exp></and_exp></or_exp>
</condition>

<Node id="61" bw="64" op_0_bw="12">
<![CDATA[
for.inc46:15 %zext_ln79_2 = zext i12 %add_ln79

]]></Node>
<StgValue><ssdm name="zext_ln79_2"/></StgValue>
</operation>

<operation id="60" st_id="4" stage="1" lat="1">
<core>NULL</core>
<MemPortIdVec></MemPortIdVec>
<condition id="-1">
<or_exp><and_exp></and_exp></or_exp>
</condition>

<Node id="62" bw="12" op_0_bw="32" op_1_bw="64" op_2_bw="64">
<![CDATA[
for.inc46:16 %p_ZZ5mmultE6localC_10_addr = getelementptr i32 %p_ZZ5mmultE6localC_10, i64 0, i64 %zext_ln79_2

]]></Node>
<StgValue><ssdm name="p_ZZ5mmultE6localC_10_addr"/></StgValue>
</operation>

<operation id="61" st_id="4" stage="1" lat="1">
<core>NULL</core>
<MemPortIdVec></MemPortIdVec>
<condition id="-1">
<or_exp><and_exp></and_exp></or_exp>
</condition>

<Node id="63" bw="12" op_0_bw="32" op_1_bw="64" op_2_bw="64">
<![CDATA[
for.inc46:17 %p_ZZ5mmultE6localC_11_addr = getelementptr i32 %p_ZZ5mmultE6localC_11, i64 0, i64 %zext_ln79_2

]]></Node>
<StgValue><ssdm name="p_ZZ5mmultE6localC_11_addr"/></StgValue>
</operation>

<operation id="62" st_id="4" stage="1" lat="1">
<core>NULL</core>
<MemPortIdVec></MemPortIdVec>
<condition id="-1">
<or_exp><and_exp></and_exp></or_exp>
</condition>

<Node id="64" bw="12" op_0_bw="32" op_1_bw="64" op_2_bw="64">
<![CDATA[
for.inc46:18 %p_ZZ5mmultE6localC_12_addr = getelementptr i32 %p_ZZ5mmultE6localC_12, i64 0, i64 %zext_ln79_2

]]></Node>
<StgValue><ssdm name="p_ZZ5mmultE6localC_12_addr"/></StgValue>
</operation>

<operation id="63" st_id="4" stage="1" lat="1">
<core>NULL</core>
<MemPortIdVec></MemPortIdVec>
<condition id="-1">
<or_exp><and_exp></and_exp></or_exp>
</condition>

<Node id="65" bw="12" op_0_bw="32" op_1_bw="64" op_2_bw="64">
<![CDATA[
for.inc46:19 %p_ZZ5mmultE6localC_13_addr = getelementptr i32 %p_ZZ5mmultE6localC_13, i64 0, i64 %zext_ln79_2

]]></Node>
<StgValue><ssdm name="p_ZZ5mmultE6localC_13_addr"/></StgValue>
</operation>

<operation id="64" st_id="4" stage="1" lat="1">
<core>NULL</core>
<MemPortIdVec></MemPortIdVec>
<condition id="-1">
<or_exp><and_exp></and_exp></or_exp>
</condition>

<Node id="66" bw="12" op_0_bw="32" op_1_bw="64" op_2_bw="64">
<![CDATA[
for.inc46:20 %p_ZZ5mmultE6localC_14_addr = getelementptr i32 %p_ZZ5mmultE6localC_14, i64 0, i64 %zext_ln79_2

]]></Node>
<StgValue><ssdm name="p_ZZ5mmultE6localC_14_addr"/></StgValue>
</operation>

<operation id="65" st_id="4" stage="1" lat="1">
<core>NULL</core>
<MemPortIdVec></MemPortIdVec>
<condition id="-1">
<or_exp><and_exp></and_exp></or_exp>
</condition>

<Node id="67" bw="12" op_0_bw="32" op_1_bw="64" op_2_bw="64">
<![CDATA[
for.inc46:21 %mmult_localC = getelementptr i32 %p_ZZ5mmultE6localC_15, i64 0, i64 %zext_ln79_2

]]></Node>
<StgValue><ssdm name="mmult_localC"/></StgValue>
</operation>

<operation id="66" st_id="4" stage="1" lat="1">
<core>NULL</core>
<MemPortIdVec></MemPortIdVec>
<condition id="-1">
<or_exp><and_exp></and_exp></or_exp>
</condition>

<Node id="68" bw="12" op_0_bw="32" op_1_bw="64" op_2_bw="64">
<![CDATA[
for.inc46:22 %localC_addr = getelementptr i32 %localC, i64 0, i64 %zext_ln79_2

]]></Node>
<StgValue><ssdm name="localC_addr"/></StgValue>
</operation>

<operation id="67" st_id="4" stage="1" lat="1">
<core>NULL</core>
<MemPortIdVec></MemPortIdVec>
<condition id="-1">
<or_exp><and_exp></and_exp></or_exp>
</condition>

<Node id="69" bw="12" op_0_bw="32" op_1_bw="64" op_2_bw="64">
<![CDATA[
for.inc46:23 %localC_19_addr = getelementptr i32 %localC_19, i64 0, i64 %zext_ln79_2

]]></Node>
<StgValue><ssdm name="localC_19_addr"/></StgValue>
</operation>

<operation id="68" st_id="4" stage="1" lat="1">
<core>NULL</core>
<MemPortIdVec></MemPortIdVec>
<condition id="-1">
<or_exp><and_exp></and_exp></or_exp>
</condition>

<Node id="70" bw="12" op_0_bw="32" op_1_bw="64" op_2_bw="64">
<![CDATA[
for.inc46:24 %localC_20_addr = getelementptr i32 %localC_20, i64 0, i64 %zext_ln79_2

]]></Node>
<StgValue><ssdm name="localC_20_addr"/></StgValue>
</operation>

<operation id="69" st_id="4" stage="1" lat="1">
<core>NULL</core>
<MemPortIdVec></MemPortIdVec>
<condition id="-1">
<or_exp><and_exp></and_exp></or_exp>
</condition>

<Node id="71" bw="12" op_0_bw="32" op_1_bw="64" op_2_bw="64">
<![CDATA[
for.inc46:25 %localC_21_addr = getelementptr i32 %localC_21, i64 0, i64 %zext_ln79_2

]]></Node>
<StgValue><ssdm name="localC_21_addr"/></StgValue>
</operation>

<operation id="70" st_id="4" stage="1" lat="1">
<core>NULL</core>
<MemPortIdVec></MemPortIdVec>
<condition id="-1">
<or_exp><and_exp></and_exp></or_exp>
</condition>

<Node id="72" bw="12" op_0_bw="32" op_1_bw="64" op_2_bw="64">
<![CDATA[
for.inc46:26 %localC_22_addr = getelementptr i32 %localC_22, i64 0, i64 %zext_ln79_2

]]></Node>
<StgValue><ssdm name="localC_22_addr"/></StgValue>
</operation>

<operation id="71" st_id="4" stage="1" lat="1">
<core>NULL</core>
<MemPortIdVec></MemPortIdVec>
<condition id="-1">
<or_exp><and_exp></and_exp></or_exp>
</condition>

<Node id="73" bw="12" op_0_bw="32" op_1_bw="64" op_2_bw="64">
<![CDATA[
for.inc46:27 %localC_23_addr = getelementptr i32 %localC_23, i64 0, i64 %zext_ln79_2

]]></Node>
<StgValue><ssdm name="localC_23_addr"/></StgValue>
</operation>

<operation id="72" st_id="4" stage="1" lat="1">
<core>NULL</core>
<MemPortIdVec></MemPortIdVec>
<condition id="-1">
<or_exp><and_exp></and_exp></or_exp>
</condition>

<Node id="74" bw="12" op_0_bw="32" op_1_bw="64" op_2_bw="64">
<![CDATA[
for.inc46:28 %localC_24_addr = getelementptr i32 %localC_24, i64 0, i64 %zext_ln79_2

]]></Node>
<StgValue><ssdm name="localC_24_addr"/></StgValue>
</operation>

<operation id="73" st_id="4" stage="1" lat="1">
<core>NULL</core>
<MemPortIdVec></MemPortIdVec>
<condition id="-1">
<or_exp><and_exp></and_exp></or_exp>
</condition>

<Node id="75" bw="12" op_0_bw="32" op_1_bw="64" op_2_bw="64">
<![CDATA[
for.inc46:29 %localC_25_addr = getelementptr i32 %localC_25, i64 0, i64 %zext_ln79_2

]]></Node>
<StgValue><ssdm name="localC_25_addr"/></StgValue>
</operation>

<operation id="74" st_id="4" stage="1" lat="1">
<core>NULL</core>
<MemPortIdVec></MemPortIdVec>
<condition id="-1">
<or_exp><and_exp></and_exp></or_exp>
</condition>

<Node id="76" bw="12" op_0_bw="32" op_1_bw="64" op_2_bw="64">
<![CDATA[
for.inc46:30 %localC_26_addr = getelementptr i32 %localC_26, i64 0, i64 %zext_ln79_2

]]></Node>
<StgValue><ssdm name="localC_26_addr"/></StgValue>
</operation>

<operation id="75" st_id="4" stage="1" lat="1">
<core>NULL</core>
<MemPortIdVec></MemPortIdVec>
<condition id="-1">
<or_exp><and_exp></and_exp></or_exp>
</condition>

<Node id="77" bw="12" op_0_bw="32" op_1_bw="64" op_2_bw="64">
<![CDATA[
for.inc46:31 %localC_27_addr = getelementptr i32 %localC_27, i64 0, i64 %zext_ln79_2

]]></Node>
<StgValue><ssdm name="localC_27_addr"/></StgValue>
</operation>

<operation id="76" st_id="4" stage="1" lat="1">
<core>RAM_2P_BRAM</core>
<MemPortIdVec></MemPortIdVec>
<condition id="-1">
<or_exp><and_exp><literal name="trunc_ln79" val="-2"/>
</and_exp></or_exp>
</condition>

<Node id="81" bw="0" op_0_bw="32" op_1_bw="12">
<![CDATA[
arrayidx4226.case.14:0 %store_ln79 = store i32 0, i12 %p_ZZ5mmultE6localC_14_addr

]]></Node>
<StgValue><ssdm name="store_ln79"/></StgValue>
</operation>

<operation id="77" st_id="4" stage="1" lat="1">
<core>NULL</core>
<MemPortIdVec></MemPortIdVec>
<condition id="-1">
<or_exp><and_exp><literal name="trunc_ln79" val="-2"/>
</and_exp></or_exp>
</condition>

<Node id="82" bw="0" op_0_bw="0">
<![CDATA[
arrayidx4226.case.14:1 %br_ln79 = br void %arrayidx4226.exit

]]></Node>
<StgValue><ssdm name="br_ln79"/></StgValue>
</operation>

<operation id="78" st_id="4" stage="1" lat="1">
<core>RAM_2P_BRAM</core>
<MemPortIdVec></MemPortIdVec>
<condition id="-1">
<or_exp><and_exp><literal name="trunc_ln79" val="-3"/>
</and_exp></or_exp>
</condition>

<Node id="84" bw="0" op_0_bw="32" op_1_bw="12">
<![CDATA[
arrayidx4226.case.13:0 %store_ln79 = store i32 0, i12 %p_ZZ5mmultE6localC_13_addr

]]></Node>
<StgValue><ssdm name="store_ln79"/></StgValue>
</operation>

<operation id="79" st_id="4" stage="1" lat="1">
<core>NULL</core>
<MemPortIdVec></MemPortIdVec>
<condition id="-1">
<or_exp><and_exp><literal name="trunc_ln79" val="-3"/>
</and_exp></or_exp>
</condition>

<Node id="85" bw="0" op_0_bw="0">
<![CDATA[
arrayidx4226.case.13:1 %br_ln79 = br void %arrayidx4226.exit

]]></Node>
<StgValue><ssdm name="br_ln79"/></StgValue>
</operation>

<operation id="80" st_id="4" stage="1" lat="1">
<core>RAM_2P_BRAM</core>
<MemPortIdVec></MemPortIdVec>
<condition id="-1">
<or_exp><and_exp><literal name="trunc_ln79" val="-4"/>
</and_exp></or_exp>
</condition>

<Node id="87" bw="0" op_0_bw="32" op_1_bw="12">
<![CDATA[
arrayidx4226.case.12:0 %store_ln79 = store i32 0, i12 %p_ZZ5mmultE6localC_12_addr

]]></Node>
<StgValue><ssdm name="store_ln79"/></StgValue>
</operation>

<operation id="81" st_id="4" stage="1" lat="1">
<core>NULL</core>
<MemPortIdVec></MemPortIdVec>
<condition id="-1">
<or_exp><and_exp><literal name="trunc_ln79" val="-4"/>
</and_exp></or_exp>
</condition>

<Node id="88" bw="0" op_0_bw="0">
<![CDATA[
arrayidx4226.case.12:1 %br_ln79 = br void %arrayidx4226.exit

]]></Node>
<StgValue><ssdm name="br_ln79"/></StgValue>
</operation>

<operation id="82" st_id="4" stage="1" lat="1">
<core>RAM_2P_BRAM</core>
<MemPortIdVec></MemPortIdVec>
<condition id="-1">
<or_exp><and_exp><literal name="trunc_ln79" val="-5"/>
</and_exp></or_exp>
</condition>

<Node id="90" bw="0" op_0_bw="32" op_1_bw="12">
<![CDATA[
arrayidx4226.case.11:0 %store_ln79 = store i32 0, i12 %p_ZZ5mmultE6localC_11_addr

]]></Node>
<StgValue><ssdm name="store_ln79"/></StgValue>
</operation>

<operation id="83" st_id="4" stage="1" lat="1">
<core>NULL</core>
<MemPortIdVec></MemPortIdVec>
<condition id="-1">
<or_exp><and_exp><literal name="trunc_ln79" val="-5"/>
</and_exp></or_exp>
</condition>

<Node id="91" bw="0" op_0_bw="0">
<![CDATA[
arrayidx4226.case.11:1 %br_ln79 = br void %arrayidx4226.exit

]]></Node>
<StgValue><ssdm name="br_ln79"/></StgValue>
</operation>

<operation id="84" st_id="4" stage="1" lat="1">
<core>RAM_2P_BRAM</core>
<MemPortIdVec></MemPortIdVec>
<condition id="-1">
<or_exp><and_exp><literal name="trunc_ln79" val="-6"/>
</and_exp></or_exp>
</condition>

<Node id="93" bw="0" op_0_bw="32" op_1_bw="12">
<![CDATA[
arrayidx4226.case.10:0 %store_ln79 = store i32 0, i12 %p_ZZ5mmultE6localC_10_addr

]]></Node>
<StgValue><ssdm name="store_ln79"/></StgValue>
</operation>

<operation id="85" st_id="4" stage="1" lat="1">
<core>NULL</core>
<MemPortIdVec></MemPortIdVec>
<condition id="-1">
<or_exp><and_exp><literal name="trunc_ln79" val="-6"/>
</and_exp></or_exp>
</condition>

<Node id="94" bw="0" op_0_bw="0">
<![CDATA[
arrayidx4226.case.10:1 %br_ln79 = br void %arrayidx4226.exit

]]></Node>
<StgValue><ssdm name="br_ln79"/></StgValue>
</operation>

<operation id="86" st_id="4" stage="1" lat="1">
<core>RAM_2P_BRAM</core>
<MemPortIdVec></MemPortIdVec>
<condition id="-1">
<or_exp><and_exp><literal name="trunc_ln79" val="-7"/>
</and_exp></or_exp>
</condition>

<Node id="96" bw="0" op_0_bw="32" op_1_bw="12">
<![CDATA[
arrayidx4226.case.9:0 %store_ln79 = store i32 0, i12 %localC_27_addr

]]></Node>
<StgValue><ssdm name="store_ln79"/></StgValue>
</operation>

<operation id="87" st_id="4" stage="1" lat="1">
<core>NULL</core>
<MemPortIdVec></MemPortIdVec>
<condition id="-1">
<or_exp><and_exp><literal name="trunc_ln79" val="-7"/>
</and_exp></or_exp>
</condition>

<Node id="97" bw="0" op_0_bw="0">
<![CDATA[
arrayidx4226.case.9:1 %br_ln79 = br void %arrayidx4226.exit

]]></Node>
<StgValue><ssdm name="br_ln79"/></StgValue>
</operation>

<operation id="88" st_id="4" stage="1" lat="1">
<core>RAM_2P_BRAM</core>
<MemPortIdVec></MemPortIdVec>
<condition id="-1">
<or_exp><and_exp><literal name="trunc_ln79" val="-8"/>
</and_exp></or_exp>
</condition>

<Node id="99" bw="0" op_0_bw="32" op_1_bw="12">
<![CDATA[
arrayidx4226.case.8:0 %store_ln79 = store i32 0, i12 %localC_26_addr

]]></Node>
<StgValue><ssdm name="store_ln79"/></StgValue>
</operation>

<operation id="89" st_id="4" stage="1" lat="1">
<core>NULL</core>
<MemPortIdVec></MemPortIdVec>
<condition id="-1">
<or_exp><and_exp><literal name="trunc_ln79" val="-8"/>
</and_exp></or_exp>
</condition>

<Node id="100" bw="0" op_0_bw="0">
<![CDATA[
arrayidx4226.case.8:1 %br_ln79 = br void %arrayidx4226.exit

]]></Node>
<StgValue><ssdm name="br_ln79"/></StgValue>
</operation>

<operation id="90" st_id="4" stage="1" lat="1">
<core>RAM_2P_BRAM</core>
<MemPortIdVec></MemPortIdVec>
<condition id="-1">
<or_exp><and_exp><literal name="trunc_ln79" val="7"/>
</and_exp></or_exp>
</condition>

<Node id="102" bw="0" op_0_bw="32" op_1_bw="12">
<![CDATA[
arrayidx4226.case.7:0 %store_ln79 = store i32 0, i12 %localC_25_addr

]]></Node>
<StgValue><ssdm name="store_ln79"/></StgValue>
</operation>

<operation id="91" st_id="4" stage="1" lat="1">
<core>NULL</core>
<MemPortIdVec></MemPortIdVec>
<condition id="-1">
<or_exp><and_exp><literal name="trunc_ln79" val="7"/>
</and_exp></or_exp>
</condition>

<Node id="103" bw="0" op_0_bw="0">
<![CDATA[
arrayidx4226.case.7:1 %br_ln79 = br void %arrayidx4226.exit

]]></Node>
<StgValue><ssdm name="br_ln79"/></StgValue>
</operation>

<operation id="92" st_id="4" stage="1" lat="1">
<core>RAM_2P_BRAM</core>
<MemPortIdVec></MemPortIdVec>
<condition id="-1">
<or_exp><and_exp><literal name="trunc_ln79" val="6"/>
</and_exp></or_exp>
</condition>

<Node id="105" bw="0" op_0_bw="32" op_1_bw="12">
<![CDATA[
arrayidx4226.case.6:0 %store_ln79 = store i32 0, i12 %localC_24_addr

]]></Node>
<StgValue><ssdm name="store_ln79"/></StgValue>
</operation>

<operation id="93" st_id="4" stage="1" lat="1">
<core>NULL</core>
<MemPortIdVec></MemPortIdVec>
<condition id="-1">
<or_exp><and_exp><literal name="trunc_ln79" val="6"/>
</and_exp></or_exp>
</condition>

<Node id="106" bw="0" op_0_bw="0">
<![CDATA[
arrayidx4226.case.6:1 %br_ln79 = br void %arrayidx4226.exit

]]></Node>
<StgValue><ssdm name="br_ln79"/></StgValue>
</operation>

<operation id="94" st_id="4" stage="1" lat="1">
<core>RAM_2P_BRAM</core>
<MemPortIdVec></MemPortIdVec>
<condition id="-1">
<or_exp><and_exp><literal name="trunc_ln79" val="5"/>
</and_exp></or_exp>
</condition>

<Node id="108" bw="0" op_0_bw="32" op_1_bw="12">
<![CDATA[
arrayidx4226.case.5:0 %store_ln79 = store i32 0, i12 %localC_23_addr

]]></Node>
<StgValue><ssdm name="store_ln79"/></StgValue>
</operation>

<operation id="95" st_id="4" stage="1" lat="1">
<core>NULL</core>
<MemPortIdVec></MemPortIdVec>
<condition id="-1">
<or_exp><and_exp><literal name="trunc_ln79" val="5"/>
</and_exp></or_exp>
</condition>

<Node id="109" bw="0" op_0_bw="0">
<![CDATA[
arrayidx4226.case.5:1 %br_ln79 = br void %arrayidx4226.exit

]]></Node>
<StgValue><ssdm name="br_ln79"/></StgValue>
</operation>

<operation id="96" st_id="4" stage="1" lat="1">
<core>RAM_2P_BRAM</core>
<MemPortIdVec></MemPortIdVec>
<condition id="-1">
<or_exp><and_exp><literal name="trunc_ln79" val="4"/>
</and_exp></or_exp>
</condition>

<Node id="111" bw="0" op_0_bw="32" op_1_bw="12">
<![CDATA[
arrayidx4226.case.4:0 %store_ln79 = store i32 0, i12 %localC_22_addr

]]></Node>
<StgValue><ssdm name="store_ln79"/></StgValue>
</operation>

<operation id="97" st_id="4" stage="1" lat="1">
<core>NULL</core>
<MemPortIdVec></MemPortIdVec>
<condition id="-1">
<or_exp><and_exp><literal name="trunc_ln79" val="4"/>
</and_exp></or_exp>
</condition>

<Node id="112" bw="0" op_0_bw="0">
<![CDATA[
arrayidx4226.case.4:1 %br_ln79 = br void %arrayidx4226.exit

]]></Node>
<StgValue><ssdm name="br_ln79"/></StgValue>
</operation>

<operation id="98" st_id="4" stage="1" lat="1">
<core>RAM_2P_BRAM</core>
<MemPortIdVec></MemPortIdVec>
<condition id="-1">
<or_exp><and_exp><literal name="trunc_ln79" val="3"/>
</and_exp></or_exp>
</condition>

<Node id="114" bw="0" op_0_bw="32" op_1_bw="12">
<![CDATA[
arrayidx4226.case.3:0 %store_ln79 = store i32 0, i12 %localC_21_addr

]]></Node>
<StgValue><ssdm name="store_ln79"/></StgValue>
</operation>

<operation id="99" st_id="4" stage="1" lat="1">
<core>NULL</core>
<MemPortIdVec></MemPortIdVec>
<condition id="-1">
<or_exp><and_exp><literal name="trunc_ln79" val="3"/>
</and_exp></or_exp>
</condition>

<Node id="115" bw="0" op_0_bw="0">
<![CDATA[
arrayidx4226.case.3:1 %br_ln79 = br void %arrayidx4226.exit

]]></Node>
<StgValue><ssdm name="br_ln79"/></StgValue>
</operation>

<operation id="100" st_id="4" stage="1" lat="1">
<core>RAM_2P_BRAM</core>
<MemPortIdVec></MemPortIdVec>
<condition id="-1">
<or_exp><and_exp><literal name="trunc_ln79" val="2"/>
</and_exp></or_exp>
</condition>

<Node id="117" bw="0" op_0_bw="32" op_1_bw="12">
<![CDATA[
arrayidx4226.case.2:0 %store_ln79 = store i32 0, i12 %localC_20_addr

]]></Node>
<StgValue><ssdm name="store_ln79"/></StgValue>
</operation>

<operation id="101" st_id="4" stage="1" lat="1">
<core>NULL</core>
<MemPortIdVec></MemPortIdVec>
<condition id="-1">
<or_exp><and_exp><literal name="trunc_ln79" val="2"/>
</and_exp></or_exp>
</condition>

<Node id="118" bw="0" op_0_bw="0">
<![CDATA[
arrayidx4226.case.2:1 %br_ln79 = br void %arrayidx4226.exit

]]></Node>
<StgValue><ssdm name="br_ln79"/></StgValue>
</operation>

<operation id="102" st_id="4" stage="1" lat="1">
<core>RAM_2P_BRAM</core>
<MemPortIdVec></MemPortIdVec>
<condition id="-1">
<or_exp><and_exp><literal name="trunc_ln79" val="1"/>
</and_exp></or_exp>
</condition>

<Node id="120" bw="0" op_0_bw="32" op_1_bw="12">
<![CDATA[
arrayidx4226.case.1:0 %store_ln79 = store i32 0, i12 %localC_19_addr

]]></Node>
<StgValue><ssdm name="store_ln79"/></StgValue>
</operation>

<operation id="103" st_id="4" stage="1" lat="1">
<core>NULL</core>
<MemPortIdVec></MemPortIdVec>
<condition id="-1">
<or_exp><and_exp><literal name="trunc_ln79" val="1"/>
</and_exp></or_exp>
</condition>

<Node id="121" bw="0" op_0_bw="0">
<![CDATA[
arrayidx4226.case.1:1 %br_ln79 = br void %arrayidx4226.exit

]]></Node>
<StgValue><ssdm name="br_ln79"/></StgValue>
</operation>

<operation id="104" st_id="4" stage="1" lat="1">
<core>RAM_2P_BRAM</core>
<MemPortIdVec></MemPortIdVec>
<condition id="-1">
<or_exp><and_exp><literal name="trunc_ln79" val="0"/>
</and_exp></or_exp>
</condition>

<Node id="123" bw="0" op_0_bw="32" op_1_bw="12">
<![CDATA[
arrayidx4226.case.0:0 %store_ln79 = store i32 0, i12 %localC_addr

]]></Node>
<StgValue><ssdm name="store_ln79"/></StgValue>
</operation>

<operation id="105" st_id="4" stage="1" lat="1">
<core>NULL</core>
<MemPortIdVec></MemPortIdVec>
<condition id="-1">
<or_exp><and_exp><literal name="trunc_ln79" val="0"/>
</and_exp></or_exp>
</condition>

<Node id="124" bw="0" op_0_bw="0">
<![CDATA[
arrayidx4226.case.0:1 %br_ln79 = br void %arrayidx4226.exit

]]></Node>
<StgValue><ssdm name="br_ln79"/></StgValue>
</operation>

<operation id="106" st_id="4" stage="1" lat="1">
<core>RAM_2P_BRAM</core>
<MemPortIdVec></MemPortIdVec>
<condition id="-1">
<or_exp><and_exp><literal name="trunc_ln79" val="-1"/>
</and_exp></or_exp>
</condition>

<Node id="126" bw="0" op_0_bw="32" op_1_bw="12">
<![CDATA[
arrayidx4226.case.15:0 %store_ln79 = store i32 0, i12 %mmult_localC

]]></Node>
<StgValue><ssdm name="store_ln79"/></StgValue>
</operation>

<operation id="107" st_id="4" stage="1" lat="1">
<core>NULL</core>
<MemPortIdVec></MemPortIdVec>
<condition id="-1">
<or_exp><and_exp><literal name="trunc_ln79" val="-1"/>
</and_exp></or_exp>
</condition>

<Node id="127" bw="0" op_0_bw="0">
<![CDATA[
arrayidx4226.case.15:1 %br_ln79 = br void %arrayidx4226.exit

]]></Node>
<StgValue><ssdm name="br_ln79"/></StgValue>
</operation>
</state>
</state_list>


<ports>
</ports>


<dataflows>
</dataflows>


</stg>
