,AESL_inst_mmult,,module_status1.csv
,grp_mmult_Pipeline_readA_fu_23498,,module_status2.csv
,grp_mmult_Pipeline_readB_fu_23634,,module_status3.csv
,grp_mmult_Pipeline_initC_VITIS_LOOP_77_1_fu_23674,,module_status4.csv
,grp_mmult_Pipeline_init_inC_fu_23710,,module_status5.csv
,grp_mmult_Pipeline_read_subA_fu_24226,,module_status6.csv
,grp_mmult_Pipeline_read_subB_fu_24423,,module_status7.csv
,grp_mmult_Pipeline_init_inAB_fu_26519,,module_status8.csv
,grp_mmult_Pipeline_VITIS_LOOP_173_7_fu_27483,,module_status9.csv
,grp_mmult_Pipeline_VITIS_LOOP_223_16_fu_31135,,module_status10.csv
,grp_mmult_Pipeline_writeC_fu_31440,,module_status11.csv
